日期,关键词,当天出现总次数,网站,搜索词,月份
20250106,新闻数量,2,人民网,能源互联网,202501
20250106,多能互补,0,人民网,能源互联网,202501
20250106,碳中和,0,人民网,能源互联网,202501
20250106,碳达峰,0,人民网,能源互联网,202501
20250106,柔性输电,0,人民网,能源互联网,202501
20250106,综合能源,0,人民网,能源互联网,202501
20250106,氢能,0,人民网,能源互联网,202501
20250106,电动汽车,0,人民网,能源互联网,202501
20250106,分布式交易,0,人民网,能源互联网,202501
20250106,微网,0,人民网,能源互联网,202501
20250106,新型电力系统,0,人民网,能源互联网,202501
20250106,储能,0,人民网,能源互联网,202501
20250106,CCHP,0,人民网,能源互联网,202501
20250106,燃料电池,0,人民网,能源互联网,202501
20250106,能源物联网,0,人民网,能源互联网,202501
20250106,能源大数据,0,人民网,能源互联网,202501
20250106,电力交易,0,人民网,能源互联网,202501
20250106,能效,0,人民网,能源互联网,202501
20250106,节能,0,人民网,能源互联网,202501
20250106,区块链,0,人民网,能源互联网,202501
20250106,虚拟电厂,0,人民网,能源互联网,202501
20250106,能量路由器,0,人民网,能源互联网,202501
20250106,多能流,0,人民网,能源互联网,202501
20250106,需求侧,0,人民网,能源互联网,202501
20250106,抽水蓄能,0,人民网,能源互联网,202501
20250106,电化学储能,0,人民网,能源互联网,202501
20250107,新闻数量,3,人民网,能源互联网,202501
20250107,多能互补,0,人民网,能源互联网,202501
20250107,碳中和,0,人民网,能源互联网,202501
20250107,碳达峰,0,人民网,能源互联网,202501
20250107,柔性输电,0,人民网,能源互联网,202501
20250107,综合能源,0,人民网,能源互联网,202501
20250107,氢能,0,人民网,能源互联网,202501
20250107,电动汽车,0,人民网,能源互联网,202501
20250107,分布式交易,0,人民网,能源互联网,202501
20250107,微网,0,人民网,能源互联网,202501
20250107,新型电力系统,0,人民网,能源互联网,202501
20250107,储能,0,人民网,能源互联网,202501
20250107,CCHP,0,人民网,能源互联网,202501
20250107,燃料电池,0,人民网,能源互联网,202501
20250107,能源物联网,0,人民网,能源互联网,202501
20250107,能源大数据,0,人民网,能源互联网,202501
20250107,电力交易,0,人民网,能源互联网,202501
20250107,能效,0,人民网,能源互联网,202501
20250107,节能,0,人民网,能源互联网,202501
20250107,区块链,0,人民网,能源互联网,202501
20250107,虚拟电厂,0,人民网,能源互联网,202501
20250107,能量路由器,0,人民网,能源互联网,202501
20250107,多能流,0,人民网,能源互联网,202501
20250107,需求侧,0,人民网,能源互联网,202501
20250107,抽水蓄能,0,人民网,能源互联网,202501
20250107,电化学储能,0,人民网,能源互联网,202501
20250111,新闻数量,1,人民网,能源互联网,202501
20250111,多能互补,0,人民网,能源互联网,202501
20250111,碳中和,0,人民网,能源互联网,202501
20250111,碳达峰,0,人民网,能源互联网,202501
20250111,柔性输电,0,人民网,能源互联网,202501
20250111,综合能源,0,人民网,能源互联网,202501
20250111,氢能,0,人民网,能源互联网,202501
20250111,电动汽车,0,人民网,能源互联网,202501
20250111,分布式交易,0,人民网,能源互联网,202501
20250111,微网,0,人民网,能源互联网,202501
20250111,新型电力系统,0,人民网,能源互联网,202501
20250111,储能,1,人民网,能源互联网,202501
20250111,CCHP,0,人民网,能源互联网,202501
20250111,燃料电池,0,人民网,能源互联网,202501
20250111,能源物联网,0,人民网,能源互联网,202501
20250111,能源大数据,0,人民网,能源互联网,202501
20250111,电力交易,0,人民网,能源互联网,202501
20250111,能效,0,人民网,能源互联网,202501
20250111,节能,0,人民网,能源互联网,202501
20250111,区块链,0,人民网,能源互联网,202501
20250111,虚拟电厂,0,人民网,能源互联网,202501
20250111,能量路由器,0,人民网,能源互联网,202501
20250111,多能流,0,人民网,能源互联网,202501
20250111,需求侧,0,人民网,能源互联网,202501
20250111,抽水蓄能,0,人民网,能源互联网,202501
20250111,电化学储能,0,人民网,能源互联网,202501
20250115,新闻数量,1,人民网,能源互联网,202501
20250115,多能互补,0,人民网,能源互联网,202501
20250115,碳中和,0,人民网,能源互联网,202501
20250115,碳达峰,0,人民网,能源互联网,202501
20250115,柔性输电,0,人民网,能源互联网,202501
20250115,综合能源,0,人民网,能源互联网,202501
20250115,氢能,0,人民网,能源互联网,202501
20250115,电动汽车,0,人民网,能源互联网,202501
20250115,分布式交易,0,人民网,能源互联网,202501
20250115,微网,0,人民网,能源互联网,202501
20250115,新型电力系统,0,人民网,能源互联网,202501
20250115,储能,0,人民网,能源互联网,202501
20250115,CCHP,0,人民网,能源互联网,202501
20250115,燃料电池,0,人民网,能源互联网,202501
20250115,能源物联网,0,人民网,能源互联网,202501
20250115,能源大数据,0,人民网,能源互联网,202501
20250115,电力交易,0,人民网,能源互联网,202501
20250115,能效,0,人民网,能源互联网,202501
20250115,节能,0,人民网,能源互联网,202501
20250115,区块链,0,人民网,能源互联网,202501
20250115,虚拟电厂,0,人民网,能源互联网,202501
20250115,能量路由器,0,人民网,能源互联网,202501
20250115,多能流,0,人民网,能源互联网,202501
20250115,需求侧,0,人民网,能源互联网,202501
20250115,抽水蓄能,0,人民网,能源互联网,202501
20250115,电化学储能,0,人民网,能源互联网,202501
20250116,新闻数量,1,人民网,能源互联网,202501
20250116,多能互补,0,人民网,能源互联网,202501
20250116,碳中和,1,人民网,能源互联网,202501
20250116,碳达峰,0,人民网,能源互联网,202501
20250116,柔性输电,0,人民网,能源互联网,202501
20250116,综合能源,0,人民网,能源互联网,202501
20250116,氢能,0,人民网,能源互联网,202501
20250116,电动汽车,0,人民网,能源互联网,202501
20250116,分布式交易,0,人民网,能源互联网,202501
20250116,微网,0,人民网,能源互联网,202501
20250116,新型电力系统,1,人民网,能源互联网,202501
20250116,储能,0,人民网,能源互联网,202501
20250116,CCHP,0,人民网,能源互联网,202501
20250116,燃料电池,0,人民网,能源互联网,202501
20250116,能源物联网,0,人民网,能源互联网,202501
20250116,能源大数据,0,人民网,能源互联网,202501
20250116,电力交易,0,人民网,能源互联网,202501
20250116,能效,0,人民网,能源互联网,202501
20250116,节能,0,人民网,能源互联网,202501
20250116,区块链,0,人民网,能源互联网,202501
20250116,虚拟电厂,0,人民网,能源互联网,202501
20250116,能量路由器,0,人民网,能源互联网,202501
20250116,多能流,0,人民网,能源互联网,202501
20250116,需求侧,0,人民网,能源互联网,202501
20250116,抽水蓄能,0,人民网,能源互联网,202501
20250116,电化学储能,0,人民网,能源互联网,202501
20250118,新闻数量,1,人民网,能源互联网,202501
20250118,多能互补,0,人民网,能源互联网,202501
20250118,碳中和,0,人民网,能源互联网,202501
20250118,碳达峰,0,人民网,能源互联网,202501
20250118,柔性输电,0,人民网,能源互联网,202501
20250118,综合能源,0,人民网,能源互联网,202501
20250118,氢能,1,人民网,能源互联网,202501
20250118,电动汽车,0,人民网,能源互联网,202501
20250118,分布式交易,0,人民网,能源互联网,202501
20250118,微网,0,人民网,能源互联网,202501
20250118,新型电力系统,0,人民网,能源互联网,202501
20250118,储能,1,人民网,能源互联网,202501
20250118,CCHP,0,人民网,能源互联网,202501
20250118,燃料电池,0,人民网,能源互联网,202501
20250118,能源物联网,0,人民网,能源互联网,202501
20250118,能源大数据,0,人民网,能源互联网,202501
20250118,电力交易,0,人民网,能源互联网,202501
20250118,能效,0,人民网,能源互联网,202501
20250118,节能,0,人民网,能源互联网,202501
20250118,区块链,0,人民网,能源互联网,202501
20250118,虚拟电厂,0,人民网,能源互联网,202501
20250118,能量路由器,0,人民网,能源互联网,202501
20250118,多能流,0,人民网,能源互联网,202501
20250118,需求侧,0,人民网,能源互联网,202501
20250118,抽水蓄能,0,人民网,能源互联网,202501
20250118,电化学储能,0,人民网,能源互联网,202501
20250119,新闻数量,1,人民网,能源互联网,202501
20250119,多能互补,0,人民网,能源互联网,202501
20250119,碳中和,0,人民网,能源互联网,202501
20250119,碳达峰,0,人民网,能源互联网,202501
20250119,柔性输电,0,人民网,能源互联网,202501
20250119,综合能源,0,人民网,能源互联网,202501
20250119,氢能,0,人民网,能源互联网,202501
20250119,电动汽车,0,人民网,能源互联网,202501
20250119,分布式交易,0,人民网,能源互联网,202501
20250119,微网,0,人民网,能源互联网,202501
20250119,新型电力系统,0,人民网,能源互联网,202501
20250119,储能,0,人民网,能源互联网,202501
20250119,CCHP,0,人民网,能源互联网,202501
20250119,燃料电池,0,人民网,能源互联网,202501
20250119,能源物联网,0,人民网,能源互联网,202501
20250119,能源大数据,0,人民网,能源互联网,202501
20250119,电力交易,0,人民网,能源互联网,202501
20250119,能效,0,人民网,能源互联网,202501
20250119,节能,0,人民网,能源互联网,202501
20250119,区块链,0,人民网,能源互联网,202501
20250119,虚拟电厂,0,人民网,能源互联网,202501
20250119,能量路由器,0,人民网,能源互联网,202501
20250119,多能流,0,人民网,能源互联网,202501
20250119,需求侧,0,人民网,能源互联网,202501
20250119,抽水蓄能,0,人民网,能源互联网,202501
20250119,电化学储能,0,人民网,能源互联网,202501
20250121,新闻数量,1,人民网,能源互联网,202501
20250121,多能互补,0,人民网,能源互联网,202501
20250121,碳中和,0,人民网,能源互联网,202501
20250121,碳达峰,0,人民网,能源互联网,202501
20250121,柔性输电,0,人民网,能源互联网,202501
20250121,综合能源,0,人民网,能源互联网,202501
20250121,氢能,0,人民网,能源互联网,202501
20250121,电动汽车,0,人民网,能源互联网,202501
20250121,分布式交易,0,人民网,能源互联网,202501
20250121,微网,0,人民网,能源互联网,202501
20250121,新型电力系统,0,人民网,能源互联网,202501
20250121,储能,0,人民网,能源互联网,202501
20250121,CCHP,0,人民网,能源互联网,202501
20250121,燃料电池,0,人民网,能源互联网,202501
20250121,能源物联网,0,人民网,能源互联网,202501
20250121,能源大数据,0,人民网,能源互联网,202501
20250121,电力交易,0,人民网,能源互联网,202501
20250121,能效,0,人民网,能源互联网,202501
20250121,节能,1,人民网,能源互联网,202501
20250121,区块链,0,人民网,能源互联网,202501
20250121,虚拟电厂,0,人民网,能源互联网,202501
20250121,能量路由器,0,人民网,能源互联网,202501
20250121,多能流,0,人民网,能源互联网,202501
20250121,需求侧,0,人民网,能源互联网,202501
20250121,抽水蓄能,0,人民网,能源互联网,202501
20250121,电化学储能,0,人民网,能源互联网,202501
20250124,新闻数量,1,人民网,能源互联网,202501
20250124,多能互补,0,人民网,能源互联网,202501
20250124,碳中和,0,人民网,能源互联网,202501
20250124,碳达峰,0,人民网,能源互联网,202501
20250124,柔性输电,0,人民网,能源互联网,202501
20250124,综合能源,0,人民网,能源互联网,202501
20250124,氢能,0,人民网,能源互联网,202501
20250124,电动汽车,1,人民网,能源互联网,202501
20250124,分布式交易,0,人民网,能源互联网,202501
20250124,微网,0,人民网,能源互联网,202501
20250124,新型电力系统,0,人民网,能源互联网,202501
20250124,储能,11,人民网,能源互联网,202501
20250124,CCHP,0,人民网,能源互联网,202501
20250124,燃料电池,0,人民网,能源互联网,202501
20250124,能源物联网,0,人民网,能源互联网,202501
20250124,能源大数据,0,人民网,能源互联网,202501
20250124,电力交易,0,人民网,能源互联网,202501
20250124,能效,3,人民网,能源互联网,202501
20250124,节能,1,人民网,能源互联网,202501
20250124,区块链,0,人民网,能源互联网,202501
20250124,虚拟电厂,0,人民网,能源互联网,202501
20250124,能量路由器,0,人民网,能源互联网,202501
20250124,多能流,0,人民网,能源互联网,202501
20250124,需求侧,0,人民网,能源互联网,202501
20250124,抽水蓄能,7,人民网,能源互联网,202501
20250124,电化学储能,1,人民网,能源互联网,202501
20250211,新闻数量,1,人民网,能源互联网,202502
20250211,多能互补,0,人民网,能源互联网,202502
20250211,碳中和,0,人民网,能源互联网,202502
20250211,碳达峰,0,人民网,能源互联网,202502
20250211,柔性输电,0,人民网,能源互联网,202502
20250211,综合能源,0,人民网,能源互联网,202502
20250211,氢能,0,人民网,能源互联网,202502
20250211,电动汽车,0,人民网,能源互联网,202502
20250211,分布式交易,0,人民网,能源互联网,202502
20250211,微网,0,人民网,能源互联网,202502
20250211,新型电力系统,0,人民网,能源互联网,202502
20250211,储能,0,人民网,能源互联网,202502
20250211,CCHP,0,人民网,能源互联网,202502
20250211,燃料电池,0,人民网,能源互联网,202502
20250211,能源物联网,0,人民网,能源互联网,202502
20250211,能源大数据,0,人民网,能源互联网,202502
20250211,电力交易,0,人民网,能源互联网,202502
20250211,能效,0,人民网,能源互联网,202502
20250211,节能,0,人民网,能源互联网,202502
20250211,区块链,0,人民网,能源互联网,202502
20250211,虚拟电厂,0,人民网,能源互联网,202502
20250211,能量路由器,0,人民网,能源互联网,202502
20250211,多能流,0,人民网,能源互联网,202502
20250211,需求侧,0,人民网,能源互联网,202502
20250211,抽水蓄能,0,人民网,能源互联网,202502
20250211,电化学储能,0,人民网,能源互联网,202502
20250213,新闻数量,1,人民网,能源互联网,202502
20250213,多能互补,0,人民网,能源互联网,202502
20250213,碳中和,0,人民网,能源互联网,202502
20250213,碳达峰,0,人民网,能源互联网,202502
20250213,柔性输电,0,人民网,能源互联网,202502
20250213,综合能源,0,人民网,能源互联网,202502
20250213,氢能,0,人民网,能源互联网,202502
20250213,电动汽车,0,人民网,能源互联网,202502
20250213,分布式交易,0,人民网,能源互联网,202502
20250213,微网,0,人民网,能源互联网,202502
20250213,新型电力系统,0,人民网,能源互联网,202502
20250213,储能,0,人民网,能源互联网,202502
20250213,CCHP,0,人民网,能源互联网,202502
20250213,燃料电池,0,人民网,能源互联网,202502
20250213,能源物联网,0,人民网,能源互联网,202502
20250213,能源大数据,0,人民网,能源互联网,202502
20250213,电力交易,0,人民网,能源互联网,202502
20250213,能效,2,人民网,能源互联网,202502
20250213,节能,6,人民网,能源互联网,202502
20250213,区块链,0,人民网,能源互联网,202502
20250213,虚拟电厂,0,人民网,能源互联网,202502
20250213,能量路由器,0,人民网,能源互联网,202502
20250213,多能流,0,人民网,能源互联网,202502
20250213,需求侧,0,人民网,能源互联网,202502
20250213,抽水蓄能,0,人民网,能源互联网,202502
20250213,电化学储能,0,人民网,能源互联网,202502
20250214,新闻数量,1,人民网,能源互联网,202502
20250214,多能互补,0,人民网,能源互联网,202502
20250214,碳中和,0,人民网,能源互联网,202502
20250214,碳达峰,0,人民网,能源互联网,202502
20250214,柔性输电,0,人民网,能源互联网,202502
20250214,综合能源,0,人民网,能源互联网,202502
20250214,氢能,1,人民网,能源互联网,202502
20250214,电动汽车,0,人民网,能源互联网,202502
20250214,分布式交易,0,人民网,能源互联网,202502
20250214,微网,0,人民网,能源互联网,202502
20250214,新型电力系统,0,人民网,能源互联网,202502
20250214,储能,0,人民网,能源互联网,202502
20250214,CCHP,0,人民网,能源互联网,202502
20250214,燃料电池,0,人民网,能源互联网,202502
20250214,能源物联网,0,人民网,能源互联网,202502
20250214,能源大数据,0,人民网,能源互联网,202502
20250214,电力交易,0,人民网,能源互联网,202502
20250214,能效,0,人民网,能源互联网,202502
20250214,节能,0,人民网,能源互联网,202502
20250214,区块链,0,人民网,能源互联网,202502
20250214,虚拟电厂,0,人民网,能源互联网,202502
20250214,能量路由器,0,人民网,能源互联网,202502
20250214,多能流,0,人民网,能源互联网,202502
20250214,需求侧,0,人民网,能源互联网,202502
20250214,抽水蓄能,0,人民网,能源互联网,202502
20250214,电化学储能,0,人民网,能源互联网,202502
20250217,新闻数量,1,人民网,能源互联网,202502
20250217,多能互补,0,人民网,能源互联网,202502
20250217,碳中和,0,人民网,能源互联网,202502
20250217,碳达峰,0,人民网,能源互联网,202502
20250217,柔性输电,0,人民网,能源互联网,202502
20250217,综合能源,0,人民网,能源互联网,202502
20250217,氢能,0,人民网,能源互联网,202502
20250217,电动汽车,0,人民网,能源互联网,202502
20250217,分布式交易,0,人民网,能源互联网,202502
20250217,微网,0,人民网,能源互联网,202502
20250217,新型电力系统,0,人民网,能源互联网,202502
20250217,储能,0,人民网,能源互联网,202502
20250217,CCHP,0,人民网,能源互联网,202502
20250217,燃料电池,0,人民网,能源互联网,202502
20250217,能源物联网,0,人民网,能源互联网,202502
20250217,能源大数据,0,人民网,能源互联网,202502
20250217,电力交易,0,人民网,能源互联网,202502
20250217,能效,0,人民网,能源互联网,202502
20250217,节能,0,人民网,能源互联网,202502
20250217,区块链,0,人民网,能源互联网,202502
20250217,虚拟电厂,0,人民网,能源互联网,202502
20250217,能量路由器,0,人民网,能源互联网,202502
20250217,多能流,0,人民网,能源互联网,202502
20250217,需求侧,0,人民网,能源互联网,202502
20250217,抽水蓄能,0,人民网,能源互联网,202502
20250217,电化学储能,0,人民网,能源互联网,202502
20250218,新闻数量,2,人民网,能源互联网,202502
20250218,多能互补,0,人民网,能源互联网,202502
20250218,碳中和,0,人民网,能源互联网,202502
20250218,碳达峰,0,人民网,能源互联网,202502
20250218,柔性输电,0,人民网,能源互联网,202502
20250218,综合能源,0,人民网,能源互联网,202502
20250218,氢能,0,人民网,能源互联网,202502
20250218,电动汽车,0,人民网,能源互联网,202502
20250218,分布式交易,0,人民网,能源互联网,202502
20250218,微网,0,人民网,能源互联网,202502
20250218,新型电力系统,1,人民网,能源互联网,202502
20250218,储能,0,人民网,能源互联网,202502
20250218,CCHP,0,人民网,能源互联网,202502
20250218,燃料电池,0,人民网,能源互联网,202502
20250218,能源物联网,0,人民网,能源互联网,202502
20250218,能源大数据,0,人民网,能源互联网,202502
20250218,电力交易,0,人民网,能源互联网,202502
20250218,能效,0,人民网,能源互联网,202502
20250218,节能,0,人民网,能源互联网,202502
20250218,区块链,0,人民网,能源互联网,202502
20250218,虚拟电厂,0,人民网,能源互联网,202502
20250218,能量路由器,0,人民网,能源互联网,202502
20250218,多能流,0,人民网,能源互联网,202502
20250218,需求侧,0,人民网,能源互联网,202502
20250218,抽水蓄能,0,人民网,能源互联网,202502
20250218,电化学储能,0,人民网,能源互联网,202502
20250219,新闻数量,6,人民网,能源互联网,202502
20250219,多能互补,0,人民网,能源互联网,202502
20250219,碳中和,0,人民网,能源互联网,202502
20250219,碳达峰,0,人民网,能源互联网,202502
20250219,柔性输电,0,人民网,能源互联网,202502
20250219,综合能源,6,人民网,能源互联网,202502
20250219,氢能,0,人民网,能源互联网,202502
20250219,电动汽车,0,人民网,能源互联网,202502
20250219,分布式交易,0,人民网,能源互联网,202502
20250219,微网,0,人民网,能源互联网,202502
20250219,新型电力系统,0,人民网,能源互联网,202502
20250219,储能,6,人民网,能源互联网,202502
20250219,CCHP,0,人民网,能源互联网,202502
20250219,燃料电池,0,人民网,能源互联网,202502
20250219,能源物联网,0,人民网,能源互联网,202502
20250219,能源大数据,0,人民网,能源互联网,202502
20250219,电力交易,0,人民网,能源互联网,202502
20250219,能效,0,人民网,能源互联网,202502
20250219,节能,6,人民网,能源互联网,202502
20250219,区块链,6,人民网,能源互联网,202502
20250219,虚拟电厂,0,人民网,能源互联网,202502
20250219,能量路由器,0,人民网,能源互联网,202502
20250219,多能流,0,人民网,能源互联网,202502
20250219,需求侧,0,人民网,能源互联网,202502
20250219,抽水蓄能,0,人民网,能源互联网,202502
20250219,电化学储能,0,人民网,能源互联网,202502
20250224,新闻数量,1,人民网,能源互联网,202502
20250224,多能互补,0,人民网,能源互联网,202502
20250224,碳中和,0,人民网,能源互联网,202502
20250224,碳达峰,0,人民网,能源互联网,202502
20250224,柔性输电,0,人民网,能源互联网,202502
20250224,综合能源,0,人民网,能源互联网,202502
20250224,氢能,0,人民网,能源互联网,202502
20250224,电动汽车,0,人民网,能源互联网,202502
20250224,分布式交易,0,人民网,能源互联网,202502
20250224,微网,0,人民网,能源互联网,202502
20250224,新型电力系统,0,人民网,能源互联网,202502
20250224,储能,0,人民网,能源互联网,202502
20250224,CCHP,0,人民网,能源互联网,202502
20250224,燃料电池,0,人民网,能源互联网,202502
20250224,能源物联网,0,人民网,能源互联网,202502
20250224,能源大数据,0,人民网,能源互联网,202502
20250224,电力交易,0,人民网,能源互联网,202502
20250224,能效,0,人民网,能源互联网,202502
20250224,节能,0,人民网,能源互联网,202502
20250224,区块链,0,人民网,能源互联网,202502
20250224,虚拟电厂,0,人民网,能源互联网,202502
20250224,能量路由器,0,人民网,能源互联网,202502
20250224,多能流,0,人民网,能源互联网,202502
20250224,需求侧,0,人民网,能源互联网,202502
20250224,抽水蓄能,0,人民网,能源互联网,202502
20250224,电化学储能,0,人民网,能源互联网,202502
20250226,新闻数量,1,人民网,能源互联网,202502
20250226,多能互补,0,人民网,能源互联网,202502
20250226,碳中和,0,人民网,能源互联网,202502
20250226,碳达峰,0,人民网,能源互联网,202502
20250226,柔性输电,0,人民网,能源互联网,202502
20250226,综合能源,0,人民网,能源互联网,202502
20250226,氢能,0,人民网,能源互联网,202502
20250226,电动汽车,0,人民网,能源互联网,202502
20250226,分布式交易,0,人民网,能源互联网,202502
20250226,微网,0,人民网,能源互联网,202502
20250226,新型电力系统,0,人民网,能源互联网,202502
20250226,储能,0,人民网,能源互联网,202502
20250226,CCHP,0,人民网,能源互联网,202502
20250226,燃料电池,0,人民网,能源互联网,202502
20250226,能源物联网,0,人民网,能源互联网,202502
20250226,能源大数据,0,人民网,能源互联网,202502
20250226,电力交易,0,人民网,能源互联网,202502
20250226,能效,0,人民网,能源互联网,202502
20250226,节能,0,人民网,能源互联网,202502
20250226,区块链,0,人民网,能源互联网,202502
20250226,虚拟电厂,0,人民网,能源互联网,202502
20250226,能量路由器,0,人民网,能源互联网,202502
20250226,多能流,0,人民网,能源互联网,202502
20250226,需求侧,0,人民网,能源互联网,202502
20250226,抽水蓄能,0,人民网,能源互联网,202502
20250226,电化学储能,0,人民网,能源互联网,202502
20250227,新闻数量,1,人民网,能源互联网,202502
20250227,多能互补,0,人民网,能源互联网,202502
20250227,碳中和,0,人民网,能源互联网,202502
20250227,碳达峰,0,人民网,能源互联网,202502
20250227,柔性输电,0,人民网,能源互联网,202502
20250227,综合能源,0,人民网,能源互联网,202502
20250227,氢能,3,人民网,能源互联网,202502
20250227,电动汽车,2,人民网,能源互联网,202502
20250227,分布式交易,0,人民网,能源互联网,202502
20250227,微网,1,人民网,能源互联网,202502
20250227,新型电力系统,0,人民网,能源互联网,202502
20250227,储能,3,人民网,能源互联网,202502
20250227,CCHP,0,人民网,能源互联网,202502
20250227,燃料电池,0,人民网,能源互联网,202502
20250227,能源物联网,0,人民网,能源互联网,202502
20250227,能源大数据,1,人民网,能源互联网,202502
20250227,电力交易,1,人民网,能源互联网,202502
20250227,能效,2,人民网,能源互联网,202502
20250227,节能,1,人民网,能源互联网,202502
20250227,区块链,0,人民网,能源互联网,202502
20250227,虚拟电厂,1,人民网,能源互联网,202502
20250227,能量路由器,0,人民网,能源互联网,202502
20250227,多能流,0,人民网,能源互联网,202502
20250227,需求侧,0,人民网,能源互联网,202502
20250227,抽水蓄能,0,人民网,能源互联网,202502
20250227,电化学储能,0,人民网,能源互联网,202502
20250304,新闻数量,1,人民网,能源互联网,202503
20250304,多能互补,0,人民网,能源互联网,202503
20250304,碳中和,0,人民网,能源互联网,202503
20250304,碳达峰,0,人民网,能源互联网,202503
20250304,柔性输电,0,人民网,能源互联网,202503
20250304,综合能源,0,人民网,能源互联网,202503
20250304,氢能,0,人民网,能源互联网,202503
20250304,电动汽车,0,人民网,能源互联网,202503
20250304,分布式交易,0,人民网,能源互联网,202503
20250304,微网,0,人民网,能源互联网,202503
20250304,新型电力系统,0,人民网,能源互联网,202503
20250304,储能,0,人民网,能源互联网,202503
20250304,CCHP,0,人民网,能源互联网,202503
20250304,燃料电池,0,人民网,能源互联网,202503
20250304,能源物联网,0,人民网,能源互联网,202503
20250304,能源大数据,0,人民网,能源互联网,202503
20250304,电力交易,0,人民网,能源互联网,202503
20250304,能效,0,人民网,能源互联网,202503
20250304,节能,1,人民网,能源互联网,202503
20250304,区块链,0,人民网,能源互联网,202503
20250304,虚拟电厂,0,人民网,能源互联网,202503
20250304,能量路由器,0,人民网,能源互联网,202503
20250304,多能流,0,人民网,能源互联网,202503
20250304,需求侧,0,人民网,能源互联网,202503
20250304,抽水蓄能,0,人民网,能源互联网,202503
20250304,电化学储能,0,人民网,能源互联网,202503
20250305,新闻数量,1,人民网,能源互联网,202503
20250305,多能互补,0,人民网,能源互联网,202503
20250305,碳中和,0,人民网,能源互联网,202503
20250305,碳达峰,0,人民网,能源互联网,202503
20250305,柔性输电,0,人民网,能源互联网,202503
20250305,综合能源,0,人民网,能源互联网,202503
20250305,氢能,0,人民网,能源互联网,202503
20250305,电动汽车,0,人民网,能源互联网,202503
20250305,分布式交易,0,人民网,能源互联网,202503
20250305,微网,0,人民网,能源互联网,202503
20250305,新型电力系统,0,人民网,能源互联网,202503
20250305,储能,0,人民网,能源互联网,202503
20250305,CCHP,0,人民网,能源互联网,202503
20250305,燃料电池,0,人民网,能源互联网,202503
20250305,能源物联网,0,人民网,能源互联网,202503
20250305,能源大数据,0,人民网,能源互联网,202503
20250305,电力交易,0,人民网,能源互联网,202503
20250305,能效,0,人民网,能源互联网,202503
20250305,节能,0,人民网,能源互联网,202503
20250305,区块链,0,人民网,能源互联网,202503
20250305,虚拟电厂,0,人民网,能源互联网,202503
20250305,能量路由器,0,人民网,能源互联网,202503
20250305,多能流,0,人民网,能源互联网,202503
20250305,需求侧,0,人民网,能源互联网,202503
20250305,抽水蓄能,0,人民网,能源互联网,202503
20250305,电化学储能,0,人民网,能源互联网,202503
20250306,新闻数量,1,人民网,能源互联网,202503
20250306,多能互补,0,人民网,能源互联网,202503
20250306,碳中和,0,人民网,能源互联网,202503
20250306,碳达峰,0,人民网,能源互联网,202503
20250306,柔性输电,0,人民网,能源互联网,202503
20250306,综合能源,0,人民网,能源互联网,202503
20250306,氢能,0,人民网,能源互联网,202503
20250306,电动汽车,0,人民网,能源互联网,202503
20250306,分布式交易,0,人民网,能源互联网,202503
20250306,微网,0,人民网,能源互联网,202503
20250306,新型电力系统,0,人民网,能源互联网,202503
20250306,储能,0,人民网,能源互联网,202503
20250306,CCHP,0,人民网,能源互联网,202503
20250306,燃料电池,0,人民网,能源互联网,202503
20250306,能源物联网,0,人民网,能源互联网,202503
20250306,能源大数据,0,人民网,能源互联网,202503
20250306,电力交易,0,人民网,能源互联网,202503
20250306,能效,0,人民网,能源互联网,202503
20250306,节能,0,人民网,能源互联网,202503
20250306,区块链,0,人民网,能源互联网,202503
20250306,虚拟电厂,0,人民网,能源互联网,202503
20250306,能量路由器,0,人民网,能源互联网,202503
20250306,多能流,0,人民网,能源互联网,202503
20250306,需求侧,0,人民网,能源互联网,202503
20250306,抽水蓄能,0,人民网,能源互联网,202503
20250306,电化学储能,0,人民网,能源互联网,202503
20250316,新闻数量,1,人民网,能源互联网,202503
20250316,多能互补,0,人民网,能源互联网,202503
20250316,碳中和,0,人民网,能源互联网,202503
20250316,碳达峰,0,人民网,能源互联网,202503
20250316,柔性输电,0,人民网,能源互联网,202503
20250316,综合能源,0,人民网,能源互联网,202503
20250316,氢能,0,人民网,能源互联网,202503
20250316,电动汽车,0,人民网,能源互联网,202503
20250316,分布式交易,0,人民网,能源互联网,202503
20250316,微网,0,人民网,能源互联网,202503
20250316,新型电力系统,0,人民网,能源互联网,202503
20250316,储能,1,人民网,能源互联网,202503
20250316,CCHP,0,人民网,能源互联网,202503
20250316,燃料电池,0,人民网,能源互联网,202503
20250316,能源物联网,0,人民网,能源互联网,202503
20250316,能源大数据,0,人民网,能源互联网,202503
20250316,电力交易,0,人民网,能源互联网,202503
20250316,能效,0,人民网,能源互联网,202503
20250316,节能,0,人民网,能源互联网,202503
20250316,区块链,0,人民网,能源互联网,202503
20250316,虚拟电厂,0,人民网,能源互联网,202503
20250316,能量路由器,0,人民网,能源互联网,202503
20250316,多能流,0,人民网,能源互联网,202503
20250316,需求侧,0,人民网,能源互联网,202503
20250316,抽水蓄能,0,人民网,能源互联网,202503
20250316,电化学储能,0,人民网,能源互联网,202503
20250318,新闻数量,1,人民网,能源互联网,202503
20250318,多能互补,0,人民网,能源互联网,202503
20250318,碳中和,0,人民网,能源互联网,202503
20250318,碳达峰,0,人民网,能源互联网,202503
20250318,柔性输电,0,人民网,能源互联网,202503
20250318,综合能源,0,人民网,能源互联网,202503
20250318,氢能,0,人民网,能源互联网,202503
20250318,电动汽车,0,人民网,能源互联网,202503
20250318,分布式交易,0,人民网,能源互联网,202503
20250318,微网,0,人民网,能源互联网,202503
20250318,新型电力系统,0,人民网,能源互联网,202503
20250318,储能,0,人民网,能源互联网,202503
20250318,CCHP,0,人民网,能源互联网,202503
20250318,燃料电池,0,人民网,能源互联网,202503
20250318,能源物联网,0,人民网,能源互联网,202503
20250318,能源大数据,0,人民网,能源互联网,202503
20250318,电力交易,0,人民网,能源互联网,202503
20250318,能效,0,人民网,能源互联网,202503
20250318,节能,0,人民网,能源互联网,202503
20250318,区块链,0,人民网,能源互联网,202503
20250318,虚拟电厂,1,人民网,能源互联网,202503
20250318,能量路由器,0,人民网,能源互联网,202503
20250318,多能流,0,人民网,能源互联网,202503
20250318,需求侧,0,人民网,能源互联网,202503
20250318,抽水蓄能,0,人民网,能源互联网,202503
20250318,电化学储能,0,人民网,能源互联网,202503
20250321,新闻数量,1,人民网,能源互联网,202503
20250321,多能互补,0,人民网,能源互联网,202503
20250321,碳中和,0,人民网,能源互联网,202503
20250321,碳达峰,0,人民网,能源互联网,202503
20250321,柔性输电,0,人民网,能源互联网,202503
20250321,综合能源,0,人民网,能源互联网,202503
20250321,氢能,1,人民网,能源互联网,202503
20250321,电动汽车,0,人民网,能源互联网,202503
20250321,分布式交易,0,人民网,能源互联网,202503
20250321,微网,0,人民网,能源互联网,202503
20250321,新型电力系统,0,人民网,能源互联网,202503
20250321,储能,0,人民网,能源互联网,202503
20250321,CCHP,0,人民网,能源互联网,202503
20250321,燃料电池,0,人民网,能源互联网,202503
20250321,能源物联网,0,人民网,能源互联网,202503
20250321,能源大数据,0,人民网,能源互联网,202503
20250321,电力交易,0,人民网,能源互联网,202503
20250321,能效,0,人民网,能源互联网,202503
20250321,节能,0,人民网,能源互联网,202503
20250321,区块链,0,人民网,能源互联网,202503
20250321,虚拟电厂,0,人民网,能源互联网,202503
20250321,能量路由器,0,人民网,能源互联网,202503
20250321,多能流,0,人民网,能源互联网,202503
20250321,需求侧,0,人民网,能源互联网,202503
20250321,抽水蓄能,0,人民网,能源互联网,202503
20250321,电化学储能,0,人民网,能源互联网,202503
20250325,新闻数量,3,人民网,能源互联网,202503
20250325,多能互补,0,人民网,能源互联网,202503
20250325,碳中和,0,人民网,能源互联网,202503
20250325,碳达峰,0,人民网,能源互联网,202503
20250325,柔性输电,0,人民网,能源互联网,202503
20250325,综合能源,0,人民网,能源互联网,202503
20250325,氢能,0,人民网,能源互联网,202503
20250325,电动汽车,0,人民网,能源互联网,202503
20250325,分布式交易,0,人民网,能源互联网,202503
20250325,微网,0,人民网,能源互联网,202503
20250325,新型电力系统,0,人民网,能源互联网,202503
20250325,储能,2,人民网,能源互联网,202503
20250325,CCHP,0,人民网,能源互联网,202503
20250325,燃料电池,0,人民网,能源互联网,202503
20250325,能源物联网,0,人民网,能源互联网,202503
20250325,能源大数据,0,人民网,能源互联网,202503
20250325,电力交易,0,人民网,能源互联网,202503
20250325,能效,0,人民网,能源互联网,202503
20250325,节能,0,人民网,能源互联网,202503
20250325,区块链,0,人民网,能源互联网,202503
20250325,虚拟电厂,0,人民网,能源互联网,202503
20250325,能量路由器,0,人民网,能源互联网,202503
20250325,多能流,0,人民网,能源互联网,202503
20250325,需求侧,0,人民网,能源互联网,202503
20250325,抽水蓄能,0,人民网,能源互联网,202503
20250325,电化学储能,0,人民网,能源互联网,202503
20250326,新闻数量,1,人民网,能源互联网,202503
20250326,多能互补,0,人民网,能源互联网,202503
20250326,碳中和,0,人民网,能源互联网,202503
20250326,碳达峰,0,人民网,能源互联网,202503
20250326,柔性输电,0,人民网,能源互联网,202503
20250326,综合能源,0,人民网,能源互联网,202503
20250326,氢能,0,人民网,能源互联网,202503
20250326,电动汽车,0,人民网,能源互联网,202503
20250326,分布式交易,0,人民网,能源互联网,202503
20250326,微网,0,人民网,能源互联网,202503
20250326,新型电力系统,0,人民网,能源互联网,202503
20250326,储能,0,人民网,能源互联网,202503
20250326,CCHP,0,人民网,能源互联网,202503
20250326,燃料电池,0,人民网,能源互联网,202503
20250326,能源物联网,0,人民网,能源互联网,202503
20250326,能源大数据,0,人民网,能源互联网,202503
20250326,电力交易,0,人民网,能源互联网,202503
20250326,能效,0,人民网,能源互联网,202503
20250326,节能,0,人民网,能源互联网,202503
20250326,区块链,0,人民网,能源互联网,202503
20250326,虚拟电厂,0,人民网,能源互联网,202503
20250326,能量路由器,0,人民网,能源互联网,202503
20250326,多能流,0,人民网,能源互联网,202503
20250326,需求侧,0,人民网,能源互联网,202503
20250326,抽水蓄能,0,人民网,能源互联网,202503
20250326,电化学储能,0,人民网,能源互联网,202503
20250327,新闻数量,8,人民网,能源互联网,202503
20250327,多能互补,0,人民网,能源互联网,202503
20250327,碳中和,1,人民网,能源互联网,202503
20250327,碳达峰,0,人民网,能源互联网,202503
20250327,柔性输电,0,人民网,能源互联网,202503
20250327,综合能源,0,人民网,能源互联网,202503
20250327,氢能,1,人民网,能源互联网,202503
20250327,电动汽车,0,人民网,能源互联网,202503
20250327,分布式交易,0,人民网,能源互联网,202503
20250327,微网,0,人民网,能源互联网,202503
20250327,新型电力系统,3,人民网,能源互联网,202503
20250327,储能,3,人民网,能源互联网,202503
20250327,CCHP,0,人民网,能源互联网,202503
20250327,燃料电池,0,人民网,能源互联网,202503
20250327,能源物联网,0,人民网,能源互联网,202503
20250327,能源大数据,0,人民网,能源互联网,202503
20250327,电力交易,0,人民网,能源互联网,202503
20250327,能效,0,人民网,能源互联网,202503
20250327,节能,0,人民网,能源互联网,202503
20250327,区块链,0,人民网,能源互联网,202503
20250327,虚拟电厂,0,人民网,能源互联网,202503
20250327,能量路由器,0,人民网,能源互联网,202503
20250327,多能流,0,人民网,能源互联网,202503
20250327,需求侧,0,人民网,能源互联网,202503
20250327,抽水蓄能,0,人民网,能源互联网,202503
20250327,电化学储能,0,人民网,能源互联网,202503
20250328,新闻数量,1,人民网,能源互联网,202503
20250328,多能互补,0,人民网,能源互联网,202503
20250328,碳中和,0,人民网,能源互联网,202503
20250328,碳达峰,0,人民网,能源互联网,202503
20250328,柔性输电,0,人民网,能源互联网,202503
20250328,综合能源,0,人民网,能源互联网,202503
20250328,氢能,0,人民网,能源互联网,202503
20250328,电动汽车,0,人民网,能源互联网,202503
20250328,分布式交易,0,人民网,能源互联网,202503
20250328,微网,0,人民网,能源互联网,202503
20250328,新型电力系统,0,人民网,能源互联网,202503
20250328,储能,0,人民网,能源互联网,202503
20250328,CCHP,0,人民网,能源互联网,202503
20250328,燃料电池,0,人民网,能源互联网,202503
20250328,能源物联网,0,人民网,能源互联网,202503
20250328,能源大数据,0,人民网,能源互联网,202503
20250328,电力交易,0,人民网,能源互联网,202503
20250328,能效,0,人民网,能源互联网,202503
20250328,节能,0,人民网,能源互联网,202503
20250328,区块链,0,人民网,能源互联网,202503
20250328,虚拟电厂,0,人民网,能源互联网,202503
20250328,能量路由器,0,人民网,能源互联网,202503
20250328,多能流,0,人民网,能源互联网,202503
20250328,需求侧,0,人民网,能源互联网,202503
20250328,抽水蓄能,0,人民网,能源互联网,202503
20250328,电化学储能,0,人民网,能源互联网,202503
20250329,新闻数量,1,人民网,能源互联网,202503
20250329,多能互补,0,人民网,能源互联网,202503
20250329,碳中和,0,人民网,能源互联网,202503
20250329,碳达峰,0,人民网,能源互联网,202503
20250329,柔性输电,0,人民网,能源互联网,202503
20250329,综合能源,0,人民网,能源互联网,202503
20250329,氢能,0,人民网,能源互联网,202503
20250329,电动汽车,0,人民网,能源互联网,202503
20250329,分布式交易,0,人民网,能源互联网,202503
20250329,微网,0,人民网,能源互联网,202503
20250329,新型电力系统,1,人民网,能源互联网,202503
20250329,储能,1,人民网,能源互联网,202503
20250329,CCHP,0,人民网,能源互联网,202503
20250329,燃料电池,0,人民网,能源互联网,202503
20250329,能源物联网,0,人民网,能源互联网,202503
20250329,能源大数据,0,人民网,能源互联网,202503
20250329,电力交易,0,人民网,能源互联网,202503
20250329,能效,1,人民网,能源互联网,202503
20250329,节能,0,人民网,能源互联网,202503
20250329,区块链,0,人民网,能源互联网,202503
20250329,虚拟电厂,0,人民网,能源互联网,202503
20250329,能量路由器,0,人民网,能源互联网,202503
20250329,多能流,0,人民网,能源互联网,202503
20250329,需求侧,1,人民网,能源互联网,202503
20250329,抽水蓄能,0,人民网,能源互联网,202503
20250329,电化学储能,0,人民网,能源互联网,202503
20250331,新闻数量,3,人民网,能源互联网,202503
20250331,多能互补,0,人民网,能源互联网,202503
20250331,碳中和,0,人民网,能源互联网,202503
20250331,碳达峰,0,人民网,能源互联网,202503
20250331,柔性输电,0,人民网,能源互联网,202503
20250331,综合能源,2,人民网,能源互联网,202503
20250331,氢能,0,人民网,能源互联网,202503
20250331,电动汽车,11,人民网,能源互联网,202503
20250331,分布式交易,0,人民网,能源互联网,202503
20250331,微网,0,人民网,能源互联网,202503
20250331,新型电力系统,1,人民网,能源互联网,202503
20250331,储能,15,人民网,能源互联网,202503
20250331,CCHP,0,人民网,能源互联网,202503
20250331,燃料电池,0,人民网,能源互联网,202503
20250331,能源物联网,0,人民网,能源互联网,202503
20250331,能源大数据,0,人民网,能源互联网,202503
20250331,电力交易,0,人民网,能源互联网,202503
20250331,能效,0,人民网,能源互联网,202503
20250331,节能,0,人民网,能源互联网,202503
20250331,区块链,0,人民网,能源互联网,202503
20250331,虚拟电厂,0,人民网,能源互联网,202503
20250331,能量路由器,0,人民网,能源互联网,202503
20250331,多能流,0,人民网,能源互联网,202503
20250331,需求侧,0,人民网,能源互联网,202503
20250331,抽水蓄能,0,人民网,能源互联网,202503
20250331,电化学储能,0,人民网,能源互联网,202503
20250411,新闻数量,7,人民网,能源互联网,202504
20250411,多能互补,0,人民网,能源互联网,202504
20250411,碳中和,0,人民网,能源互联网,202504
20250411,碳达峰,0,人民网,能源互联网,202504
20250411,柔性输电,0,人民网,能源互联网,202504
20250411,综合能源,0,人民网,能源互联网,202504
20250411,氢能,0,人民网,能源互联网,202504
20250411,电动汽车,0,人民网,能源互联网,202504
20250411,分布式交易,0,人民网,能源互联网,202504
20250411,微网,0,人民网,能源互联网,202504
20250411,新型电力系统,8,人民网,能源互联网,202504
20250411,储能,0,人民网,能源互联网,202504
20250411,CCHP,0,人民网,能源互联网,202504
20250411,燃料电池,0,人民网,能源互联网,202504
20250411,能源物联网,0,人民网,能源互联网,202504
20250411,能源大数据,0,人民网,能源互联网,202504
20250411,电力交易,0,人民网,能源互联网,202504
20250411,能效,0,人民网,能源互联网,202504
20250411,节能,0,人民网,能源互联网,202504
20250411,区块链,0,人民网,能源互联网,202504
20250411,虚拟电厂,0,人民网,能源互联网,202504
20250411,能量路由器,0,人民网,能源互联网,202504
20250411,多能流,0,人民网,能源互联网,202504
20250411,需求侧,0,人民网,能源互联网,202504
20250411,抽水蓄能,0,人民网,能源互联网,202504
20250411,电化学储能,0,人民网,能源互联网,202504
20250412,新闻数量,1,人民网,能源互联网,202504
20250412,多能互补,0,人民网,能源互联网,202504
20250412,碳中和,1,人民网,能源互联网,202504
20250412,碳达峰,0,人民网,能源互联网,202504
20250412,柔性输电,0,人民网,能源互联网,202504
20250412,综合能源,0,人民网,能源互联网,202504
20250412,氢能,0,人民网,能源互联网,202504
20250412,电动汽车,0,人民网,能源互联网,202504
20250412,分布式交易,0,人民网,能源互联网,202504
20250412,微网,0,人民网,能源互联网,202504
20250412,新型电力系统,1,人民网,能源互联网,202504
20250412,储能,0,人民网,能源互联网,202504
20250412,CCHP,0,人民网,能源互联网,202504
20250412,燃料电池,0,人民网,能源互联网,202504
20250412,能源物联网,0,人民网,能源互联网,202504
20250412,能源大数据,0,人民网,能源互联网,202504
20250412,电力交易,0,人民网,能源互联网,202504
20250412,能效,0,人民网,能源互联网,202504
20250412,节能,0,人民网,能源互联网,202504
20250412,区块链,0,人民网,能源互联网,202504
20250412,虚拟电厂,0,人民网,能源互联网,202504
20250412,能量路由器,0,人民网,能源互联网,202504
20250412,多能流,0,人民网,能源互联网,202504
20250412,需求侧,0,人民网,能源互联网,202504
20250412,抽水蓄能,0,人民网,能源互联网,202504
20250412,电化学储能,0,人民网,能源互联网,202504
20250417,新闻数量,1,人民网,能源互联网,202504
20250417,多能互补,0,人民网,能源互联网,202504
20250417,碳中和,0,人民网,能源互联网,202504
20250417,碳达峰,0,人民网,能源互联网,202504
20250417,柔性输电,0,人民网,能源互联网,202504
20250417,综合能源,0,人民网,能源互联网,202504
20250417,氢能,1,人民网,能源互联网,202504
20250417,电动汽车,1,人民网,能源互联网,202504
20250417,分布式交易,0,人民网,能源互联网,202504
20250417,微网,1,人民网,能源互联网,202504
20250417,新型电力系统,10,人民网,能源互联网,202504
20250417,储能,1,人民网,能源互联网,202504
20250417,CCHP,0,人民网,能源互联网,202504
20250417,燃料电池,0,人民网,能源互联网,202504
20250417,能源物联网,0,人民网,能源互联网,202504
20250417,能源大数据,0,人民网,能源互联网,202504
20250417,电力交易,0,人民网,能源互联网,202504
20250417,能效,0,人民网,能源互联网,202504
20250417,节能,1,人民网,能源互联网,202504
20250417,区块链,0,人民网,能源互联网,202504
20250417,虚拟电厂,0,人民网,能源互联网,202504
20250417,能量路由器,0,人民网,能源互联网,202504
20250417,多能流,0,人民网,能源互联网,202504
20250417,需求侧,0,人民网,能源互联网,202504
20250417,抽水蓄能,0,人民网,能源互联网,202504
20250417,电化学储能,0,人民网,能源互联网,202504
20250422,新闻数量,1,人民网,能源互联网,202504
20250422,多能互补,0,人民网,能源互联网,202504
20250422,碳中和,0,人民网,能源互联网,202504
20250422,碳达峰,0,人民网,能源互联网,202504
20250422,柔性输电,0,人民网,能源互联网,202504
20250422,综合能源,0,人民网,能源互联网,202504
20250422,氢能,1,人民网,能源互联网,202504
20250422,电动汽车,0,人民网,能源互联网,202504
20250422,分布式交易,0,人民网,能源互联网,202504
20250422,微网,0,人民网,能源互联网,202504
20250422,新型电力系统,0,人民网,能源互联网,202504
20250422,储能,0,人民网,能源互联网,202504
20250422,CCHP,0,人民网,能源互联网,202504
20250422,燃料电池,0,人民网,能源互联网,202504
20250422,能源物联网,0,人民网,能源互联网,202504
20250422,能源大数据,0,人民网,能源互联网,202504
20250422,电力交易,0,人民网,能源互联网,202504
20250422,能效,0,人民网,能源互联网,202504
20250422,节能,0,人民网,能源互联网,202504
20250422,区块链,0,人民网,能源互联网,202504
20250422,虚拟电厂,0,人民网,能源互联网,202504
20250422,能量路由器,0,人民网,能源互联网,202504
20250422,多能流,0,人民网,能源互联网,202504
20250422,需求侧,0,人民网,能源互联网,202504
20250422,抽水蓄能,0,人民网,能源互联网,202504
20250422,电化学储能,0,人民网,能源互联网,202504
20250423,新闻数量,1,人民网,能源互联网,202504
20250423,多能互补,0,人民网,能源互联网,202504
20250423,碳中和,0,人民网,能源互联网,202504
20250423,碳达峰,0,人民网,能源互联网,202504
20250423,柔性输电,0,人民网,能源互联网,202504
20250423,综合能源,0,人民网,能源互联网,202504
20250423,氢能,0,人民网,能源互联网,202504
20250423,电动汽车,0,人民网,能源互联网,202504
20250423,分布式交易,0,人民网,能源互联网,202504
20250423,微网,0,人民网,能源互联网,202504
20250423,新型电力系统,0,人民网,能源互联网,202504
20250423,储能,0,人民网,能源互联网,202504
20250423,CCHP,0,人民网,能源互联网,202504
20250423,燃料电池,0,人民网,能源互联网,202504
20250423,能源物联网,0,人民网,能源互联网,202504
20250423,能源大数据,0,人民网,能源互联网,202504
20250423,电力交易,0,人民网,能源互联网,202504
20250423,能效,0,人民网,能源互联网,202504
20250423,节能,0,人民网,能源互联网,202504
20250423,区块链,0,人民网,能源互联网,202504
20250423,虚拟电厂,0,人民网,能源互联网,202504
20250423,能量路由器,0,人民网,能源互联网,202504
20250423,多能流,0,人民网,能源互联网,202504
20250423,需求侧,0,人民网,能源互联网,202504
20250423,抽水蓄能,0,人民网,能源互联网,202504
20250423,电化学储能,0,人民网,能源互联网,202504
20250429,新闻数量,2,人民网,能源互联网,202504
20250429,多能互补,0,人民网,能源互联网,202504
20250429,碳中和,0,人民网,能源互联网,202504
20250429,碳达峰,0,人民网,能源互联网,202504
20250429,柔性输电,0,人民网,能源互联网,202504
20250429,综合能源,0,人民网,能源互联网,202504
20250429,氢能,0,人民网,能源互联网,202504
20250429,电动汽车,0,人民网,能源互联网,202504
20250429,分布式交易,0,人民网,能源互联网,202504
20250429,微网,0,人民网,能源互联网,202504
20250429,新型电力系统,0,人民网,能源互联网,202504
20250429,储能,2,人民网,能源互联网,202504
20250429,CCHP,0,人民网,能源互联网,202504
20250429,燃料电池,0,人民网,能源互联网,202504
20250429,能源物联网,0,人民网,能源互联网,202504
20250429,能源大数据,0,人民网,能源互联网,202504
20250429,电力交易,0,人民网,能源互联网,202504
20250429,能效,0,人民网,能源互联网,202504
20250429,节能,0,人民网,能源互联网,202504
20250429,区块链,0,人民网,能源互联网,202504
20250429,虚拟电厂,0,人民网,能源互联网,202504
20250429,能量路由器,0,人民网,能源互联网,202504
20250429,多能流,0,人民网,能源互联网,202504
20250429,需求侧,0,人民网,能源互联网,202504
20250429,抽水蓄能,0,人民网,能源互联网,202504
20250429,电化学储能,0,人民网,能源互联网,202504
20250509,新闻数量,1,人民网,能源互联网,202505
20250509,多能互补,0,人民网,能源互联网,202505
20250509,碳中和,0,人民网,能源互联网,202505
20250509,碳达峰,0,人民网,能源互联网,202505
20250509,柔性输电,0,人民网,能源互联网,202505
20250509,综合能源,0,人民网,能源互联网,202505
20250509,氢能,2,人民网,能源互联网,202505
20250509,电动汽车,0,人民网,能源互联网,202505
20250509,分布式交易,0,人民网,能源互联网,202505
20250509,微网,0,人民网,能源互联网,202505
20250509,新型电力系统,0,人民网,能源互联网,202505
20250509,储能,1,人民网,能源互联网,202505
20250509,CCHP,0,人民网,能源互联网,202505
20250509,燃料电池,2,人民网,能源互联网,202505
20250509,能源物联网,0,人民网,能源互联网,202505
20250509,能源大数据,0,人民网,能源互联网,202505
20250509,电力交易,0,人民网,能源互联网,202505
20250509,能效,0,人民网,能源互联网,202505
20250509,节能,0,人民网,能源互联网,202505
20250509,区块链,0,人民网,能源互联网,202505
20250509,虚拟电厂,0,人民网,能源互联网,202505
20250509,能量路由器,0,人民网,能源互联网,202505
20250509,多能流,0,人民网,能源互联网,202505
20250509,需求侧,0,人民网,能源互联网,202505
20250509,抽水蓄能,1,人民网,能源互联网,202505
20250509,电化学储能,0,人民网,能源互联网,202505
20250510,新闻数量,1,人民网,能源互联网,202505
20250510,多能互补,0,人民网,能源互联网,202505
20250510,碳中和,0,人民网,能源互联网,202505
20250510,碳达峰,0,人民网,能源互联网,202505
20250510,柔性输电,0,人民网,能源互联网,202505
20250510,综合能源,0,人民网,能源互联网,202505
20250510,氢能,0,人民网,能源互联网,202505
20250510,电动汽车,0,人民网,能源互联网,202505
20250510,分布式交易,0,人民网,能源互联网,202505
20250510,微网,0,人民网,能源互联网,202505
20250510,新型电力系统,0,人民网,能源互联网,202505
20250510,储能,0,人民网,能源互联网,202505
20250510,CCHP,0,人民网,能源互联网,202505
20250510,燃料电池,0,人民网,能源互联网,202505
20250510,能源物联网,0,人民网,能源互联网,202505
20250510,能源大数据,0,人民网,能源互联网,202505
20250510,电力交易,0,人民网,能源互联网,202505
20250510,能效,2,人民网,能源互联网,202505
20250510,节能,7,人民网,能源互联网,202505
20250510,区块链,0,人民网,能源互联网,202505
20250510,虚拟电厂,1,人民网,能源互联网,202505
20250510,能量路由器,0,人民网,能源互联网,202505
20250510,多能流,0,人民网,能源互联网,202505
20250510,需求侧,0,人民网,能源互联网,202505
20250510,抽水蓄能,0,人民网,能源互联网,202505
20250510,电化学储能,0,人民网,能源互联网,202505
20250512,新闻数量,1,人民网,能源互联网,202505
20250512,多能互补,0,人民网,能源互联网,202505
20250512,碳中和,0,人民网,能源互联网,202505
20250512,碳达峰,0,人民网,能源互联网,202505
20250512,柔性输电,0,人民网,能源互联网,202505
20250512,综合能源,0,人民网,能源互联网,202505
20250512,氢能,0,人民网,能源互联网,202505
20250512,电动汽车,0,人民网,能源互联网,202505
20250512,分布式交易,0,人民网,能源互联网,202505
20250512,微网,0,人民网,能源互联网,202505
20250512,新型电力系统,0,人民网,能源互联网,202505
20250512,储能,0,人民网,能源互联网,202505
20250512,CCHP,0,人民网,能源互联网,202505
20250512,燃料电池,0,人民网,能源互联网,202505
20250512,能源物联网,0,人民网,能源互联网,202505
20250512,能源大数据,0,人民网,能源互联网,202505
20250512,电力交易,0,人民网,能源互联网,202505
20250512,能效,0,人民网,能源互联网,202505
20250512,节能,0,人民网,能源互联网,202505
20250512,区块链,0,人民网,能源互联网,202505
20250512,虚拟电厂,0,人民网,能源互联网,202505
20250512,能量路由器,0,人民网,能源互联网,202505
20250512,多能流,0,人民网,能源互联网,202505
20250512,需求侧,0,人民网,能源互联网,202505
20250512,抽水蓄能,0,人民网,能源互联网,202505
20250512,电化学储能,0,人民网,能源互联网,202505
20250513,新闻数量,2,人民网,能源互联网,202505
20250513,多能互补,0,人民网,能源互联网,202505
20250513,碳中和,0,人民网,能源互联网,202505
20250513,碳达峰,0,人民网,能源互联网,202505
20250513,柔性输电,0,人民网,能源互联网,202505
20250513,综合能源,0,人民网,能源互联网,202505
20250513,氢能,1,人民网,能源互联网,202505
20250513,电动汽车,0,人民网,能源互联网,202505
20250513,分布式交易,0,人民网,能源互联网,202505
20250513,微网,0,人民网,能源互联网,202505
20250513,新型电力系统,0,人民网,能源互联网,202505
20250513,储能,1,人民网,能源互联网,202505
20250513,CCHP,0,人民网,能源互联网,202505
20250513,燃料电池,0,人民网,能源互联网,202505
20250513,能源物联网,0,人民网,能源互联网,202505
20250513,能源大数据,0,人民网,能源互联网,202505
20250513,电力交易,0,人民网,能源互联网,202505
20250513,能效,0,人民网,能源互联网,202505
20250513,节能,0,人民网,能源互联网,202505
20250513,区块链,0,人民网,能源互联网,202505
20250513,虚拟电厂,0,人民网,能源互联网,202505
20250513,能量路由器,0,人民网,能源互联网,202505
20250513,多能流,0,人民网,能源互联网,202505
20250513,需求侧,0,人民网,能源互联网,202505
20250513,抽水蓄能,0,人民网,能源互联网,202505
20250513,电化学储能,0,人民网,能源互联网,202505
20250514,新闻数量,1,人民网,能源互联网,202505
20250514,多能互补,0,人民网,能源互联网,202505
20250514,碳中和,0,人民网,能源互联网,202505
20250514,碳达峰,0,人民网,能源互联网,202505
20250514,柔性输电,0,人民网,能源互联网,202505
20250514,综合能源,0,人民网,能源互联网,202505
20250514,氢能,0,人民网,能源互联网,202505
20250514,电动汽车,0,人民网,能源互联网,202505
20250514,分布式交易,0,人民网,能源互联网,202505
20250514,微网,0,人民网,能源互联网,202505
20250514,新型电力系统,0,人民网,能源互联网,202505
20250514,储能,0,人民网,能源互联网,202505
20250514,CCHP,0,人民网,能源互联网,202505
20250514,燃料电池,0,人民网,能源互联网,202505
20250514,能源物联网,0,人民网,能源互联网,202505
20250514,能源大数据,0,人民网,能源互联网,202505
20250514,电力交易,0,人民网,能源互联网,202505
20250514,能效,0,人民网,能源互联网,202505
20250514,节能,0,人民网,能源互联网,202505
20250514,区块链,0,人民网,能源互联网,202505
20250514,虚拟电厂,0,人民网,能源互联网,202505
20250514,能量路由器,0,人民网,能源互联网,202505
20250514,多能流,0,人民网,能源互联网,202505
20250514,需求侧,0,人民网,能源互联网,202505
20250514,抽水蓄能,0,人民网,能源互联网,202505
20250514,电化学储能,0,人民网,能源互联网,202505
20250516,新闻数量,1,人民网,能源互联网,202505
20250516,多能互补,0,人民网,能源互联网,202505
20250516,碳中和,0,人民网,能源互联网,202505
20250516,碳达峰,1,人民网,能源互联网,202505
20250516,柔性输电,0,人民网,能源互联网,202505
20250516,综合能源,0,人民网,能源互联网,202505
20250516,氢能,0,人民网,能源互联网,202505
20250516,电动汽车,0,人民网,能源互联网,202505
20250516,分布式交易,0,人民网,能源互联网,202505
20250516,微网,0,人民网,能源互联网,202505
20250516,新型电力系统,2,人民网,能源互联网,202505
20250516,储能,1,人民网,能源互联网,202505
20250516,CCHP,0,人民网,能源互联网,202505
20250516,燃料电池,0,人民网,能源互联网,202505
20250516,能源物联网,0,人民网,能源互联网,202505
20250516,能源大数据,0,人民网,能源互联网,202505
20250516,电力交易,0,人民网,能源互联网,202505
20250516,能效,0,人民网,能源互联网,202505
20250516,节能,0,人民网,能源互联网,202505
20250516,区块链,0,人民网,能源互联网,202505
20250516,虚拟电厂,1,人民网,能源互联网,202505
20250516,能量路由器,0,人民网,能源互联网,202505
20250516,多能流,0,人民网,能源互联网,202505
20250516,需求侧,0,人民网,能源互联网,202505
20250516,抽水蓄能,0,人民网,能源互联网,202505
20250516,电化学储能,0,人民网,能源互联网,202505
20250517,新闻数量,1,人民网,能源互联网,202505
20250517,多能互补,0,人民网,能源互联网,202505
20250517,碳中和,0,人民网,能源互联网,202505
20250517,碳达峰,0,人民网,能源互联网,202505
20250517,柔性输电,0,人民网,能源互联网,202505
20250517,综合能源,0,人民网,能源互联网,202505
20250517,氢能,0,人民网,能源互联网,202505
20250517,电动汽车,0,人民网,能源互联网,202505
20250517,分布式交易,0,人民网,能源互联网,202505
20250517,微网,0,人民网,能源互联网,202505
20250517,新型电力系统,0,人民网,能源互联网,202505
20250517,储能,0,人民网,能源互联网,202505
20250517,CCHP,0,人民网,能源互联网,202505
20250517,燃料电池,0,人民网,能源互联网,202505
20250517,能源物联网,0,人民网,能源互联网,202505
20250517,能源大数据,0,人民网,能源互联网,202505
20250517,电力交易,0,人民网,能源互联网,202505
20250517,能效,0,人民网,能源互联网,202505
20250517,节能,0,人民网,能源互联网,202505
20250517,区块链,0,人民网,能源互联网,202505
20250517,虚拟电厂,0,人民网,能源互联网,202505
20250517,能量路由器,0,人民网,能源互联网,202505
20250517,多能流,0,人民网,能源互联网,202505
20250517,需求侧,0,人民网,能源互联网,202505
20250517,抽水蓄能,0,人民网,能源互联网,202505
20250517,电化学储能,0,人民网,能源互联网,202505
20250523,新闻数量,2,人民网,能源互联网,202505
20250523,多能互补,1,人民网,能源互联网,202505
20250523,碳中和,0,人民网,能源互联网,202505
20250523,碳达峰,0,人民网,能源互联网,202505
20250523,柔性输电,0,人民网,能源互联网,202505
20250523,综合能源,0,人民网,能源互联网,202505
20250523,氢能,2,人民网,能源互联网,202505
20250523,电动汽车,0,人民网,能源互联网,202505
20250523,分布式交易,0,人民网,能源互联网,202505
20250523,微网,0,人民网,能源互联网,202505
20250523,新型电力系统,0,人民网,能源互联网,202505
20250523,储能,2,人民网,能源互联网,202505
20250523,CCHP,0,人民网,能源互联网,202505
20250523,燃料电池,0,人民网,能源互联网,202505
20250523,能源物联网,0,人民网,能源互联网,202505
20250523,能源大数据,1,人民网,能源互联网,202505
20250523,电力交易,0,人民网,能源互联网,202505
20250523,能效,0,人民网,能源互联网,202505
20250523,节能,2,人民网,能源互联网,202505
20250523,区块链,0,人民网,能源互联网,202505
20250523,虚拟电厂,1,人民网,能源互联网,202505
20250523,能量路由器,0,人民网,能源互联网,202505
20250523,多能流,0,人民网,能源互联网,202505
20250523,需求侧,0,人民网,能源互联网,202505
20250523,抽水蓄能,0,人民网,能源互联网,202505
20250523,电化学储能,0,人民网,能源互联网,202505
20250529,新闻数量,1,人民网,能源互联网,202505
20250529,多能互补,0,人民网,能源互联网,202505
20250529,碳中和,0,人民网,能源互联网,202505
20250529,碳达峰,0,人民网,能源互联网,202505
20250529,柔性输电,0,人民网,能源互联网,202505
20250529,综合能源,0,人民网,能源互联网,202505
20250529,氢能,0,人民网,能源互联网,202505
20250529,电动汽车,0,人民网,能源互联网,202505
20250529,分布式交易,0,人民网,能源互联网,202505
20250529,微网,0,人民网,能源互联网,202505
20250529,新型电力系统,0,人民网,能源互联网,202505
20250529,储能,0,人民网,能源互联网,202505
20250529,CCHP,0,人民网,能源互联网,202505
20250529,燃料电池,0,人民网,能源互联网,202505
20250529,能源物联网,0,人民网,能源互联网,202505
20250529,能源大数据,0,人民网,能源互联网,202505
20250529,电力交易,0,人民网,能源互联网,202505
20250529,能效,0,人民网,能源互联网,202505
20250529,节能,0,人民网,能源互联网,202505
20250529,区块链,0,人民网,能源互联网,202505
20250529,虚拟电厂,0,人民网,能源互联网,202505
20250529,能量路由器,0,人民网,能源互联网,202505
20250529,多能流,0,人民网,能源互联网,202505
20250529,需求侧,0,人民网,能源互联网,202505
20250529,抽水蓄能,0,人民网,能源互联网,202505
20250529,电化学储能,0,人民网,能源互联网,202505
20250604,新闻数量,2,人民网,能源互联网,202506
20250604,多能互补,0,人民网,能源互联网,202506
20250604,碳中和,0,人民网,能源互联网,202506
20250604,碳达峰,0,人民网,能源互联网,202506
20250604,柔性输电,0,人民网,能源互联网,202506
20250604,综合能源,0,人民网,能源互联网,202506
20250604,氢能,0,人民网,能源互联网,202506
20250604,电动汽车,0,人民网,能源互联网,202506
20250604,分布式交易,0,人民网,能源互联网,202506
20250604,微网,0,人民网,能源互联网,202506
20250604,新型电力系统,0,人民网,能源互联网,202506
20250604,储能,0,人民网,能源互联网,202506
20250604,CCHP,0,人民网,能源互联网,202506
20250604,燃料电池,0,人民网,能源互联网,202506
20250604,能源物联网,0,人民网,能源互联网,202506
20250604,能源大数据,0,人民网,能源互联网,202506
20250604,电力交易,0,人民网,能源互联网,202506
20250604,能效,0,人民网,能源互联网,202506
20250604,节能,0,人民网,能源互联网,202506
20250604,区块链,0,人民网,能源互联网,202506
20250604,虚拟电厂,0,人民网,能源互联网,202506
20250604,能量路由器,0,人民网,能源互联网,202506
20250604,多能流,0,人民网,能源互联网,202506
20250604,需求侧,0,人民网,能源互联网,202506
20250604,抽水蓄能,0,人民网,能源互联网,202506
20250604,电化学储能,0,人民网,能源互联网,202506
20250605,新闻数量,6,人民网,能源互联网,202506
20250605,多能互补,0,人民网,能源互联网,202506
20250605,碳中和,0,人民网,能源互联网,202506
20250605,碳达峰,0,人民网,能源互联网,202506
20250605,柔性输电,0,人民网,能源互联网,202506
20250605,综合能源,0,人民网,能源互联网,202506
20250605,氢能,0,人民网,能源互联网,202506
20250605,电动汽车,0,人民网,能源互联网,202506
20250605,分布式交易,0,人民网,能源互联网,202506
20250605,微网,0,人民网,能源互联网,202506
20250605,新型电力系统,0,人民网,能源互联网,202506
20250605,储能,0,人民网,能源互联网,202506
20250605,CCHP,0,人民网,能源互联网,202506
20250605,燃料电池,0,人民网,能源互联网,202506
20250605,能源物联网,0,人民网,能源互联网,202506
20250605,能源大数据,0,人民网,能源互联网,202506
20250605,电力交易,0,人民网,能源互联网,202506
20250605,能效,0,人民网,能源互联网,202506
20250605,节能,0,人民网,能源互联网,202506
20250605,区块链,0,人民网,能源互联网,202506
20250605,虚拟电厂,0,人民网,能源互联网,202506
20250605,能量路由器,0,人民网,能源互联网,202506
20250605,多能流,0,人民网,能源互联网,202506
20250605,需求侧,0,人民网,能源互联网,202506
20250605,抽水蓄能,0,人民网,能源互联网,202506
20250605,电化学储能,0,人民网,能源互联网,202506
20250607,新闻数量,1,人民网,能源互联网,202506
20250607,多能互补,0,人民网,能源互联网,202506
20250607,碳中和,0,人民网,能源互联网,202506
20250607,碳达峰,0,人民网,能源互联网,202506
20250607,柔性输电,0,人民网,能源互联网,202506
20250607,综合能源,0,人民网,能源互联网,202506
20250607,氢能,0,人民网,能源互联网,202506
20250607,电动汽车,0,人民网,能源互联网,202506
20250607,分布式交易,0,人民网,能源互联网,202506
20250607,微网,0,人民网,能源互联网,202506
20250607,新型电力系统,0,人民网,能源互联网,202506
20250607,储能,0,人民网,能源互联网,202506
20250607,CCHP,0,人民网,能源互联网,202506
20250607,燃料电池,0,人民网,能源互联网,202506
20250607,能源物联网,0,人民网,能源互联网,202506
20250607,能源大数据,0,人民网,能源互联网,202506
20250607,电力交易,0,人民网,能源互联网,202506
20250607,能效,1,人民网,能源互联网,202506
20250607,节能,0,人民网,能源互联网,202506
20250607,区块链,0,人民网,能源互联网,202506
20250607,虚拟电厂,0,人民网,能源互联网,202506
20250607,能量路由器,0,人民网,能源互联网,202506
20250607,多能流,0,人民网,能源互联网,202506
20250607,需求侧,0,人民网,能源互联网,202506
20250607,抽水蓄能,0,人民网,能源互联网,202506
20250607,电化学储能,0,人民网,能源互联网,202506
20250608,新闻数量,1,人民网,能源互联网,202506
20250608,多能互补,0,人民网,能源互联网,202506
20250608,碳中和,7,人民网,能源互联网,202506
20250608,碳达峰,0,人民网,能源互联网,202506
20250608,柔性输电,0,人民网,能源互联网,202506
20250608,综合能源,0,人民网,能源互联网,202506
20250608,氢能,0,人民网,能源互联网,202506
20250608,电动汽车,0,人民网,能源互联网,202506
20250608,分布式交易,0,人民网,能源互联网,202506
20250608,微网,0,人民网,能源互联网,202506
20250608,新型电力系统,0,人民网,能源互联网,202506
20250608,储能,2,人民网,能源互联网,202506
20250608,CCHP,0,人民网,能源互联网,202506
20250608,燃料电池,0,人民网,能源互联网,202506
20250608,能源物联网,0,人民网,能源互联网,202506
20250608,能源大数据,0,人民网,能源互联网,202506
20250608,电力交易,0,人民网,能源互联网,202506
20250608,能效,0,人民网,能源互联网,202506
20250608,节能,0,人民网,能源互联网,202506
20250608,区块链,0,人民网,能源互联网,202506
20250608,虚拟电厂,0,人民网,能源互联网,202506
20250608,能量路由器,0,人民网,能源互联网,202506
20250608,多能流,0,人民网,能源互联网,202506
20250608,需求侧,0,人民网,能源互联网,202506
20250608,抽水蓄能,0,人民网,能源互联网,202506
20250608,电化学储能,0,人民网,能源互联网,202506
20250609,新闻数量,4,人民网,能源互联网,202506
20250609,多能互补,0,人民网,能源互联网,202506
20250609,碳中和,0,人民网,能源互联网,202506
20250609,碳达峰,0,人民网,能源互联网,202506
20250609,柔性输电,0,人民网,能源互联网,202506
20250609,综合能源,0,人民网,能源互联网,202506
20250609,氢能,0,人民网,能源互联网,202506
20250609,电动汽车,0,人民网,能源互联网,202506
20250609,分布式交易,0,人民网,能源互联网,202506
20250609,微网,0,人民网,能源互联网,202506
20250609,新型电力系统,0,人民网,能源互联网,202506
20250609,储能,0,人民网,能源互联网,202506
20250609,CCHP,0,人民网,能源互联网,202506
20250609,燃料电池,0,人民网,能源互联网,202506
20250609,能源物联网,0,人民网,能源互联网,202506
20250609,能源大数据,0,人民网,能源互联网,202506
20250609,电力交易,0,人民网,能源互联网,202506
20250609,能效,0,人民网,能源互联网,202506
20250609,节能,0,人民网,能源互联网,202506
20250609,区块链,0,人民网,能源互联网,202506
20250609,虚拟电厂,0,人民网,能源互联网,202506
20250609,能量路由器,0,人民网,能源互联网,202506
20250609,多能流,0,人民网,能源互联网,202506
20250609,需求侧,0,人民网,能源互联网,202506
20250609,抽水蓄能,0,人民网,能源互联网,202506
20250609,电化学储能,0,人民网,能源互联网,202506
20250611,新闻数量,1,人民网,能源互联网,202506
20250611,多能互补,0,人民网,能源互联网,202506
20250611,碳中和,1,人民网,能源互联网,202506
20250611,碳达峰,0,人民网,能源互联网,202506
20250611,柔性输电,0,人民网,能源互联网,202506
20250611,综合能源,0,人民网,能源互联网,202506
20250611,氢能,6,人民网,能源互联网,202506
20250611,电动汽车,0,人民网,能源互联网,202506
20250611,分布式交易,0,人民网,能源互联网,202506
20250611,微网,0,人民网,能源互联网,202506
20250611,新型电力系统,1,人民网,能源互联网,202506
20250611,储能,11,人民网,能源互联网,202506
20250611,CCHP,0,人民网,能源互联网,202506
20250611,燃料电池,1,人民网,能源互联网,202506
20250611,能源物联网,0,人民网,能源互联网,202506
20250611,能源大数据,0,人民网,能源互联网,202506
20250611,电力交易,0,人民网,能源互联网,202506
20250611,能效,0,人民网,能源互联网,202506
20250611,节能,0,人民网,能源互联网,202506
20250611,区块链,1,人民网,能源互联网,202506
20250611,虚拟电厂,1,人民网,能源互联网,202506
20250611,能量路由器,0,人民网,能源互联网,202506
20250611,多能流,0,人民网,能源互联网,202506
20250611,需求侧,0,人民网,能源互联网,202506
20250611,抽水蓄能,0,人民网,能源互联网,202506
20250611,电化学储能,0,人民网,能源互联网,202506
20250621,新闻数量,2,人民网,能源互联网,202506
20250621,多能互补,0,人民网,能源互联网,202506
20250621,碳中和,1,人民网,能源互联网,202506
20250621,碳达峰,0,人民网,能源互联网,202506
20250621,柔性输电,0,人民网,能源互联网,202506
20250621,综合能源,0,人民网,能源互联网,202506
20250621,氢能,0,人民网,能源互联网,202506
20250621,电动汽车,1,人民网,能源互联网,202506
20250621,分布式交易,0,人民网,能源互联网,202506
20250621,微网,0,人民网,能源互联网,202506
20250621,新型电力系统,0,人民网,能源互联网,202506
20250621,储能,0,人民网,能源互联网,202506
20250621,CCHP,0,人民网,能源互联网,202506
20250621,燃料电池,0,人民网,能源互联网,202506
20250621,能源物联网,0,人民网,能源互联网,202506
20250621,能源大数据,0,人民网,能源互联网,202506
20250621,电力交易,0,人民网,能源互联网,202506
20250621,能效,0,人民网,能源互联网,202506
20250621,节能,0,人民网,能源互联网,202506
20250621,区块链,0,人民网,能源互联网,202506
20250621,虚拟电厂,0,人民网,能源互联网,202506
20250621,能量路由器,0,人民网,能源互联网,202506
20250621,多能流,0,人民网,能源互联网,202506
20250621,需求侧,0,人民网,能源互联网,202506
20250621,抽水蓄能,0,人民网,能源互联网,202506
20250621,电化学储能,0,人民网,能源互联网,202506
20250629,新闻数量,1,人民网,能源互联网,202506
20250629,多能互补,0,人民网,能源互联网,202506
20250629,碳中和,0,人民网,能源互联网,202506
20250629,碳达峰,0,人民网,能源互联网,202506
20250629,柔性输电,0,人民网,能源互联网,202506
20250629,综合能源,0,人民网,能源互联网,202506
20250629,氢能,1,人民网,能源互联网,202506
20250629,电动汽车,0,人民网,能源互联网,202506
20250629,分布式交易,0,人民网,能源互联网,202506
20250629,微网,0,人民网,能源互联网,202506
20250629,新型电力系统,1,人民网,能源互联网,202506
20250629,储能,1,人民网,能源互联网,202506
20250629,CCHP,0,人民网,能源互联网,202506
20250629,燃料电池,0,人民网,能源互联网,202506
20250629,能源物联网,0,人民网,能源互联网,202506
20250629,能源大数据,0,人民网,能源互联网,202506
20250629,电力交易,0,人民网,能源互联网,202506
20250629,能效,0,人民网,能源互联网,202506
20250629,节能,0,人民网,能源互联网,202506
20250629,区块链,0,人民网,能源互联网,202506
20250629,虚拟电厂,0,人民网,能源互联网,202506
20250629,能量路由器,0,人民网,能源互联网,202506
20250629,多能流,0,人民网,能源互联网,202506
20250629,需求侧,0,人民网,能源互联网,202506
20250629,抽水蓄能,0,人民网,能源互联网,202506
20250629,电化学储能,0,人民网,能源互联网,202506
20250702,新闻数量,1,人民网,能源互联网,202507
20250702,多能互补,0,人民网,能源互联网,202507
20250702,碳中和,0,人民网,能源互联网,202507
20250702,碳达峰,0,人民网,能源互联网,202507
20250702,柔性输电,0,人民网,能源互联网,202507
20250702,综合能源,0,人民网,能源互联网,202507
20250702,氢能,0,人民网,能源互联网,202507
20250702,电动汽车,0,人民网,能源互联网,202507
20250702,分布式交易,0,人民网,能源互联网,202507
20250702,微网,0,人民网,能源互联网,202507
20250702,新型电力系统,0,人民网,能源互联网,202507
20250702,储能,0,人民网,能源互联网,202507
20250702,CCHP,0,人民网,能源互联网,202507
20250702,燃料电池,0,人民网,能源互联网,202507
20250702,能源物联网,0,人民网,能源互联网,202507
20250702,能源大数据,0,人民网,能源互联网,202507
20250702,电力交易,0,人民网,能源互联网,202507
20250702,能效,0,人民网,能源互联网,202507
20250702,节能,0,人民网,能源互联网,202507
20250702,区块链,0,人民网,能源互联网,202507
20250702,虚拟电厂,0,人民网,能源互联网,202507
20250702,能量路由器,0,人民网,能源互联网,202507
20250702,多能流,0,人民网,能源互联网,202507
20250702,需求侧,0,人民网,能源互联网,202507
20250702,抽水蓄能,0,人民网,能源互联网,202507
20250702,电化学储能,0,人民网,能源互联网,202507
20250703,新闻数量,4,人民网,能源互联网,202507
20250703,多能互补,0,人民网,能源互联网,202507
20250703,碳中和,0,人民网,能源互联网,202507
20250703,碳达峰,0,人民网,能源互联网,202507
20250703,柔性输电,0,人民网,能源互联网,202507
20250703,综合能源,0,人民网,能源互联网,202507
20250703,氢能,0,人民网,能源互联网,202507
20250703,电动汽车,0,人民网,能源互联网,202507
20250703,分布式交易,0,人民网,能源互联网,202507
20250703,微网,0,人民网,能源互联网,202507
20250703,新型电力系统,0,人民网,能源互联网,202507
20250703,储能,0,人民网,能源互联网,202507
20250703,CCHP,0,人民网,能源互联网,202507
20250703,燃料电池,0,人民网,能源互联网,202507
20250703,能源物联网,0,人民网,能源互联网,202507
20250703,能源大数据,0,人民网,能源互联网,202507
20250703,电力交易,0,人民网,能源互联网,202507
20250703,能效,0,人民网,能源互联网,202507
20250703,节能,0,人民网,能源互联网,202507
20250703,区块链,0,人民网,能源互联网,202507
20250703,虚拟电厂,0,人民网,能源互联网,202507
20250703,能量路由器,0,人民网,能源互联网,202507
20250703,多能流,0,人民网,能源互联网,202507
20250703,需求侧,0,人民网,能源互联网,202507
20250703,抽水蓄能,0,人民网,能源互联网,202507
20250703,电化学储能,0,人民网,能源互联网,202507
20250709,新闻数量,1,人民网,能源互联网,202507
20250709,多能互补,0,人民网,能源互联网,202507
20250709,碳中和,0,人民网,能源互联网,202507
20250709,碳达峰,0,人民网,能源互联网,202507
20250709,柔性输电,0,人民网,能源互联网,202507
20250709,综合能源,0,人民网,能源互联网,202507
20250709,氢能,1,人民网,能源互联网,202507
20250709,电动汽车,0,人民网,能源互联网,202507
20250709,分布式交易,0,人民网,能源互联网,202507
20250709,微网,0,人民网,能源互联网,202507
20250709,新型电力系统,0,人民网,能源互联网,202507
20250709,储能,1,人民网,能源互联网,202507
20250709,CCHP,0,人民网,能源互联网,202507
20250709,燃料电池,0,人民网,能源互联网,202507
20250709,能源物联网,0,人民网,能源互联网,202507
20250709,能源大数据,0,人民网,能源互联网,202507
20250709,电力交易,0,人民网,能源互联网,202507
20250709,能效,6,人民网,能源互联网,202507
20250709,节能,3,人民网,能源互联网,202507
20250709,区块链,0,人民网,能源互联网,202507
20250709,虚拟电厂,0,人民网,能源互联网,202507
20250709,能量路由器,0,人民网,能源互联网,202507
20250709,多能流,0,人民网,能源互联网,202507
20250709,需求侧,0,人民网,能源互联网,202507
20250709,抽水蓄能,0,人民网,能源互联网,202507
20250709,电化学储能,0,人民网,能源互联网,202507
20250714,新闻数量,1,人民网,能源互联网,202507
20250714,多能互补,0,人民网,能源互联网,202507
20250714,碳中和,0,人民网,能源互联网,202507
20250714,碳达峰,0,人民网,能源互联网,202507
20250714,柔性输电,0,人民网,能源互联网,202507
20250714,综合能源,0,人民网,能源互联网,202507
20250714,氢能,0,人民网,能源互联网,202507
20250714,电动汽车,0,人民网,能源互联网,202507
20250714,分布式交易,0,人民网,能源互联网,202507
20250714,微网,0,人民网,能源互联网,202507
20250714,新型电力系统,0,人民网,能源互联网,202507
20250714,储能,0,人民网,能源互联网,202507
20250714,CCHP,0,人民网,能源互联网,202507
20250714,燃料电池,0,人民网,能源互联网,202507
20250714,能源物联网,0,人民网,能源互联网,202507
20250714,能源大数据,0,人民网,能源互联网,202507
20250714,电力交易,0,人民网,能源互联网,202507
20250714,能效,3,人民网,能源互联网,202507
20250714,节能,5,人民网,能源互联网,202507
20250714,区块链,0,人民网,能源互联网,202507
20250714,虚拟电厂,4,人民网,能源互联网,202507
20250714,能量路由器,0,人民网,能源互联网,202507
20250714,多能流,0,人民网,能源互联网,202507
20250714,需求侧,0,人民网,能源互联网,202507
20250714,抽水蓄能,0,人民网,能源互联网,202507
20250714,电化学储能,0,人民网,能源互联网,202507
20250716,新闻数量,2,人民网,能源互联网,202507
20250716,多能互补,0,人民网,能源互联网,202507
20250716,碳中和,0,人民网,能源互联网,202507
20250716,碳达峰,0,人民网,能源互联网,202507
20250716,柔性输电,0,人民网,能源互联网,202507
20250716,综合能源,0,人民网,能源互联网,202507
20250716,氢能,0,人民网,能源互联网,202507
20250716,电动汽车,0,人民网,能源互联网,202507
20250716,分布式交易,0,人民网,能源互联网,202507
20250716,微网,0,人民网,能源互联网,202507
20250716,新型电力系统,0,人民网,能源互联网,202507
20250716,储能,1,人民网,能源互联网,202507
20250716,CCHP,0,人民网,能源互联网,202507
20250716,燃料电池,0,人民网,能源互联网,202507
20250716,能源物联网,0,人民网,能源互联网,202507
20250716,能源大数据,0,人民网,能源互联网,202507
20250716,电力交易,0,人民网,能源互联网,202507
20250716,能效,0,人民网,能源互联网,202507
20250716,节能,0,人民网,能源互联网,202507
20250716,区块链,0,人民网,能源互联网,202507
20250716,虚拟电厂,0,人民网,能源互联网,202507
20250716,能量路由器,0,人民网,能源互联网,202507
20250716,多能流,0,人民网,能源互联网,202507
20250716,需求侧,0,人民网,能源互联网,202507
20250716,抽水蓄能,0,人民网,能源互联网,202507
20250716,电化学储能,0,人民网,能源互联网,202507
20250717,新闻数量,1,人民网,能源互联网,202507
20250717,多能互补,0,人民网,能源互联网,202507
20250717,碳中和,0,人民网,能源互联网,202507
20250717,碳达峰,0,人民网,能源互联网,202507
20250717,柔性输电,0,人民网,能源互联网,202507
20250717,综合能源,0,人民网,能源互联网,202507
20250717,氢能,0,人民网,能源互联网,202507
20250717,电动汽车,0,人民网,能源互联网,202507
20250717,分布式交易,0,人民网,能源互联网,202507
20250717,微网,0,人民网,能源互联网,202507
20250717,新型电力系统,0,人民网,能源互联网,202507
20250717,储能,0,人民网,能源互联网,202507
20250717,CCHP,0,人民网,能源互联网,202507
20250717,燃料电池,0,人民网,能源互联网,202507
20250717,能源物联网,0,人民网,能源互联网,202507
20250717,能源大数据,0,人民网,能源互联网,202507
20250717,电力交易,0,人民网,能源互联网,202507
20250717,能效,0,人民网,能源互联网,202507
20250717,节能,0,人民网,能源互联网,202507
20250717,区块链,0,人民网,能源互联网,202507
20250717,虚拟电厂,0,人民网,能源互联网,202507
20250717,能量路由器,0,人民网,能源互联网,202507
20250717,多能流,0,人民网,能源互联网,202507
20250717,需求侧,0,人民网,能源互联网,202507
20250717,抽水蓄能,0,人民网,能源互联网,202507
20250717,电化学储能,0,人民网,能源互联网,202507
20250721,新闻数量,4,人民网,能源互联网,202507
20250721,多能互补,0,人民网,能源互联网,202507
20250721,碳中和,0,人民网,能源互联网,202507
20250721,碳达峰,0,人民网,能源互联网,202507
20250721,柔性输电,0,人民网,能源互联网,202507
20250721,综合能源,0,人民网,能源互联网,202507
20250721,氢能,0,人民网,能源互联网,202507
20250721,电动汽车,0,人民网,能源互联网,202507
20250721,分布式交易,0,人民网,能源互联网,202507
20250721,微网,0,人民网,能源互联网,202507
20250721,新型电力系统,0,人民网,能源互联网,202507
20250721,储能,0,人民网,能源互联网,202507
20250721,CCHP,0,人民网,能源互联网,202507
20250721,燃料电池,0,人民网,能源互联网,202507
20250721,能源物联网,0,人民网,能源互联网,202507
20250721,能源大数据,0,人民网,能源互联网,202507
20250721,电力交易,0,人民网,能源互联网,202507
20250721,能效,0,人民网,能源互联网,202507
20250721,节能,0,人民网,能源互联网,202507
20250721,区块链,0,人民网,能源互联网,202507
20250721,虚拟电厂,0,人民网,能源互联网,202507
20250721,能量路由器,0,人民网,能源互联网,202507
20250721,多能流,0,人民网,能源互联网,202507
20250721,需求侧,0,人民网,能源互联网,202507
20250721,抽水蓄能,0,人民网,能源互联网,202507
20250721,电化学储能,0,人民网,能源互联网,202507
20250723,新闻数量,1,人民网,能源互联网,202507
20250723,多能互补,0,人民网,能源互联网,202507
20250723,碳中和,2,人民网,能源互联网,202507
20250723,碳达峰,1,人民网,能源互联网,202507
20250723,柔性输电,0,人民网,能源互联网,202507
20250723,综合能源,0,人民网,能源互联网,202507
20250723,氢能,0,人民网,能源互联网,202507
20250723,电动汽车,0,人民网,能源互联网,202507
20250723,分布式交易,0,人民网,能源互联网,202507
20250723,微网,0,人民网,能源互联网,202507
20250723,新型电力系统,0,人民网,能源互联网,202507
20250723,储能,2,人民网,能源互联网,202507
20250723,CCHP,0,人民网,能源互联网,202507
20250723,燃料电池,0,人民网,能源互联网,202507
20250723,能源物联网,0,人民网,能源互联网,202507
20250723,能源大数据,0,人民网,能源互联网,202507
20250723,电力交易,0,人民网,能源互联网,202507
20250723,能效,0,人民网,能源互联网,202507
20250723,节能,0,人民网,能源互联网,202507
20250723,区块链,0,人民网,能源互联网,202507
20250723,虚拟电厂,11,人民网,能源互联网,202507
20250723,能量路由器,0,人民网,能源互联网,202507
20250723,多能流,0,人民网,能源互联网,202507
20250723,需求侧,0,人民网,能源互联网,202507
20250723,抽水蓄能,0,人民网,能源互联网,202507
20250723,电化学储能,0,人民网,能源互联网,202507
20250725,新闻数量,2,人民网,能源互联网,202507
20250725,多能互补,1,人民网,能源互联网,202507
20250725,碳中和,1,人民网,能源互联网,202507
20250725,碳达峰,0,人民网,能源互联网,202507
20250725,柔性输电,0,人民网,能源互联网,202507
20250725,综合能源,0,人民网,能源互联网,202507
20250725,氢能,1,人民网,能源互联网,202507
20250725,电动汽车,0,人民网,能源互联网,202507
20250725,分布式交易,0,人民网,能源互联网,202507
20250725,微网,0,人民网,能源互联网,202507
20250725,新型电力系统,1,人民网,能源互联网,202507
20250725,储能,17,人民网,能源互联网,202507
20250725,CCHP,0,人民网,能源互联网,202507
20250725,燃料电池,0,人民网,能源互联网,202507
20250725,能源物联网,0,人民网,能源互联网,202507
20250725,能源大数据,0,人民网,能源互联网,202507
20250725,电力交易,0,人民网,能源互联网,202507
20250725,能效,4,人民网,能源互联网,202507
20250725,节能,2,人民网,能源互联网,202507
20250725,区块链,1,人民网,能源互联网,202507
20250725,虚拟电厂,5,人民网,能源互联网,202507
20250725,能量路由器,0,人民网,能源互联网,202507
20250725,多能流,0,人民网,能源互联网,202507
20250725,需求侧,1,人民网,能源互联网,202507
20250725,抽水蓄能,0,人民网,能源互联网,202507
20250725,电化学储能,1,人民网,能源互联网,202507
20250729,新闻数量,1,人民网,能源互联网,202507
20250729,多能互补,0,人民网,能源互联网,202507
20250729,碳中和,0,人民网,能源互联网,202507
20250729,碳达峰,0,人民网,能源互联网,202507
20250729,柔性输电,0,人民网,能源互联网,202507
20250729,综合能源,0,人民网,能源互联网,202507
20250729,氢能,0,人民网,能源互联网,202507
20250729,电动汽车,0,人民网,能源互联网,202507
20250729,分布式交易,0,人民网,能源互联网,202507
20250729,微网,0,人民网,能源互联网,202507
20250729,新型电力系统,1,人民网,能源互联网,202507
20250729,储能,0,人民网,能源互联网,202507
20250729,CCHP,0,人民网,能源互联网,202507
20250729,燃料电池,0,人民网,能源互联网,202507
20250729,能源物联网,0,人民网,能源互联网,202507
20250729,能源大数据,0,人民网,能源互联网,202507
20250729,电力交易,0,人民网,能源互联网,202507
20250729,能效,0,人民网,能源互联网,202507
20250729,节能,0,人民网,能源互联网,202507
20250729,区块链,0,人民网,能源互联网,202507
20250729,虚拟电厂,0,人民网,能源互联网,202507
20250729,能量路由器,0,人民网,能源互联网,202507
20250729,多能流,0,人民网,能源互联网,202507
20250729,需求侧,0,人民网,能源互联网,202507
20250729,抽水蓄能,0,人民网,能源互联网,202507
20250729,电化学储能,0,人民网,能源互联网,202507
20250730,新闻数量,2,人民网,能源互联网,202507
20250730,多能互补,0,人民网,能源互联网,202507
20250730,碳中和,0,人民网,能源互联网,202507
20250730,碳达峰,0,人民网,能源互联网,202507
20250730,柔性输电,0,人民网,能源互联网,202507
20250730,综合能源,0,人民网,能源互联网,202507
20250730,氢能,0,人民网,能源互联网,202507
20250730,电动汽车,0,人民网,能源互联网,202507
20250730,分布式交易,0,人民网,能源互联网,202507
20250730,微网,0,人民网,能源互联网,202507
20250730,新型电力系统,0,人民网,能源互联网,202507
20250730,储能,0,人民网,能源互联网,202507
20250730,CCHP,0,人民网,能源互联网,202507
20250730,燃料电池,0,人民网,能源互联网,202507
20250730,能源物联网,0,人民网,能源互联网,202507
20250730,能源大数据,0,人民网,能源互联网,202507
20250730,电力交易,0,人民网,能源互联网,202507
20250730,能效,0,人民网,能源互联网,202507
20250730,节能,0,人民网,能源互联网,202507
20250730,区块链,0,人民网,能源互联网,202507
20250730,虚拟电厂,0,人民网,能源互联网,202507
20250730,能量路由器,0,人民网,能源互联网,202507
20250730,多能流,0,人民网,能源互联网,202507
20250730,需求侧,0,人民网,能源互联网,202507
20250730,抽水蓄能,0,人民网,能源互联网,202507
20250730,电化学储能,0,人民网,能源互联网,202507
20250731,新闻数量,2,人民网,能源互联网,202507
20250731,多能互补,0,人民网,能源互联网,202507
20250731,碳中和,0,人民网,能源互联网,202507
20250731,碳达峰,0,人民网,能源互联网,202507
20250731,柔性输电,0,人民网,能源互联网,202507
20250731,综合能源,0,人民网,能源互联网,202507
20250731,氢能,0,人民网,能源互联网,202507
20250731,电动汽车,0,人民网,能源互联网,202507
20250731,分布式交易,0,人民网,能源互联网,202507
20250731,微网,0,人民网,能源互联网,202507
20250731,新型电力系统,0,人民网,能源互联网,202507
20250731,储能,8,人民网,能源互联网,202507
20250731,CCHP,0,人民网,能源互联网,202507
20250731,燃料电池,0,人民网,能源互联网,202507
20250731,能源物联网,0,人民网,能源互联网,202507
20250731,能源大数据,0,人民网,能源互联网,202507
20250731,电力交易,0,人民网,能源互联网,202507
20250731,能效,0,人民网,能源互联网,202507
20250731,节能,0,人民网,能源互联网,202507
20250731,区块链,0,人民网,能源互联网,202507
20250731,虚拟电厂,0,人民网,能源互联网,202507
20250731,能量路由器,0,人民网,能源互联网,202507
20250731,多能流,0,人民网,能源互联网,202507
20250731,需求侧,0,人民网,能源互联网,202507
20250731,抽水蓄能,0,人民网,能源互联网,202507
20250731,电化学储能,0,人民网,能源互联网,202507
20250805,新闻数量,1,人民网,能源互联网,202508
20250805,多能互补,0,人民网,能源互联网,202508
20250805,碳中和,0,人民网,能源互联网,202508
20250805,碳达峰,0,人民网,能源互联网,202508
20250805,柔性输电,0,人民网,能源互联网,202508
20250805,综合能源,0,人民网,能源互联网,202508
20250805,氢能,0,人民网,能源互联网,202508
20250805,电动汽车,0,人民网,能源互联网,202508
20250805,分布式交易,0,人民网,能源互联网,202508
20250805,微网,0,人民网,能源互联网,202508
20250805,新型电力系统,0,人民网,能源互联网,202508
20250805,储能,0,人民网,能源互联网,202508
20250805,CCHP,0,人民网,能源互联网,202508
20250805,燃料电池,0,人民网,能源互联网,202508
20250805,能源物联网,0,人民网,能源互联网,202508
20250805,能源大数据,0,人民网,能源互联网,202508
20250805,电力交易,0,人民网,能源互联网,202508
20250805,能效,0,人民网,能源互联网,202508
20250805,节能,0,人民网,能源互联网,202508
20250805,区块链,0,人民网,能源互联网,202508
20250805,虚拟电厂,0,人民网,能源互联网,202508
20250805,能量路由器,0,人民网,能源互联网,202508
20250805,多能流,0,人民网,能源互联网,202508
20250805,需求侧,0,人民网,能源互联网,202508
20250805,抽水蓄能,0,人民网,能源互联网,202508
20250805,电化学储能,0,人民网,能源互联网,202508
20250807,新闻数量,1,人民网,能源互联网,202508
20250807,多能互补,0,人民网,能源互联网,202508
20250807,碳中和,0,人民网,能源互联网,202508
20250807,碳达峰,0,人民网,能源互联网,202508
20250807,柔性输电,0,人民网,能源互联网,202508
20250807,综合能源,0,人民网,能源互联网,202508
20250807,氢能,0,人民网,能源互联网,202508
20250807,电动汽车,1,人民网,能源互联网,202508
20250807,分布式交易,0,人民网,能源互联网,202508
20250807,微网,0,人民网,能源互联网,202508
20250807,新型电力系统,0,人民网,能源互联网,202508
20250807,储能,6,人民网,能源互联网,202508
20250807,CCHP,0,人民网,能源互联网,202508
20250807,燃料电池,0,人民网,能源互联网,202508
20250807,能源物联网,0,人民网,能源互联网,202508
20250807,能源大数据,0,人民网,能源互联网,202508
20250807,电力交易,0,人民网,能源互联网,202508
20250807,能效,0,人民网,能源互联网,202508
20250807,节能,0,人民网,能源互联网,202508
20250807,区块链,0,人民网,能源互联网,202508
20250807,虚拟电厂,3,人民网,能源互联网,202508
20250807,能量路由器,0,人民网,能源互联网,202508
20250807,多能流,0,人民网,能源互联网,202508
20250807,需求侧,0,人民网,能源互联网,202508
20250807,抽水蓄能,0,人民网,能源互联网,202508
20250807,电化学储能,0,人民网,能源互联网,202508
20250811,新闻数量,1,人民网,能源互联网,202508
20250811,多能互补,0,人民网,能源互联网,202508
20250811,碳中和,0,人民网,能源互联网,202508
20250811,碳达峰,0,人民网,能源互联网,202508
20250811,柔性输电,0,人民网,能源互联网,202508
20250811,综合能源,0,人民网,能源互联网,202508
20250811,氢能,0,人民网,能源互联网,202508
20250811,电动汽车,0,人民网,能源互联网,202508
20250811,分布式交易,0,人民网,能源互联网,202508
20250811,微网,0,人民网,能源互联网,202508
20250811,新型电力系统,0,人民网,能源互联网,202508
20250811,储能,0,人民网,能源互联网,202508
20250811,CCHP,0,人民网,能源互联网,202508
20250811,燃料电池,0,人民网,能源互联网,202508
20250811,能源物联网,0,人民网,能源互联网,202508
20250811,能源大数据,0,人民网,能源互联网,202508
20250811,电力交易,0,人民网,能源互联网,202508
20250811,能效,1,人民网,能源互联网,202508
20250811,节能,1,人民网,能源互联网,202508
20250811,区块链,0,人民网,能源互联网,202508
20250811,虚拟电厂,0,人民网,能源互联网,202508
20250811,能量路由器,0,人民网,能源互联网,202508
20250811,多能流,0,人民网,能源互联网,202508
20250811,需求侧,0,人民网,能源互联网,202508
20250811,抽水蓄能,0,人民网,能源互联网,202508
20250811,电化学储能,0,人民网,能源互联网,202508
20250813,新闻数量,1,人民网,能源互联网,202508
20250813,多能互补,0,人民网,能源互联网,202508
20250813,碳中和,0,人民网,能源互联网,202508
20250813,碳达峰,0,人民网,能源互联网,202508
20250813,柔性输电,0,人民网,能源互联网,202508
20250813,综合能源,0,人民网,能源互联网,202508
20250813,氢能,0,人民网,能源互联网,202508
20250813,电动汽车,0,人民网,能源互联网,202508
20250813,分布式交易,0,人民网,能源互联网,202508
20250813,微网,0,人民网,能源互联网,202508
20250813,新型电力系统,0,人民网,能源互联网,202508
20250813,储能,9,人民网,能源互联网,202508
20250813,CCHP,0,人民网,能源互联网,202508
20250813,燃料电池,0,人民网,能源互联网,202508
20250813,能源物联网,0,人民网,能源互联网,202508
20250813,能源大数据,0,人民网,能源互联网,202508
20250813,电力交易,0,人民网,能源互联网,202508
20250813,能效,0,人民网,能源互联网,202508
20250813,节能,1,人民网,能源互联网,202508
20250813,区块链,0,人民网,能源互联网,202508
20250813,虚拟电厂,0,人民网,能源互联网,202508
20250813,能量路由器,0,人民网,能源互联网,202508
20250813,多能流,0,人民网,能源互联网,202508
20250813,需求侧,0,人民网,能源互联网,202508
20250813,抽水蓄能,0,人民网,能源互联网,202508
20250813,电化学储能,1,人民网,能源互联网,202508
20250814,新闻数量,1,人民网,能源互联网,202508
20250814,多能互补,0,人民网,能源互联网,202508
20250814,碳中和,0,人民网,能源互联网,202508
20250814,碳达峰,0,人民网,能源互联网,202508
20250814,柔性输电,0,人民网,能源互联网,202508
20250814,综合能源,0,人民网,能源互联网,202508
20250814,氢能,0,人民网,能源互联网,202508
20250814,电动汽车,0,人民网,能源互联网,202508
20250814,分布式交易,0,人民网,能源互联网,202508
20250814,微网,0,人民网,能源互联网,202508
20250814,新型电力系统,0,人民网,能源互联网,202508
20250814,储能,0,人民网,能源互联网,202508
20250814,CCHP,0,人民网,能源互联网,202508
20250814,燃料电池,0,人民网,能源互联网,202508
20250814,能源物联网,0,人民网,能源互联网,202508
20250814,能源大数据,0,人民网,能源互联网,202508
20250814,电力交易,0,人民网,能源互联网,202508
20250814,能效,0,人民网,能源互联网,202508
20250814,节能,0,人民网,能源互联网,202508
20250814,区块链,0,人民网,能源互联网,202508
20250814,虚拟电厂,0,人民网,能源互联网,202508
20250814,能量路由器,0,人民网,能源互联网,202508
20250814,多能流,0,人民网,能源互联网,202508
20250814,需求侧,0,人民网,能源互联网,202508
20250814,抽水蓄能,0,人民网,能源互联网,202508
20250814,电化学储能,0,人民网,能源互联网,202508
20250816,新闻数量,2,人民网,能源互联网,202508
20250816,多能互补,0,人民网,能源互联网,202508
20250816,碳中和,0,人民网,能源互联网,202508
20250816,碳达峰,0,人民网,能源互联网,202508
20250816,柔性输电,0,人民网,能源互联网,202508
20250816,综合能源,0,人民网,能源互联网,202508
20250816,氢能,1,人民网,能源互联网,202508
20250816,电动汽车,0,人民网,能源互联网,202508
20250816,分布式交易,0,人民网,能源互联网,202508
20250816,微网,0,人民网,能源互联网,202508
20250816,新型电力系统,0,人民网,能源互联网,202508
20250816,储能,1,人民网,能源互联网,202508
20250816,CCHP,0,人民网,能源互联网,202508
20250816,燃料电池,0,人民网,能源互联网,202508
20250816,能源物联网,0,人民网,能源互联网,202508
20250816,能源大数据,0,人民网,能源互联网,202508
20250816,电力交易,0,人民网,能源互联网,202508
20250816,能效,1,人民网,能源互联网,202508
20250816,节能,4,人民网,能源互联网,202508
20250816,区块链,0,人民网,能源互联网,202508
20250816,虚拟电厂,0,人民网,能源互联网,202508
20250816,能量路由器,0,人民网,能源互联网,202508
20250816,多能流,0,人民网,能源互联网,202508
20250816,需求侧,0,人民网,能源互联网,202508
20250816,抽水蓄能,0,人民网,能源互联网,202508
20250816,电化学储能,0,人民网,能源互联网,202508
20250818,新闻数量,3,人民网,能源互联网,202508
20250818,多能互补,0,人民网,能源互联网,202508
20250818,碳中和,0,人民网,能源互联网,202508
20250818,碳达峰,0,人民网,能源互联网,202508
20250818,柔性输电,0,人民网,能源互联网,202508
20250818,综合能源,0,人民网,能源互联网,202508
20250818,氢能,3,人民网,能源互联网,202508
20250818,电动汽车,0,人民网,能源互联网,202508
20250818,分布式交易,0,人民网,能源互联网,202508
20250818,微网,0,人民网,能源互联网,202508
20250818,新型电力系统,3,人民网,能源互联网,202508
20250818,储能,6,人民网,能源互联网,202508
20250818,CCHP,0,人民网,能源互联网,202508
20250818,燃料电池,0,人民网,能源互联网,202508
20250818,能源物联网,0,人民网,能源互联网,202508
20250818,能源大数据,0,人民网,能源互联网,202508
20250818,电力交易,0,人民网,能源互联网,202508
20250818,能效,0,人民网,能源互联网,202508
20250818,节能,0,人民网,能源互联网,202508
20250818,区块链,0,人民网,能源互联网,202508
20250818,虚拟电厂,0,人民网,能源互联网,202508
20250818,能量路由器,0,人民网,能源互联网,202508
20250818,多能流,0,人民网,能源互联网,202508
20250818,需求侧,0,人民网,能源互联网,202508
20250818,抽水蓄能,0,人民网,能源互联网,202508
20250818,电化学储能,0,人民网,能源互联网,202508
20250819,新闻数量,1,人民网,能源互联网,202508
20250819,多能互补,0,人民网,能源互联网,202508
20250819,碳中和,1,人民网,能源互联网,202508
20250819,碳达峰,0,人民网,能源互联网,202508
20250819,柔性输电,0,人民网,能源互联网,202508
20250819,综合能源,0,人民网,能源互联网,202508
20250819,氢能,1,人民网,能源互联网,202508
20250819,电动汽车,0,人民网,能源互联网,202508
20250819,分布式交易,0,人民网,能源互联网,202508
20250819,微网,0,人民网,能源互联网,202508
20250819,新型电力系统,0,人民网,能源互联网,202508
20250819,储能,1,人民网,能源互联网,202508
20250819,CCHP,0,人民网,能源互联网,202508
20250819,燃料电池,0,人民网,能源互联网,202508
20250819,能源物联网,0,人民网,能源互联网,202508
20250819,能源大数据,0,人民网,能源互联网,202508
20250819,电力交易,0,人民网,能源互联网,202508
20250819,能效,0,人民网,能源互联网,202508
20250819,节能,0,人民网,能源互联网,202508
20250819,区块链,0,人民网,能源互联网,202508
20250819,虚拟电厂,0,人民网,能源互联网,202508
20250819,能量路由器,0,人民网,能源互联网,202508
20250819,多能流,0,人民网,能源互联网,202508
20250819,需求侧,0,人民网,能源互联网,202508
20250819,抽水蓄能,0,人民网,能源互联网,202508
20250819,电化学储能,0,人民网,能源互联网,202508
20250902,新闻数量,3,人民网,能源互联网,202509
20250902,多能互补,0,人民网,能源互联网,202509
20250902,碳中和,3,人民网,能源互联网,202509
20250902,碳达峰,0,人民网,能源互联网,202509
20250902,柔性输电,0,人民网,能源互联网,202509
20250902,综合能源,0,人民网,能源互联网,202509
20250902,氢能,0,人民网,能源互联网,202509
20250902,电动汽车,0,人民网,能源互联网,202509
20250902,分布式交易,0,人民网,能源互联网,202509
20250902,微网,0,人民网,能源互联网,202509
20250902,新型电力系统,0,人民网,能源互联网,202509
20250902,储能,0,人民网,能源互联网,202509
20250902,CCHP,0,人民网,能源互联网,202509
20250902,燃料电池,0,人民网,能源互联网,202509
20250902,能源物联网,0,人民网,能源互联网,202509
20250902,能源大数据,0,人民网,能源互联网,202509
20250902,电力交易,6,人民网,能源互联网,202509
20250902,能效,0,人民网,能源互联网,202509
20250902,节能,21,人民网,能源互联网,202509
20250902,区块链,0,人民网,能源互联网,202509
20250902,虚拟电厂,0,人民网,能源互联网,202509
20250902,能量路由器,0,人民网,能源互联网,202509
20250902,多能流,0,人民网,能源互联网,202509
20250902,需求侧,0,人民网,能源互联网,202509
20250902,抽水蓄能,0,人民网,能源互联网,202509
20250902,电化学储能,0,人民网,能源互联网,202509
20250909,新闻数量,3,人民网,能源互联网,202509
20250909,多能互补,0,人民网,能源互联网,202509
20250909,碳中和,0,人民网,能源互联网,202509
20250909,碳达峰,0,人民网,能源互联网,202509
20250909,柔性输电,0,人民网,能源互联网,202509
20250909,综合能源,0,人民网,能源互联网,202509
20250909,氢能,2,人民网,能源互联网,202509
20250909,电动汽车,0,人民网,能源互联网,202509
20250909,分布式交易,0,人民网,能源互联网,202509
20250909,微网,0,人民网,能源互联网,202509
20250909,新型电力系统,0,人民网,能源互联网,202509
20250909,储能,6,人民网,能源互联网,202509
20250909,CCHP,0,人民网,能源互联网,202509
20250909,燃料电池,0,人民网,能源互联网,202509
20250909,能源物联网,0,人民网,能源互联网,202509
20250909,能源大数据,0,人民网,能源互联网,202509
20250909,电力交易,0,人民网,能源互联网,202509
20250909,能效,0,人民网,能源互联网,202509
20250909,节能,1,人民网,能源互联网,202509
20250909,区块链,0,人民网,能源互联网,202509
20250909,虚拟电厂,0,人民网,能源互联网,202509
20250909,能量路由器,0,人民网,能源互联网,202509
20250909,多能流,0,人民网,能源互联网,202509
20250909,需求侧,0,人民网,能源互联网,202509
20250909,抽水蓄能,0,人民网,能源互联网,202509
20250909,电化学储能,1,人民网,能源互联网,202509
20250910,新闻数量,2,人民网,能源互联网,202509
20250910,多能互补,0,人民网,能源互联网,202509
20250910,碳中和,0,人民网,能源互联网,202509
20250910,碳达峰,0,人民网,能源互联网,202509
20250910,柔性输电,0,人民网,能源互联网,202509
20250910,综合能源,0,人民网,能源互联网,202509
20250910,氢能,0,人民网,能源互联网,202509
20250910,电动汽车,0,人民网,能源互联网,202509
20250910,分布式交易,0,人民网,能源互联网,202509
20250910,微网,0,人民网,能源互联网,202509
20250910,新型电力系统,0,人民网,能源互联网,202509
20250910,储能,0,人民网,能源互联网,202509
20250910,CCHP,0,人民网,能源互联网,202509
20250910,燃料电池,0,人民网,能源互联网,202509
20250910,能源物联网,0,人民网,能源互联网,202509
20250910,能源大数据,0,人民网,能源互联网,202509
20250910,电力交易,0,人民网,能源互联网,202509
20250910,能效,0,人民网,能源互联网,202509
20250910,节能,0,人民网,能源互联网,202509
20250910,区块链,0,人民网,能源互联网,202509
20250910,虚拟电厂,0,人民网,能源互联网,202509
20250910,能量路由器,0,人民网,能源互联网,202509
20250910,多能流,0,人民网,能源互联网,202509
20250910,需求侧,0,人民网,能源互联网,202509
20250910,抽水蓄能,0,人民网,能源互联网,202509
20250910,电化学储能,0,人民网,能源互联网,202509
20250911,新闻数量,1,人民网,能源互联网,202509
20250911,多能互补,0,人民网,能源互联网,202509
20250911,碳中和,0,人民网,能源互联网,202509
20250911,碳达峰,0,人民网,能源互联网,202509
20250911,柔性输电,0,人民网,能源互联网,202509
20250911,综合能源,0,人民网,能源互联网,202509
20250911,氢能,0,人民网,能源互联网,202509
20250911,电动汽车,0,人民网,能源互联网,202509
20250911,分布式交易,0,人民网,能源互联网,202509
20250911,微网,0,人民网,能源互联网,202509
20250911,新型电力系统,0,人民网,能源互联网,202509
20250911,储能,0,人民网,能源互联网,202509
20250911,CCHP,0,人民网,能源互联网,202509
20250911,燃料电池,0,人民网,能源互联网,202509
20250911,能源物联网,0,人民网,能源互联网,202509
20250911,能源大数据,0,人民网,能源互联网,202509
20250911,电力交易,0,人民网,能源互联网,202509
20250911,能效,0,人民网,能源互联网,202509
20250911,节能,2,人民网,能源互联网,202509
20250911,区块链,0,人民网,能源互联网,202509
20250911,虚拟电厂,1,人民网,能源互联网,202509
20250911,能量路由器,0,人民网,能源互联网,202509
20250911,多能流,0,人民网,能源互联网,202509
20250911,需求侧,0,人民网,能源互联网,202509
20250911,抽水蓄能,0,人民网,能源互联网,202509
20250911,电化学储能,0,人民网,能源互联网,202509
20250912,新闻数量,2,人民网,能源互联网,202509
20250912,多能互补,0,人民网,能源互联网,202509
20250912,碳中和,0,人民网,能源互联网,202509
20250912,碳达峰,0,人民网,能源互联网,202509
20250912,柔性输电,0,人民网,能源互联网,202509
20250912,综合能源,0,人民网,能源互联网,202509
20250912,氢能,2,人民网,能源互联网,202509
20250912,电动汽车,0,人民网,能源互联网,202509
20250912,分布式交易,0,人民网,能源互联网,202509
20250912,微网,0,人民网,能源互联网,202509
20250912,新型电力系统,0,人民网,能源互联网,202509
20250912,储能,0,人民网,能源互联网,202509
20250912,CCHP,0,人民网,能源互联网,202509
20250912,燃料电池,0,人民网,能源互联网,202509
20250912,能源物联网,0,人民网,能源互联网,202509
20250912,能源大数据,0,人民网,能源互联网,202509
20250912,电力交易,0,人民网,能源互联网,202509
20250912,能效,0,人民网,能源互联网,202509
20250912,节能,0,人民网,能源互联网,202509
20250912,区块链,0,人民网,能源互联网,202509
20250912,虚拟电厂,0,人民网,能源互联网,202509
20250912,能量路由器,0,人民网,能源互联网,202509
20250912,多能流,0,人民网,能源互联网,202509
20250912,需求侧,0,人民网,能源互联网,202509
20250912,抽水蓄能,0,人民网,能源互联网,202509
20250912,电化学储能,0,人民网,能源互联网,202509
20250919,新闻数量,1,人民网,能源互联网,202509
20250919,多能互补,0,人民网,能源互联网,202509
20250919,碳中和,0,人民网,能源互联网,202509
20250919,碳达峰,0,人民网,能源互联网,202509
20250919,柔性输电,0,人民网,能源互联网,202509
20250919,综合能源,0,人民网,能源互联网,202509
20250919,氢能,0,人民网,能源互联网,202509
20250919,电动汽车,0,人民网,能源互联网,202509
20250919,分布式交易,0,人民网,能源互联网,202509
20250919,微网,0,人民网,能源互联网,202509
20250919,新型电力系统,0,人民网,能源互联网,202509
20250919,储能,0,人民网,能源互联网,202509
20250919,CCHP,0,人民网,能源互联网,202509
20250919,燃料电池,0,人民网,能源互联网,202509
20250919,能源物联网,0,人民网,能源互联网,202509
20250919,能源大数据,0,人民网,能源互联网,202509
20250919,电力交易,0,人民网,能源互联网,202509
20250919,能效,1,人民网,能源互联网,202509
20250919,节能,1,人民网,能源互联网,202509
20250919,区块链,0,人民网,能源互联网,202509
20250919,虚拟电厂,0,人民网,能源互联网,202509
20250919,能量路由器,0,人民网,能源互联网,202509
20250919,多能流,0,人民网,能源互联网,202509
20250919,需求侧,0,人民网,能源互联网,202509
20250919,抽水蓄能,0,人民网,能源互联网,202509
20250919,电化学储能,0,人民网,能源互联网,202509
20250923,新闻数量,1,人民网,能源互联网,202509
20250923,多能互补,0,人民网,能源互联网,202509
20250923,碳中和,0,人民网,能源互联网,202509
20250923,碳达峰,0,人民网,能源互联网,202509
20250923,柔性输电,0,人民网,能源互联网,202509
20250923,综合能源,0,人民网,能源互联网,202509
20250923,氢能,0,人民网,能源互联网,202509
20250923,电动汽车,0,人民网,能源互联网,202509
20250923,分布式交易,0,人民网,能源互联网,202509
20250923,微网,0,人民网,能源互联网,202509
20250923,新型电力系统,0,人民网,能源互联网,202509
20250923,储能,0,人民网,能源互联网,202509
20250923,CCHP,0,人民网,能源互联网,202509
20250923,燃料电池,0,人民网,能源互联网,202509
20250923,能源物联网,0,人民网,能源互联网,202509
20250923,能源大数据,0,人民网,能源互联网,202509
20250923,电力交易,0,人民网,能源互联网,202509
20250923,能效,0,人民网,能源互联网,202509
20250923,节能,0,人民网,能源互联网,202509
20250923,区块链,0,人民网,能源互联网,202509
20250923,虚拟电厂,0,人民网,能源互联网,202509
20250923,能量路由器,0,人民网,能源互联网,202509
20250923,多能流,0,人民网,能源互联网,202509
20250923,需求侧,0,人民网,能源互联网,202509
20250923,抽水蓄能,0,人民网,能源互联网,202509
20250923,电化学储能,0,人民网,能源互联网,202509
20250926,新闻数量,1,人民网,能源互联网,202509
20250926,多能互补,0,人民网,能源互联网,202509
20250926,碳中和,0,人民网,能源互联网,202509
20250926,碳达峰,0,人民网,能源互联网,202509
20250926,柔性输电,0,人民网,能源互联网,202509
20250926,综合能源,0,人民网,能源互联网,202509
20250926,氢能,0,人民网,能源互联网,202509
20250926,电动汽车,0,人民网,能源互联网,202509
20250926,分布式交易,0,人民网,能源互联网,202509
20250926,微网,0,人民网,能源互联网,202509
20250926,新型电力系统,0,人民网,能源互联网,202509
20250926,储能,0,人民网,能源互联网,202509
20250926,CCHP,0,人民网,能源互联网,202509
20250926,燃料电池,0,人民网,能源互联网,202509
20250926,能源物联网,0,人民网,能源互联网,202509
20250926,能源大数据,0,人民网,能源互联网,202509
20250926,电力交易,0,人民网,能源互联网,202509
20250926,能效,0,人民网,能源互联网,202509
20250926,节能,0,人民网,能源互联网,202509
20250926,区块链,0,人民网,能源互联网,202509
20250926,虚拟电厂,0,人民网,能源互联网,202509
20250926,能量路由器,0,人民网,能源互联网,202509
20250926,多能流,0,人民网,能源互联网,202509
20250926,需求侧,0,人民网,能源互联网,202509
20250926,抽水蓄能,0,人民网,能源互联网,202509
20250926,电化学储能,0,人民网,能源互联网,202509
20250929,新闻数量,1,人民网,能源互联网,202509
20250929,多能互补,0,人民网,能源互联网,202509
20250929,碳中和,0,人民网,能源互联网,202509
20250929,碳达峰,0,人民网,能源互联网,202509
20250929,柔性输电,0,人民网,能源互联网,202509
20250929,综合能源,0,人民网,能源互联网,202509
20250929,氢能,2,人民网,能源互联网,202509
20250929,电动汽车,0,人民网,能源互联网,202509
20250929,分布式交易,0,人民网,能源互联网,202509
20250929,微网,0,人民网,能源互联网,202509
20250929,新型电力系统,0,人民网,能源互联网,202509
20250929,储能,0,人民网,能源互联网,202509
20250929,CCHP,0,人民网,能源互联网,202509
20250929,燃料电池,0,人民网,能源互联网,202509
20250929,能源物联网,0,人民网,能源互联网,202509
20250929,能源大数据,0,人民网,能源互联网,202509
20250929,电力交易,0,人民网,能源互联网,202509
20250929,能效,0,人民网,能源互联网,202509
20250929,节能,0,人民网,能源互联网,202509
20250929,区块链,0,人民网,能源互联网,202509
20250929,虚拟电厂,0,人民网,能源互联网,202509
20250929,能量路由器,0,人民网,能源互联网,202509
20250929,多能流,0,人民网,能源互联网,202509
20250929,需求侧,0,人民网,能源互联网,202509
20250929,抽水蓄能,0,人民网,能源互联网,202509
20250929,电化学储能,0,人民网,能源互联网,202509
20250930,新闻数量,1,人民网,能源互联网,202509
20250930,多能互补,0,人民网,能源互联网,202509
20250930,碳中和,0,人民网,能源互联网,202509
20250930,碳达峰,0,人民网,能源互联网,202509
20250930,柔性输电,0,人民网,能源互联网,202509
20250930,综合能源,0,人民网,能源互联网,202509
20250930,氢能,0,人民网,能源互联网,202509
20250930,电动汽车,0,人民网,能源互联网,202509
20250930,分布式交易,0,人民网,能源互联网,202509
20250930,微网,0,人民网,能源互联网,202509
20250930,新型电力系统,0,人民网,能源互联网,202509
20250930,储能,0,人民网,能源互联网,202509
20250930,CCHP,0,人民网,能源互联网,202509
20250930,燃料电池,0,人民网,能源互联网,202509
20250930,能源物联网,0,人民网,能源互联网,202509
20250930,能源大数据,0,人民网,能源互联网,202509
20250930,电力交易,0,人民网,能源互联网,202509
20250930,能效,0,人民网,能源互联网,202509
20250930,节能,0,人民网,能源互联网,202509
20250930,区块链,0,人民网,能源互联网,202509
20250930,虚拟电厂,0,人民网,能源互联网,202509
20250930,能量路由器,0,人民网,能源互联网,202509
20250930,多能流,0,人民网,能源互联网,202509
20250930,需求侧,0,人民网,能源互联网,202509
20250930,抽水蓄能,0,人民网,能源互联网,202509
20250930,电化学储能,0,人民网,能源互联网,202509
20251010,新闻数量,1,人民网,能源互联网,202510
20251010,多能互补,0,人民网,能源互联网,202510
20251010,碳中和,1,人民网,能源互联网,202510
20251010,碳达峰,0,人民网,能源互联网,202510
20251010,柔性输电,0,人民网,能源互联网,202510
20251010,综合能源,0,人民网,能源互联网,202510
20251010,氢能,2,人民网,能源互联网,202510
20251010,电动汽车,1,人民网,能源互联网,202510
20251010,分布式交易,0,人民网,能源互联网,202510
20251010,微网,0,人民网,能源互联网,202510
20251010,新型电力系统,0,人民网,能源互联网,202510
20251010,储能,14,人民网,能源互联网,202510
20251010,CCHP,0,人民网,能源互联网,202510
20251010,燃料电池,0,人民网,能源互联网,202510
20251010,能源物联网,0,人民网,能源互联网,202510
20251010,能源大数据,0,人民网,能源互联网,202510
20251010,电力交易,0,人民网,能源互联网,202510
20251010,能效,0,人民网,能源互联网,202510
20251010,节能,0,人民网,能源互联网,202510
20251010,区块链,1,人民网,能源互联网,202510
20251010,虚拟电厂,1,人民网,能源互联网,202510
20251010,能量路由器,0,人民网,能源互联网,202510
20251010,多能流,0,人民网,能源互联网,202510
20251010,需求侧,0,人民网,能源互联网,202510
20251010,抽水蓄能,0,人民网,能源互联网,202510
20251010,电化学储能,0,人民网,能源互联网,202510
20251014,新闻数量,4,人民网,能源互联网,202510
20251014,多能互补,4,人民网,能源互联网,202510
20251014,碳中和,0,人民网,能源互联网,202510
20251014,碳达峰,0,人民网,能源互联网,202510
20251014,柔性输电,0,人民网,能源互联网,202510
20251014,综合能源,0,人民网,能源互联网,202510
20251014,氢能,0,人民网,能源互联网,202510
20251014,电动汽车,0,人民网,能源互联网,202510
20251014,分布式交易,0,人民网,能源互联网,202510
20251014,微网,0,人民网,能源互联网,202510
20251014,新型电力系统,0,人民网,能源互联网,202510
20251014,储能,12,人民网,能源互联网,202510
20251014,CCHP,0,人民网,能源互联网,202510
20251014,燃料电池,0,人民网,能源互联网,202510
20251014,能源物联网,0,人民网,能源互联网,202510
20251014,能源大数据,0,人民网,能源互联网,202510
20251014,电力交易,8,人民网,能源互联网,202510
20251014,能效,0,人民网,能源互联网,202510
20251014,节能,0,人民网,能源互联网,202510
20251014,区块链,0,人民网,能源互联网,202510
20251014,虚拟电厂,4,人民网,能源互联网,202510
20251014,能量路由器,0,人民网,能源互联网,202510
20251014,多能流,0,人民网,能源互联网,202510
20251014,需求侧,0,人民网,能源互联网,202510
20251014,抽水蓄能,0,人民网,能源互联网,202510
20251014,电化学储能,0,人民网,能源互联网,202510
20251016,新闻数量,1,人民网,能源互联网,202510
20251016,多能互补,0,人民网,能源互联网,202510
20251016,碳中和,0,人民网,能源互联网,202510
20251016,碳达峰,0,人民网,能源互联网,202510
20251016,柔性输电,0,人民网,能源互联网,202510
20251016,综合能源,0,人民网,能源互联网,202510
20251016,氢能,0,人民网,能源互联网,202510
20251016,电动汽车,0,人民网,能源互联网,202510
20251016,分布式交易,0,人民网,能源互联网,202510
20251016,微网,0,人民网,能源互联网,202510
20251016,新型电力系统,0,人民网,能源互联网,202510
20251016,储能,0,人民网,能源互联网,202510
20251016,CCHP,0,人民网,能源互联网,202510
20251016,燃料电池,0,人民网,能源互联网,202510
20251016,能源物联网,0,人民网,能源互联网,202510
20251016,能源大数据,0,人民网,能源互联网,202510
20251016,电力交易,0,人民网,能源互联网,202510
20251016,能效,0,人民网,能源互联网,202510
20251016,节能,2,人民网,能源互联网,202510
20251016,区块链,0,人民网,能源互联网,202510
20251016,虚拟电厂,0,人民网,能源互联网,202510
20251016,能量路由器,0,人民网,能源互联网,202510
20251016,多能流,0,人民网,能源互联网,202510
20251016,需求侧,0,人民网,能源互联网,202510
20251016,抽水蓄能,0,人民网,能源互联网,202510
20251016,电化学储能,0,人民网,能源互联网,202510
20251017,新闻数量,1,人民网,能源互联网,202510
20251017,多能互补,0,人民网,能源互联网,202510
20251017,碳中和,0,人民网,能源互联网,202510
20251017,碳达峰,0,人民网,能源互联网,202510
20251017,柔性输电,0,人民网,能源互联网,202510
20251017,综合能源,0,人民网,能源互联网,202510
20251017,氢能,0,人民网,能源互联网,202510
20251017,电动汽车,0,人民网,能源互联网,202510
20251017,分布式交易,0,人民网,能源互联网,202510
20251017,微网,0,人民网,能源互联网,202510
20251017,新型电力系统,0,人民网,能源互联网,202510
20251017,储能,0,人民网,能源互联网,202510
20251017,CCHP,0,人民网,能源互联网,202510
20251017,燃料电池,0,人民网,能源互联网,202510
20251017,能源物联网,0,人民网,能源互联网,202510
20251017,能源大数据,0,人民网,能源互联网,202510
20251017,电力交易,0,人民网,能源互联网,202510
20251017,能效,0,人民网,能源互联网,202510
20251017,节能,0,人民网,能源互联网,202510
20251017,区块链,0,人民网,能源互联网,202510
20251017,虚拟电厂,0,人民网,能源互联网,202510
20251017,能量路由器,0,人民网,能源互联网,202510
20251017,多能流,0,人民网,能源互联网,202510
20251017,需求侧,0,人民网,能源互联网,202510
20251017,抽水蓄能,0,人民网,能源互联网,202510
20251017,电化学储能,0,人民网,能源互联网,202510
20251018,新闻数量,1,人民网,能源互联网,202510
20251018,多能互补,0,人民网,能源互联网,202510
20251018,碳中和,0,人民网,能源互联网,202510
20251018,碳达峰,0,人民网,能源互联网,202510
20251018,柔性输电,0,人民网,能源互联网,202510
20251018,综合能源,0,人民网,能源互联网,202510
20251018,氢能,0,人民网,能源互联网,202510
20251018,电动汽车,0,人民网,能源互联网,202510
20251018,分布式交易,0,人民网,能源互联网,202510
20251018,微网,0,人民网,能源互联网,202510
20251018,新型电力系统,0,人民网,能源互联网,202510
20251018,储能,0,人民网,能源互联网,202510
20251018,CCHP,0,人民网,能源互联网,202510
20251018,燃料电池,0,人民网,能源互联网,202510
20251018,能源物联网,0,人民网,能源互联网,202510
20251018,能源大数据,0,人民网,能源互联网,202510
20251018,电力交易,0,人民网,能源互联网,202510
20251018,能效,0,人民网,能源互联网,202510
20251018,节能,0,人民网,能源互联网,202510
20251018,区块链,0,人民网,能源互联网,202510
20251018,虚拟电厂,0,人民网,能源互联网,202510
20251018,能量路由器,0,人民网,能源互联网,202510
20251018,多能流,0,人民网,能源互联网,202510
20251018,需求侧,0,人民网,能源互联网,202510
20251018,抽水蓄能,0,人民网,能源互联网,202510
20251018,电化学储能,0,人民网,能源互联网,202510
20251022,新闻数量,1,人民网,能源互联网,202510
20251022,多能互补,0,人民网,能源互联网,202510
20251022,碳中和,0,人民网,能源互联网,202510
20251022,碳达峰,0,人民网,能源互联网,202510
20251022,柔性输电,0,人民网,能源互联网,202510
20251022,综合能源,0,人民网,能源互联网,202510
20251022,氢能,0,人民网,能源互联网,202510
20251022,电动汽车,0,人民网,能源互联网,202510
20251022,分布式交易,0,人民网,能源互联网,202510
20251022,微网,0,人民网,能源互联网,202510
20251022,新型电力系统,1,人民网,能源互联网,202510
20251022,储能,0,人民网,能源互联网,202510
20251022,CCHP,0,人民网,能源互联网,202510
20251022,燃料电池,0,人民网,能源互联网,202510
20251022,能源物联网,0,人民网,能源互联网,202510
20251022,能源大数据,0,人民网,能源互联网,202510
20251022,电力交易,0,人民网,能源互联网,202510
20251022,能效,0,人民网,能源互联网,202510
20251022,节能,0,人民网,能源互联网,202510
20251022,区块链,0,人民网,能源互联网,202510
20251022,虚拟电厂,0,人民网,能源互联网,202510
20251022,能量路由器,0,人民网,能源互联网,202510
20251022,多能流,0,人民网,能源互联网,202510
20251022,需求侧,0,人民网,能源互联网,202510
20251022,抽水蓄能,0,人民网,能源互联网,202510
20251022,电化学储能,0,人民网,能源互联网,202510
20251028,新闻数量,1,人民网,能源互联网,202510
20251028,多能互补,0,人民网,能源互联网,202510
20251028,碳中和,0,人民网,能源互联网,202510
20251028,碳达峰,0,人民网,能源互联网,202510
20251028,柔性输电,0,人民网,能源互联网,202510
20251028,综合能源,0,人民网,能源互联网,202510
20251028,氢能,0,人民网,能源互联网,202510
20251028,电动汽车,0,人民网,能源互联网,202510
20251028,分布式交易,0,人民网,能源互联网,202510
20251028,微网,0,人民网,能源互联网,202510
20251028,新型电力系统,0,人民网,能源互联网,202510
20251028,储能,1,人民网,能源互联网,202510
20251028,CCHP,0,人民网,能源互联网,202510
20251028,燃料电池,0,人民网,能源互联网,202510
20251028,能源物联网,0,人民网,能源互联网,202510
20251028,能源大数据,0,人民网,能源互联网,202510
20251028,电力交易,0,人民网,能源互联网,202510
20251028,能效,0,人民网,能源互联网,202510
20251028,节能,0,人民网,能源互联网,202510
20251028,区块链,0,人民网,能源互联网,202510
20251028,虚拟电厂,0,人民网,能源互联网,202510
20251028,能量路由器,0,人民网,能源互联网,202510
20251028,多能流,0,人民网,能源互联网,202510
20251028,需求侧,0,人民网,能源互联网,202510
20251028,抽水蓄能,0,人民网,能源互联网,202510
20251028,电化学储能,0,人民网,能源互联网,202510
20251031,新闻数量,1,人民网,能源互联网,202510
20251031,多能互补,0,人民网,能源互联网,202510
20251031,碳中和,0,人民网,能源互联网,202510
20251031,碳达峰,0,人民网,能源互联网,202510
20251031,柔性输电,0,人民网,能源互联网,202510
20251031,综合能源,0,人民网,能源互联网,202510
20251031,氢能,0,人民网,能源互联网,202510
20251031,电动汽车,0,人民网,能源互联网,202510
20251031,分布式交易,0,人民网,能源互联网,202510
20251031,微网,0,人民网,能源互联网,202510
20251031,新型电力系统,0,人民网,能源互联网,202510
20251031,储能,1,人民网,能源互联网,202510
20251031,CCHP,0,人民网,能源互联网,202510
20251031,燃料电池,0,人民网,能源互联网,202510
20251031,能源物联网,0,人民网,能源互联网,202510
20251031,能源大数据,0,人民网,能源互联网,202510
20251031,电力交易,0,人民网,能源互联网,202510
20251031,能效,3,人民网,能源互联网,202510
20251031,节能,1,人民网,能源互联网,202510
20251031,区块链,0,人民网,能源互联网,202510
20251031,虚拟电厂,0,人民网,能源互联网,202510
20251031,能量路由器,0,人民网,能源互联网,202510
20251031,多能流,0,人民网,能源互联网,202510
20251031,需求侧,0,人民网,能源互联网,202510
20251031,抽水蓄能,0,人民网,能源互联网,202510
20251031,电化学储能,0,人民网,能源互联网,202510
20251101,新闻数量,1,人民网,能源互联网,202511
20251101,多能互补,0,人民网,能源互联网,202511
20251101,碳中和,0,人民网,能源互联网,202511
20251101,碳达峰,0,人民网,能源互联网,202511
20251101,柔性输电,0,人民网,能源互联网,202511
20251101,综合能源,0,人民网,能源互联网,202511
20251101,氢能,0,人民网,能源互联网,202511
20251101,电动汽车,0,人民网,能源互联网,202511
20251101,分布式交易,0,人民网,能源互联网,202511
20251101,微网,0,人民网,能源互联网,202511
20251101,新型电力系统,0,人民网,能源互联网,202511
20251101,储能,0,人民网,能源互联网,202511
20251101,CCHP,0,人民网,能源互联网,202511
20251101,燃料电池,0,人民网,能源互联网,202511
20251101,能源物联网,0,人民网,能源互联网,202511
20251101,能源大数据,0,人民网,能源互联网,202511
20251101,电力交易,0,人民网,能源互联网,202511
20251101,能效,0,人民网,能源互联网,202511
20251101,节能,0,人民网,能源互联网,202511
20251101,区块链,0,人民网,能源互联网,202511
20251101,虚拟电厂,0,人民网,能源互联网,202511
20251101,能量路由器,0,人民网,能源互联网,202511
20251101,多能流,0,人民网,能源互联网,202511
20251101,需求侧,0,人民网,能源互联网,202511
20251101,抽水蓄能,0,人民网,能源互联网,202511
20251101,电化学储能,0,人民网,能源互联网,202511
20251103,新闻数量,4,人民网,能源互联网,202511
20251103,多能互补,0,人民网,能源互联网,202511
20251103,碳中和,0,人民网,能源互联网,202511
20251103,碳达峰,0,人民网,能源互联网,202511
20251103,柔性输电,0,人民网,能源互联网,202511
20251103,综合能源,0,人民网,能源互联网,202511
20251103,氢能,0,人民网,能源互联网,202511
20251103,电动汽车,0,人民网,能源互联网,202511
20251103,分布式交易,0,人民网,能源互联网,202511
20251103,微网,0,人民网,能源互联网,202511
20251103,新型电力系统,0,人民网,能源互联网,202511
20251103,储能,0,人民网,能源互联网,202511
20251103,CCHP,0,人民网,能源互联网,202511
20251103,燃料电池,0,人民网,能源互联网,202511
20251103,能源物联网,0,人民网,能源互联网,202511
20251103,能源大数据,0,人民网,能源互联网,202511
20251103,电力交易,0,人民网,能源互联网,202511
20251103,能效,0,人民网,能源互联网,202511
20251103,节能,3,人民网,能源互联网,202511
20251103,区块链,0,人民网,能源互联网,202511
20251103,虚拟电厂,0,人民网,能源互联网,202511
20251103,能量路由器,0,人民网,能源互联网,202511
20251103,多能流,0,人民网,能源互联网,202511
20251103,需求侧,0,人民网,能源互联网,202511
20251103,抽水蓄能,0,人民网,能源互联网,202511
20251103,电化学储能,0,人民网,能源互联网,202511
20251104,新闻数量,2,人民网,能源互联网,202511
20251104,多能互补,0,人民网,能源互联网,202511
20251104,碳中和,0,人民网,能源互联网,202511
20251104,碳达峰,0,人民网,能源互联网,202511
20251104,柔性输电,0,人民网,能源互联网,202511
20251104,综合能源,0,人民网,能源互联网,202511
20251104,氢能,0,人民网,能源互联网,202511
20251104,电动汽车,0,人民网,能源互联网,202511
20251104,分布式交易,0,人民网,能源互联网,202511
20251104,微网,0,人民网,能源互联网,202511
20251104,新型电力系统,1,人民网,能源互联网,202511
20251104,储能,0,人民网,能源互联网,202511
20251104,CCHP,0,人民网,能源互联网,202511
20251104,燃料电池,0,人民网,能源互联网,202511
20251104,能源物联网,0,人民网,能源互联网,202511
20251104,能源大数据,0,人民网,能源互联网,202511
20251104,电力交易,0,人民网,能源互联网,202511
20251104,能效,0,人民网,能源互联网,202511
20251104,节能,0,人民网,能源互联网,202511
20251104,区块链,0,人民网,能源互联网,202511
20251104,虚拟电厂,0,人民网,能源互联网,202511
20251104,能量路由器,0,人民网,能源互联网,202511
20251104,多能流,0,人民网,能源互联网,202511
20251104,需求侧,0,人民网,能源互联网,202511
20251104,抽水蓄能,0,人民网,能源互联网,202511
20251104,电化学储能,0,人民网,能源互联网,202511
20251105,新闻数量,1,人民网,能源互联网,202511
20251105,多能互补,0,人民网,能源互联网,202511
20251105,碳中和,0,人民网,能源互联网,202511
20251105,碳达峰,0,人民网,能源互联网,202511
20251105,柔性输电,0,人民网,能源互联网,202511
20251105,综合能源,3,人民网,能源互联网,202511
20251105,氢能,0,人民网,能源互联网,202511
20251105,电动汽车,0,人民网,能源互联网,202511
20251105,分布式交易,0,人民网,能源互联网,202511
20251105,微网,0,人民网,能源互联网,202511
20251105,新型电力系统,0,人民网,能源互联网,202511
20251105,储能,0,人民网,能源互联网,202511
20251105,CCHP,0,人民网,能源互联网,202511
20251105,燃料电池,0,人民网,能源互联网,202511
20251105,能源物联网,0,人民网,能源互联网,202511
20251105,能源大数据,0,人民网,能源互联网,202511
20251105,电力交易,0,人民网,能源互联网,202511
20251105,能效,0,人民网,能源互联网,202511
20251105,节能,0,人民网,能源互联网,202511
20251105,区块链,0,人民网,能源互联网,202511
20251105,虚拟电厂,0,人民网,能源互联网,202511
20251105,能量路由器,0,人民网,能源互联网,202511
20251105,多能流,0,人民网,能源互联网,202511
20251105,需求侧,0,人民网,能源互联网,202511
20251105,抽水蓄能,0,人民网,能源互联网,202511
20251105,电化学储能,0,人民网,能源互联网,202511
20251107,新闻数量,2,人民网,能源互联网,202511
20251107,多能互补,0,人民网,能源互联网,202511
20251107,碳中和,0,人民网,能源互联网,202511
20251107,碳达峰,0,人民网,能源互联网,202511
20251107,柔性输电,0,人民网,能源互联网,202511
20251107,综合能源,0,人民网,能源互联网,202511
20251107,氢能,0,人民网,能源互联网,202511
20251107,电动汽车,0,人民网,能源互联网,202511
20251107,分布式交易,0,人民网,能源互联网,202511
20251107,微网,0,人民网,能源互联网,202511
20251107,新型电力系统,1,人民网,能源互联网,202511
20251107,储能,11,人民网,能源互联网,202511
20251107,CCHP,0,人民网,能源互联网,202511
20251107,燃料电池,0,人民网,能源互联网,202511
20251107,能源物联网,0,人民网,能源互联网,202511
20251107,能源大数据,0,人民网,能源互联网,202511
20251107,电力交易,0,人民网,能源互联网,202511
20251107,能效,0,人民网,能源互联网,202511
20251107,节能,0,人民网,能源互联网,202511
20251107,区块链,0,人民网,能源互联网,202511
20251107,虚拟电厂,0,人民网,能源互联网,202511
20251107,能量路由器,0,人民网,能源互联网,202511
20251107,多能流,0,人民网,能源互联网,202511
20251107,需求侧,0,人民网,能源互联网,202511
20251107,抽水蓄能,1,人民网,能源互联网,202511
20251107,电化学储能,0,人民网,能源互联网,202511
20251109,新闻数量,1,人民网,能源互联网,202511
20251109,多能互补,0,人民网,能源互联网,202511
20251109,碳中和,0,人民网,能源互联网,202511
20251109,碳达峰,0,人民网,能源互联网,202511
20251109,柔性输电,0,人民网,能源互联网,202511
20251109,综合能源,0,人民网,能源互联网,202511
20251109,氢能,0,人民网,能源互联网,202511
20251109,电动汽车,0,人民网,能源互联网,202511
20251109,分布式交易,0,人民网,能源互联网,202511
20251109,微网,0,人民网,能源互联网,202511
20251109,新型电力系统,0,人民网,能源互联网,202511
20251109,储能,0,人民网,能源互联网,202511
20251109,CCHP,0,人民网,能源互联网,202511
20251109,燃料电池,0,人民网,能源互联网,202511
20251109,能源物联网,0,人民网,能源互联网,202511
20251109,能源大数据,0,人民网,能源互联网,202511
20251109,电力交易,0,人民网,能源互联网,202511
20251109,能效,0,人民网,能源互联网,202511
20251109,节能,0,人民网,能源互联网,202511
20251109,区块链,0,人民网,能源互联网,202511
20251109,虚拟电厂,0,人民网,能源互联网,202511
20251109,能量路由器,0,人民网,能源互联网,202511
20251109,多能流,0,人民网,能源互联网,202511
20251109,需求侧,0,人民网,能源互联网,202511
20251109,抽水蓄能,0,人民网,能源互联网,202511
20251109,电化学储能,0,人民网,能源互联网,202511
20251114,新闻数量,2,人民网,能源互联网,202511
20251114,多能互补,0,人民网,能源互联网,202511
20251114,碳中和,0,人民网,能源互联网,202511
20251114,碳达峰,0,人民网,能源互联网,202511
20251114,柔性输电,0,人民网,能源互联网,202511
20251114,综合能源,0,人民网,能源互联网,202511
20251114,氢能,0,人民网,能源互联网,202511
20251114,电动汽车,0,人民网,能源互联网,202511
20251114,分布式交易,0,人民网,能源互联网,202511
20251114,微网,0,人民网,能源互联网,202511
20251114,新型电力系统,3,人民网,能源互联网,202511
20251114,储能,3,人民网,能源互联网,202511
20251114,CCHP,0,人民网,能源互联网,202511
20251114,燃料电池,0,人民网,能源互联网,202511
20251114,能源物联网,0,人民网,能源互联网,202511
20251114,能源大数据,0,人民网,能源互联网,202511
20251114,电力交易,0,人民网,能源互联网,202511
20251114,能效,0,人民网,能源互联网,202511
20251114,节能,0,人民网,能源互联网,202511
20251114,区块链,0,人民网,能源互联网,202511
20251114,虚拟电厂,0,人民网,能源互联网,202511
20251114,能量路由器,0,人民网,能源互联网,202511
20251114,多能流,0,人民网,能源互联网,202511
20251114,需求侧,0,人民网,能源互联网,202511
20251114,抽水蓄能,0,人民网,能源互联网,202511
20251114,电化学储能,0,人民网,能源互联网,202511
20251121,新闻数量,1,人民网,能源互联网,202511
20251121,多能互补,0,人民网,能源互联网,202511
20251121,碳中和,0,人民网,能源互联网,202511
20251121,碳达峰,0,人民网,能源互联网,202511
20251121,柔性输电,0,人民网,能源互联网,202511
20251121,综合能源,0,人民网,能源互联网,202511
20251121,氢能,0,人民网,能源互联网,202511
20251121,电动汽车,0,人民网,能源互联网,202511
20251121,分布式交易,0,人民网,能源互联网,202511
20251121,微网,0,人民网,能源互联网,202511
20251121,新型电力系统,0,人民网,能源互联网,202511
20251121,储能,0,人民网,能源互联网,202511
20251121,CCHP,0,人民网,能源互联网,202511
20251121,燃料电池,0,人民网,能源互联网,202511
20251121,能源物联网,0,人民网,能源互联网,202511
20251121,能源大数据,0,人民网,能源互联网,202511
20251121,电力交易,0,人民网,能源互联网,202511
20251121,能效,0,人民网,能源互联网,202511
20251121,节能,0,人民网,能源互联网,202511
20251121,区块链,0,人民网,能源互联网,202511
20251121,虚拟电厂,0,人民网,能源互联网,202511
20251121,能量路由器,0,人民网,能源互联网,202511
20251121,多能流,0,人民网,能源互联网,202511
20251121,需求侧,0,人民网,能源互联网,202511
20251121,抽水蓄能,0,人民网,能源互联网,202511
20251121,电化学储能,0,人民网,能源互联网,202511
20251122,新闻数量,1,人民网,能源互联网,202511
20251122,多能互补,0,人民网,能源互联网,202511
20251122,碳中和,0,人民网,能源互联网,202511
20251122,碳达峰,0,人民网,能源互联网,202511
20251122,柔性输电,0,人民网,能源互联网,202511
20251122,综合能源,0,人民网,能源互联网,202511
20251122,氢能,0,人民网,能源互联网,202511
20251122,电动汽车,0,人民网,能源互联网,202511
20251122,分布式交易,0,人民网,能源互联网,202511
20251122,微网,0,人民网,能源互联网,202511
20251122,新型电力系统,0,人民网,能源互联网,202511
20251122,储能,0,人民网,能源互联网,202511
20251122,CCHP,0,人民网,能源互联网,202511
20251122,燃料电池,0,人民网,能源互联网,202511
20251122,能源物联网,0,人民网,能源互联网,202511
20251122,能源大数据,0,人民网,能源互联网,202511
20251122,电力交易,0,人民网,能源互联网,202511
20251122,能效,0,人民网,能源互联网,202511
20251122,节能,0,人民网,能源互联网,202511
20251122,区块链,0,人民网,能源互联网,202511
20251122,虚拟电厂,0,人民网,能源互联网,202511
20251122,能量路由器,0,人民网,能源互联网,202511
20251122,多能流,0,人民网,能源互联网,202511
20251122,需求侧,0,人民网,能源互联网,202511
20251122,抽水蓄能,0,人民网,能源互联网,202511
20251122,电化学储能,0,人民网,能源互联网,202511
20251123,新闻数量,1,人民网,能源互联网,202511
20251123,多能互补,0,人民网,能源互联网,202511
20251123,碳中和,0,人民网,能源互联网,202511
20251123,碳达峰,0,人民网,能源互联网,202511
20251123,柔性输电,0,人民网,能源互联网,202511
20251123,综合能源,0,人民网,能源互联网,202511
20251123,氢能,0,人民网,能源互联网,202511
20251123,电动汽车,0,人民网,能源互联网,202511
20251123,分布式交易,0,人民网,能源互联网,202511
20251123,微网,0,人民网,能源互联网,202511
20251123,新型电力系统,0,人民网,能源互联网,202511
20251123,储能,0,人民网,能源互联网,202511
20251123,CCHP,0,人民网,能源互联网,202511
20251123,燃料电池,0,人民网,能源互联网,202511
20251123,能源物联网,0,人民网,能源互联网,202511
20251123,能源大数据,0,人民网,能源互联网,202511
20251123,电力交易,0,人民网,能源互联网,202511
20251123,能效,0,人民网,能源互联网,202511
20251123,节能,0,人民网,能源互联网,202511
20251123,区块链,0,人民网,能源互联网,202511
20251123,虚拟电厂,0,人民网,能源互联网,202511
20251123,能量路由器,0,人民网,能源互联网,202511
20251123,多能流,0,人民网,能源互联网,202511
20251123,需求侧,0,人民网,能源互联网,202511
20251123,抽水蓄能,0,人民网,能源互联网,202511
20251123,电化学储能,0,人民网,能源互联网,202511
20251124,新闻数量,2,人民网,能源互联网,202511
20251124,多能互补,0,人民网,能源互联网,202511
20251124,碳中和,2,人民网,能源互联网,202511
20251124,碳达峰,3,人民网,能源互联网,202511
20251124,柔性输电,0,人民网,能源互联网,202511
20251124,综合能源,1,人民网,能源互联网,202511
20251124,氢能,1,人民网,能源互联网,202511
20251124,电动汽车,0,人民网,能源互联网,202511
20251124,分布式交易,0,人民网,能源互联网,202511
20251124,微网,0,人民网,能源互联网,202511
20251124,新型电力系统,0,人民网,能源互联网,202511
20251124,储能,1,人民网,能源互联网,202511
20251124,CCHP,0,人民网,能源互联网,202511
20251124,燃料电池,0,人民网,能源互联网,202511
20251124,能源物联网,0,人民网,能源互联网,202511
20251124,能源大数据,0,人民网,能源互联网,202511
20251124,电力交易,0,人民网,能源互联网,202511
20251124,能效,0,人民网,能源互联网,202511
20251124,节能,1,人民网,能源互联网,202511
20251124,区块链,0,人民网,能源互联网,202511
20251124,虚拟电厂,0,人民网,能源互联网,202511
20251124,能量路由器,0,人民网,能源互联网,202511
20251124,多能流,0,人民网,能源互联网,202511
20251124,需求侧,0,人民网,能源互联网,202511
20251124,抽水蓄能,1,人民网,能源互联网,202511
20251124,电化学储能,0,人民网,能源互联网,202511
20251125,新闻数量,2,人民网,能源互联网,202511
20251125,多能互补,0,人民网,能源互联网,202511
20251125,碳中和,0,人民网,能源互联网,202511
20251125,碳达峰,0,人民网,能源互联网,202511
20251125,柔性输电,0,人民网,能源互联网,202511
20251125,综合能源,0,人民网,能源互联网,202511
20251125,氢能,0,人民网,能源互联网,202511
20251125,电动汽车,0,人民网,能源互联网,202511
20251125,分布式交易,0,人民网,能源互联网,202511
20251125,微网,0,人民网,能源互联网,202511
20251125,新型电力系统,0,人民网,能源互联网,202511
20251125,储能,1,人民网,能源互联网,202511
20251125,CCHP,0,人民网,能源互联网,202511
20251125,燃料电池,0,人民网,能源互联网,202511
20251125,能源物联网,0,人民网,能源互联网,202511
20251125,能源大数据,0,人民网,能源互联网,202511
20251125,电力交易,1,人民网,能源互联网,202511
20251125,能效,1,人民网,能源互联网,202511
20251125,节能,1,人民网,能源互联网,202511
20251125,区块链,0,人民网,能源互联网,202511
20251125,虚拟电厂,6,人民网,能源互联网,202511
20251125,能量路由器,0,人民网,能源互联网,202511
20251125,多能流,0,人民网,能源互联网,202511
20251125,需求侧,1,人民网,能源互联网,202511
20251125,抽水蓄能,0,人民网,能源互联网,202511
20251125,电化学储能,0,人民网,能源互联网,202511
20251126,新闻数量,1,人民网,能源互联网,202511
20251126,多能互补,0,人民网,能源互联网,202511
20251126,碳中和,1,人民网,能源互联网,202511
20251126,碳达峰,1,人民网,能源互联网,202511
20251126,柔性输电,0,人民网,能源互联网,202511
20251126,综合能源,0,人民网,能源互联网,202511
20251126,氢能,1,人民网,能源互联网,202511
20251126,电动汽车,1,人民网,能源互联网,202511
20251126,分布式交易,0,人民网,能源互联网,202511
20251126,微网,0,人民网,能源互联网,202511
20251126,新型电力系统,2,人民网,能源互联网,202511
20251126,储能,3,人民网,能源互联网,202511
20251126,CCHP,0,人民网,能源互联网,202511
20251126,燃料电池,0,人民网,能源互联网,202511
20251126,能源物联网,0,人民网,能源互联网,202511
20251126,能源大数据,0,人民网,能源互联网,202511
20251126,电力交易,0,人民网,能源互联网,202511
20251126,能效,0,人民网,能源互联网,202511
20251126,节能,0,人民网,能源互联网,202511
20251126,区块链,0,人民网,能源互联网,202511
20251126,虚拟电厂,2,人民网,能源互联网,202511
20251126,能量路由器,0,人民网,能源互联网,202511
20251126,多能流,0,人民网,能源互联网,202511
20251126,需求侧,0,人民网,能源互联网,202511
20251126,抽水蓄能,0,人民网,能源互联网,202511
20251126,电化学储能,0,人民网,能源互联网,202511
20251129,新闻数量,1,人民网,能源互联网,202511
20251129,多能互补,0,人民网,能源互联网,202511
20251129,碳中和,0,人民网,能源互联网,202511
20251129,碳达峰,0,人民网,能源互联网,202511
20251129,柔性输电,0,人民网,能源互联网,202511
20251129,综合能源,0,人民网,能源互联网,202511
20251129,氢能,0,人民网,能源互联网,202511
20251129,电动汽车,0,人民网,能源互联网,202511
20251129,分布式交易,0,人民网,能源互联网,202511
20251129,微网,0,人民网,能源互联网,202511
20251129,新型电力系统,2,人民网,能源互联网,202511
20251129,储能,0,人民网,能源互联网,202511
20251129,CCHP,0,人民网,能源互联网,202511
20251129,燃料电池,0,人民网,能源互联网,202511
20251129,能源物联网,0,人民网,能源互联网,202511
20251129,能源大数据,0,人民网,能源互联网,202511
20251129,电力交易,0,人民网,能源互联网,202511
20251129,能效,0,人民网,能源互联网,202511
20251129,节能,1,人民网,能源互联网,202511
20251129,区块链,0,人民网,能源互联网,202511
20251129,虚拟电厂,0,人民网,能源互联网,202511
20251129,能量路由器,0,人民网,能源互联网,202511
20251129,多能流,0,人民网,能源互联网,202511
20251129,需求侧,0,人民网,能源互联网,202511
20251129,抽水蓄能,1,人民网,能源互联网,202511
20251129,电化学储能,0,人民网,能源互联网,202511
20251130,新闻数量,1,人民网,能源互联网,202511
20251130,多能互补,0,人民网,能源互联网,202511
20251130,碳中和,0,人民网,能源互联网,202511
20251130,碳达峰,0,人民网,能源互联网,202511
20251130,柔性输电,0,人民网,能源互联网,202511
20251130,综合能源,0,人民网,能源互联网,202511
20251130,氢能,1,人民网,能源互联网,202511
20251130,电动汽车,0,人民网,能源互联网,202511
20251130,分布式交易,0,人民网,能源互联网,202511
20251130,微网,0,人民网,能源互联网,202511
20251130,新型电力系统,0,人民网,能源互联网,202511
20251130,储能,1,人民网,能源互联网,202511
20251130,CCHP,0,人民网,能源互联网,202511
20251130,燃料电池,0,人民网,能源互联网,202511
20251130,能源物联网,0,人民网,能源互联网,202511
20251130,能源大数据,0,人民网,能源互联网,202511
20251130,电力交易,0,人民网,能源互联网,202511
20251130,能效,0,人民网,能源互联网,202511
20251130,节能,0,人民网,能源互联网,202511
20251130,区块链,0,人民网,能源互联网,202511
20251130,虚拟电厂,0,人民网,能源互联网,202511
20251130,能量路由器,0,人民网,能源互联网,202511
20251130,多能流,0,人民网,能源互联网,202511
20251130,需求侧,0,人民网,能源互联网,202511
20251130,抽水蓄能,0,人民网,能源互联网,202511
20251130,电化学储能,0,人民网,能源互联网,202511
20251205,新闻数量,2,人民网,能源互联网,202512
20251205,多能互补,1,人民网,能源互联网,202512
20251205,碳中和,0,人民网,能源互联网,202512
20251205,碳达峰,1,人民网,能源互联网,202512
20251205,柔性输电,0,人民网,能源互联网,202512
20251205,综合能源,1,人民网,能源互联网,202512
20251205,氢能,0,人民网,能源互联网,202512
20251205,电动汽车,0,人民网,能源互联网,202512
20251205,分布式交易,0,人民网,能源互联网,202512
20251205,微网,0,人民网,能源互联网,202512
20251205,新型电力系统,0,人民网,能源互联网,202512
20251205,储能,1,人民网,能源互联网,202512
20251205,CCHP,0,人民网,能源互联网,202512
20251205,燃料电池,0,人民网,能源互联网,202512
20251205,能源物联网,0,人民网,能源互联网,202512
20251205,能源大数据,0,人民网,能源互联网,202512
20251205,电力交易,0,人民网,能源互联网,202512
20251205,能效,0,人民网,能源互联网,202512
20251205,节能,2,人民网,能源互联网,202512
20251205,区块链,0,人民网,能源互联网,202512
20251205,虚拟电厂,1,人民网,能源互联网,202512
20251205,能量路由器,0,人民网,能源互联网,202512
20251205,多能流,0,人民网,能源互联网,202512
20251205,需求侧,0,人民网,能源互联网,202512
20251205,抽水蓄能,0,人民网,能源互联网,202512
20251205,电化学储能,0,人民网,能源互联网,202512
20251206,新闻数量,1,人民网,能源互联网,202512
20251206,多能互补,0,人民网,能源互联网,202512
20251206,碳中和,0,人民网,能源互联网,202512
20251206,碳达峰,0,人民网,能源互联网,202512
20251206,柔性输电,0,人民网,能源互联网,202512
20251206,综合能源,0,人民网,能源互联网,202512
20251206,氢能,1,人民网,能源互联网,202512
20251206,电动汽车,0,人民网,能源互联网,202512
20251206,分布式交易,0,人民网,能源互联网,202512
20251206,微网,0,人民网,能源互联网,202512
20251206,新型电力系统,0,人民网,能源互联网,202512
20251206,储能,3,人民网,能源互联网,202512
20251206,CCHP,0,人民网,能源互联网,202512
20251206,燃料电池,0,人民网,能源互联网,202512
20251206,能源物联网,0,人民网,能源互联网,202512
20251206,能源大数据,0,人民网,能源互联网,202512
20251206,电力交易,0,人民网,能源互联网,202512
20251206,能效,0,人民网,能源互联网,202512
20251206,节能,0,人民网,能源互联网,202512
20251206,区块链,0,人民网,能源互联网,202512
20251206,虚拟电厂,0,人民网,能源互联网,202512
20251206,能量路由器,0,人民网,能源互联网,202512
20251206,多能流,0,人民网,能源互联网,202512
20251206,需求侧,0,人民网,能源互联网,202512
20251206,抽水蓄能,0,人民网,能源互联网,202512
20251206,电化学储能,0,人民网,能源互联网,202512
20251208,新闻数量,1,人民网,能源互联网,202512
20251208,多能互补,0,人民网,能源互联网,202512
20251208,碳中和,0,人民网,能源互联网,202512
20251208,碳达峰,0,人民网,能源互联网,202512
20251208,柔性输电,0,人民网,能源互联网,202512
20251208,综合能源,0,人民网,能源互联网,202512
20251208,氢能,0,人民网,能源互联网,202512
20251208,电动汽车,0,人民网,能源互联网,202512
20251208,分布式交易,0,人民网,能源互联网,202512
20251208,微网,0,人民网,能源互联网,202512
20251208,新型电力系统,0,人民网,能源互联网,202512
20251208,储能,0,人民网,能源互联网,202512
20251208,CCHP,0,人民网,能源互联网,202512
20251208,燃料电池,0,人民网,能源互联网,202512
20251208,能源物联网,0,人民网,能源互联网,202512
20251208,能源大数据,0,人民网,能源互联网,202512
20251208,电力交易,1,人民网,能源互联网,202512
20251208,能效,0,人民网,能源互联网,202512
20251208,节能,0,人民网,能源互联网,202512
20251208,区块链,0,人民网,能源互联网,202512
20251208,虚拟电厂,0,人民网,能源互联网,202512
20251208,能量路由器,0,人民网,能源互联网,202512
20251208,多能流,0,人民网,能源互联网,202512
20251208,需求侧,0,人民网,能源互联网,202512
20251208,抽水蓄能,0,人民网,能源互联网,202512
20251208,电化学储能,0,人民网,能源互联网,202512
20251209,新闻数量,2,人民网,能源互联网,202512
20251209,多能互补,1,人民网,能源互联网,202512
20251209,碳中和,0,人民网,能源互联网,202512
20251209,碳达峰,0,人民网,能源互联网,202512
20251209,柔性输电,0,人民网,能源互联网,202512
20251209,综合能源,0,人民网,能源互联网,202512
20251209,氢能,1,人民网,能源互联网,202512
20251209,电动汽车,2,人民网,能源互联网,202512
20251209,分布式交易,0,人民网,能源互联网,202512
20251209,微网,0,人民网,能源互联网,202512
20251209,新型电力系统,0,人民网,能源互联网,202512
20251209,储能,3,人民网,能源互联网,202512
20251209,CCHP,0,人民网,能源互联网,202512
20251209,燃料电池,0,人民网,能源互联网,202512
20251209,能源物联网,0,人民网,能源互联网,202512
20251209,能源大数据,0,人民网,能源互联网,202512
20251209,电力交易,0,人民网,能源互联网,202512
20251209,能效,0,人民网,能源互联网,202512
20251209,节能,0,人民网,能源互联网,202512
20251209,区块链,0,人民网,能源互联网,202512
20251209,虚拟电厂,2,人民网,能源互联网,202512
20251209,能量路由器,0,人民网,能源互联网,202512
20251209,多能流,0,人民网,能源互联网,202512
20251209,需求侧,0,人民网,能源互联网,202512
20251209,抽水蓄能,0,人民网,能源互联网,202512
20251209,电化学储能,0,人民网,能源互联网,202512
20251211,新闻数量,2,人民网,能源互联网,202512
20251211,多能互补,0,人民网,能源互联网,202512
20251211,碳中和,0,人民网,能源互联网,202512
20251211,碳达峰,0,人民网,能源互联网,202512
20251211,柔性输电,0,人民网,能源互联网,202512
20251211,综合能源,0,人民网,能源互联网,202512
20251211,氢能,0,人民网,能源互联网,202512
20251211,电动汽车,0,人民网,能源互联网,202512
20251211,分布式交易,0,人民网,能源互联网,202512
20251211,微网,0,人民网,能源互联网,202512
20251211,新型电力系统,0,人民网,能源互联网,202512
20251211,储能,0,人民网,能源互联网,202512
20251211,CCHP,0,人民网,能源互联网,202512
20251211,燃料电池,0,人民网,能源互联网,202512
20251211,能源物联网,0,人民网,能源互联网,202512
20251211,能源大数据,0,人民网,能源互联网,202512
20251211,电力交易,0,人民网,能源互联网,202512
20251211,能效,0,人民网,能源互联网,202512
20251211,节能,0,人民网,能源互联网,202512
20251211,区块链,0,人民网,能源互联网,202512
20251211,虚拟电厂,0,人民网,能源互联网,202512
20251211,能量路由器,0,人民网,能源互联网,202512
20251211,多能流,0,人民网,能源互联网,202512
20251211,需求侧,0,人民网,能源互联网,202512
20251211,抽水蓄能,0,人民网,能源互联网,202512
20251211,电化学储能,0,人民网,能源互联网,202512
20251212,新闻数量,1,人民网,能源互联网,202512
20251212,多能互补,0,人民网,能源互联网,202512
20251212,碳中和,0,人民网,能源互联网,202512
20251212,碳达峰,0,人民网,能源互联网,202512
20251212,柔性输电,0,人民网,能源互联网,202512
20251212,综合能源,0,人民网,能源互联网,202512
20251212,氢能,0,人民网,能源互联网,202512
20251212,电动汽车,0,人民网,能源互联网,202512
20251212,分布式交易,0,人民网,能源互联网,202512
20251212,微网,0,人民网,能源互联网,202512
20251212,新型电力系统,0,人民网,能源互联网,202512
20251212,储能,0,人民网,能源互联网,202512
20251212,CCHP,0,人民网,能源互联网,202512
20251212,燃料电池,0,人民网,能源互联网,202512
20251212,能源物联网,0,人民网,能源互联网,202512
20251212,能源大数据,0,人民网,能源互联网,202512
20251212,电力交易,0,人民网,能源互联网,202512
20251212,能效,0,人民网,能源互联网,202512
20251212,节能,0,人民网,能源互联网,202512
20251212,区块链,0,人民网,能源互联网,202512
20251212,虚拟电厂,0,人民网,能源互联网,202512
20251212,能量路由器,0,人民网,能源互联网,202512
20251212,多能流,0,人民网,能源互联网,202512
20251212,需求侧,0,人民网,能源互联网,202512
20251212,抽水蓄能,0,人民网,能源互联网,202512
20251212,电化学储能,0,人民网,能源互联网,202512
20251213,新闻数量,2,人民网,能源互联网,202512
20251213,多能互补,0,人民网,能源互联网,202512
20251213,碳中和,0,人民网,能源互联网,202512
20251213,碳达峰,0,人民网,能源互联网,202512
20251213,柔性输电,0,人民网,能源互联网,202512
20251213,综合能源,0,人民网,能源互联网,202512
20251213,氢能,0,人民网,能源互联网,202512
20251213,电动汽车,0,人民网,能源互联网,202512
20251213,分布式交易,0,人民网,能源互联网,202512
20251213,微网,0,人民网,能源互联网,202512
20251213,新型电力系统,0,人民网,能源互联网,202512
20251213,储能,0,人民网,能源互联网,202512
20251213,CCHP,0,人民网,能源互联网,202512
20251213,燃料电池,0,人民网,能源互联网,202512
20251213,能源物联网,0,人民网,能源互联网,202512
20251213,能源大数据,0,人民网,能源互联网,202512
20251213,电力交易,0,人民网,能源互联网,202512
20251213,能效,0,人民网,能源互联网,202512
20251213,节能,0,人民网,能源互联网,202512
20251213,区块链,0,人民网,能源互联网,202512
20251213,虚拟电厂,0,人民网,能源互联网,202512
20251213,能量路由器,0,人民网,能源互联网,202512
20251213,多能流,0,人民网,能源互联网,202512
20251213,需求侧,0,人民网,能源互联网,202512
20251213,抽水蓄能,0,人民网,能源互联网,202512
20251213,电化学储能,0,人民网,能源互联网,202512
20251216,新闻数量,1,人民网,能源互联网,202512
20251216,多能互补,0,人民网,能源互联网,202512
20251216,碳中和,0,人民网,能源互联网,202512
20251216,碳达峰,0,人民网,能源互联网,202512
20251216,柔性输电,0,人民网,能源互联网,202512
20251216,综合能源,0,人民网,能源互联网,202512
20251216,氢能,0,人民网,能源互联网,202512
20251216,电动汽车,2,人民网,能源互联网,202512
20251216,分布式交易,0,人民网,能源互联网,202512
20251216,微网,0,人民网,能源互联网,202512
20251216,新型电力系统,1,人民网,能源互联网,202512
20251216,储能,1,人民网,能源互联网,202512
20251216,CCHP,0,人民网,能源互联网,202512
20251216,燃料电池,0,人民网,能源互联网,202512
20251216,能源物联网,0,人民网,能源互联网,202512
20251216,能源大数据,0,人民网,能源互联网,202512
20251216,电力交易,0,人民网,能源互联网,202512
20251216,能效,0,人民网,能源互联网,202512
20251216,节能,0,人民网,能源互联网,202512
20251216,区块链,0,人民网,能源互联网,202512
20251216,虚拟电厂,0,人民网,能源互联网,202512
20251216,能量路由器,0,人民网,能源互联网,202512
20251216,多能流,0,人民网,能源互联网,202512
20251216,需求侧,0,人民网,能源互联网,202512
20251216,抽水蓄能,0,人民网,能源互联网,202512
20251216,电化学储能,0,人民网,能源互联网,202512
20251220,新闻数量,3,人民网,能源互联网,202512
20251220,多能互补,0,人民网,能源互联网,202512
20251220,碳中和,1,人民网,能源互联网,202512
20251220,碳达峰,0,人民网,能源互联网,202512
20251220,柔性输电,0,人民网,能源互联网,202512
20251220,综合能源,0,人民网,能源互联网,202512
20251220,氢能,0,人民网,能源互联网,202512
20251220,电动汽车,2,人民网,能源互联网,202512
20251220,分布式交易,0,人民网,能源互联网,202512
20251220,微网,0,人民网,能源互联网,202512
20251220,新型电力系统,0,人民网,能源互联网,202512
20251220,储能,3,人民网,能源互联网,202512
20251220,CCHP,0,人民网,能源互联网,202512
20251220,燃料电池,0,人民网,能源互联网,202512
20251220,能源物联网,0,人民网,能源互联网,202512
20251220,能源大数据,0,人民网,能源互联网,202512
20251220,电力交易,0,人民网,能源互联网,202512
20251220,能效,1,人民网,能源互联网,202512
20251220,节能,1,人民网,能源互联网,202512
20251220,区块链,0,人民网,能源互联网,202512
20251220,虚拟电厂,0,人民网,能源互联网,202512
20251220,能量路由器,0,人民网,能源互联网,202512
20251220,多能流,0,人民网,能源互联网,202512
20251220,需求侧,1,人民网,能源互联网,202512
20251220,抽水蓄能,1,人民网,能源互联网,202512
20251220,电化学储能,0,人民网,能源互联网,202512
20251222,新闻数量,1,人民网,能源互联网,202512
20251222,多能互补,0,人民网,能源互联网,202512
20251222,碳中和,0,人民网,能源互联网,202512
20251222,碳达峰,0,人民网,能源互联网,202512
20251222,柔性输电,0,人民网,能源互联网,202512
20251222,综合能源,0,人民网,能源互联网,202512
20251222,氢能,0,人民网,能源互联网,202512
20251222,电动汽车,0,人民网,能源互联网,202512
20251222,分布式交易,0,人民网,能源互联网,202512
20251222,微网,0,人民网,能源互联网,202512
20251222,新型电力系统,0,人民网,能源互联网,202512
20251222,储能,0,人民网,能源互联网,202512
20251222,CCHP,0,人民网,能源互联网,202512
20251222,燃料电池,0,人民网,能源互联网,202512
20251222,能源物联网,0,人民网,能源互联网,202512
20251222,能源大数据,0,人民网,能源互联网,202512
20251222,电力交易,0,人民网,能源互联网,202512
20251222,能效,0,人民网,能源互联网,202512
20251222,节能,0,人民网,能源互联网,202512
20251222,区块链,0,人民网,能源互联网,202512
20251222,虚拟电厂,0,人民网,能源互联网,202512
20251222,能量路由器,0,人民网,能源互联网,202512
20251222,多能流,0,人民网,能源互联网,202512
20251222,需求侧,0,人民网,能源互联网,202512
20251222,抽水蓄能,0,人民网,能源互联网,202512
20251222,电化学储能,0,人民网,能源互联网,202512
20251223,新闻数量,1,人民网,能源互联网,202512
20251223,多能互补,0,人民网,能源互联网,202512
20251223,碳中和,0,人民网,能源互联网,202512
20251223,碳达峰,0,人民网,能源互联网,202512
20251223,柔性输电,0,人民网,能源互联网,202512
20251223,综合能源,0,人民网,能源互联网,202512
20251223,氢能,0,人民网,能源互联网,202512
20251223,电动汽车,0,人民网,能源互联网,202512
20251223,分布式交易,0,人民网,能源互联网,202512
20251223,微网,0,人民网,能源互联网,202512
20251223,新型电力系统,1,人民网,能源互联网,202512
20251223,储能,1,人民网,能源互联网,202512
20251223,CCHP,0,人民网,能源互联网,202512
20251223,燃料电池,0,人民网,能源互联网,202512
20251223,能源物联网,0,人民网,能源互联网,202512
20251223,能源大数据,0,人民网,能源互联网,202512
20251223,电力交易,0,人民网,能源互联网,202512
20251223,能效,0,人民网,能源互联网,202512
20251223,节能,1,人民网,能源互联网,202512
20251223,区块链,0,人民网,能源互联网,202512
20251223,虚拟电厂,0,人民网,能源互联网,202512
20251223,能量路由器,0,人民网,能源互联网,202512
20251223,多能流,0,人民网,能源互联网,202512
20251223,需求侧,0,人民网,能源互联网,202512
20251223,抽水蓄能,0,人民网,能源互联网,202512
20251223,电化学储能,0,人民网,能源互联网,202512
20251229,新闻数量,3,人民网,能源互联网,202512
20251229,多能互补,0,人民网,能源互联网,202512
20251229,碳中和,1,人民网,能源互联网,202512
20251229,碳达峰,0,人民网,能源互联网,202512
20251229,柔性输电,0,人民网,能源互联网,202512
20251229,综合能源,0,人民网,能源互联网,202512
20251229,氢能,6,人民网,能源互联网,202512
20251229,电动汽车,0,人民网,能源互联网,202512
20251229,分布式交易,0,人民网,能源互联网,202512
20251229,微网,0,人民网,能源互联网,202512
20251229,新型电力系统,0,人民网,能源互联网,202512
20251229,储能,4,人民网,能源互联网,202512
20251229,CCHP,0,人民网,能源互联网,202512
20251229,燃料电池,0,人民网,能源互联网,202512
20251229,能源物联网,1,人民网,能源互联网,202512
20251229,能源大数据,0,人民网,能源互联网,202512
20251229,电力交易,0,人民网,能源互联网,202512
20251229,能效,0,人民网,能源互联网,202512
20251229,节能,1,人民网,能源互联网,202512
20251229,区块链,0,人民网,能源互联网,202512
20251229,虚拟电厂,0,人民网,能源互联网,202512
20251229,能量路由器,0,人民网,能源互联网,202512
20251229,多能流,0,人民网,能源互联网,202512
20251229,需求侧,0,人民网,能源互联网,202512
20251229,抽水蓄能,0,人民网,能源互联网,202512
20251229,电化学储能,0,人民网,能源互联网,202512
20260101,新闻数量,1,人民网,能源互联网,202601
20260101,多能互补,0,人民网,能源互联网,202601
20260101,碳中和,0,人民网,能源互联网,202601
20260101,碳达峰,0,人民网,能源互联网,202601
20260101,柔性输电,0,人民网,能源互联网,202601
20260101,综合能源,0,人民网,能源互联网,202601
20260101,氢能,0,人民网,能源互联网,202601
20260101,电动汽车,0,人民网,能源互联网,202601
20260101,分布式交易,0,人民网,能源互联网,202601
20260101,微网,0,人民网,能源互联网,202601
20260101,新型电力系统,0,人民网,能源互联网,202601
20260101,储能,1,人民网,能源互联网,202601
20260101,CCHP,0,人民网,能源互联网,202601
20260101,燃料电池,0,人民网,能源互联网,202601
20260101,能源物联网,0,人民网,能源互联网,202601
20260101,能源大数据,0,人民网,能源互联网,202601
20260101,电力交易,0,人民网,能源互联网,202601
20260101,能效,1,人民网,能源互联网,202601
20260101,节能,4,人民网,能源互联网,202601
20260101,区块链,0,人民网,能源互联网,202601
20260101,虚拟电厂,17,人民网,能源互联网,202601
20260101,能量路由器,0,人民网,能源互联网,202601
20260101,多能流,0,人民网,能源互联网,202601
20260101,需求侧,1,人民网,能源互联网,202601
20260101,抽水蓄能,0,人民网,能源互联网,202601
20260101,电化学储能,0,人民网,能源互联网,202601
