日期,关键词,当天出现总次数,网站,搜索词,月份
20250102,新闻数量,1,人民网,新型电力系统,202501
20250102,多能互补,0,人民网,新型电力系统,202501
20250102,碳中和,0,人民网,新型电力系统,202501
20250102,碳达峰,0,人民网,新型电力系统,202501
20250102,柔性输电,0,人民网,新型电力系统,202501
20250102,综合能源,0,人民网,新型电力系统,202501
20250102,氢能,0,人民网,新型电力系统,202501
20250102,电动汽车,0,人民网,新型电力系统,202501
20250102,分布式交易,0,人民网,新型电力系统,202501
20250102,微网,0,人民网,新型电力系统,202501
20250102,新型电力系统,1,人民网,新型电力系统,202501
20250102,储能,21,人民网,新型电力系统,202501
20250102,CCHP,0,人民网,新型电力系统,202501
20250102,燃料电池,0,人民网,新型电力系统,202501
20250102,能源物联网,0,人民网,新型电力系统,202501
20250102,能源大数据,0,人民网,新型电力系统,202501
20250102,电力交易,0,人民网,新型电力系统,202501
20250102,能效,0,人民网,新型电力系统,202501
20250102,节能,0,人民网,新型电力系统,202501
20250102,区块链,0,人民网,新型电力系统,202501
20250102,虚拟电厂,0,人民网,新型电力系统,202501
20250102,能量路由器,0,人民网,新型电力系统,202501
20250102,多能流,0,人民网,新型电力系统,202501
20250102,需求侧,0,人民网,新型电力系统,202501
20250102,抽水蓄能,0,人民网,新型电力系统,202501
20250102,电化学储能,1,人民网,新型电力系统,202501
20250103,新闻数量,5,人民网,新型电力系统,202501
20250103,多能互补,0,人民网,新型电力系统,202501
20250103,碳中和,0,人民网,新型电力系统,202501
20250103,碳达峰,0,人民网,新型电力系统,202501
20250103,柔性输电,0,人民网,新型电力系统,202501
20250103,综合能源,0,人民网,新型电力系统,202501
20250103,氢能,10,人民网,新型电力系统,202501
20250103,电动汽车,0,人民网,新型电力系统,202501
20250103,分布式交易,0,人民网,新型电力系统,202501
20250103,微网,0,人民网,新型电力系统,202501
20250103,新型电力系统,14,人民网,新型电力系统,202501
20250103,储能,26,人民网,新型电力系统,202501
20250103,CCHP,0,人民网,新型电力系统,202501
20250103,燃料电池,0,人民网,新型电力系统,202501
20250103,能源物联网,0,人民网,新型电力系统,202501
20250103,能源大数据,0,人民网,新型电力系统,202501
20250103,电力交易,0,人民网,新型电力系统,202501
20250103,能效,0,人民网,新型电力系统,202501
20250103,节能,2,人民网,新型电力系统,202501
20250103,区块链,0,人民网,新型电力系统,202501
20250103,虚拟电厂,0,人民网,新型电力系统,202501
20250103,能量路由器,0,人民网,新型电力系统,202501
20250103,多能流,0,人民网,新型电力系统,202501
20250103,需求侧,0,人民网,新型电力系统,202501
20250103,抽水蓄能,1,人民网,新型电力系统,202501
20250103,电化学储能,2,人民网,新型电力系统,202501
20250104,新闻数量,3,人民网,新型电力系统,202501
20250104,多能互补,0,人民网,新型电力系统,202501
20250104,碳中和,0,人民网,新型电力系统,202501
20250104,碳达峰,0,人民网,新型电力系统,202501
20250104,柔性输电,0,人民网,新型电力系统,202501
20250104,综合能源,1,人民网,新型电力系统,202501
20250104,氢能,0,人民网,新型电力系统,202501
20250104,电动汽车,0,人民网,新型电力系统,202501
20250104,分布式交易,0,人民网,新型电力系统,202501
20250104,微网,0,人民网,新型电力系统,202501
20250104,新型电力系统,5,人民网,新型电力系统,202501
20250104,储能,0,人民网,新型电力系统,202501
20250104,CCHP,0,人民网,新型电力系统,202501
20250104,燃料电池,0,人民网,新型电力系统,202501
20250104,能源物联网,0,人民网,新型电力系统,202501
20250104,能源大数据,0,人民网,新型电力系统,202501
20250104,电力交易,0,人民网,新型电力系统,202501
20250104,能效,0,人民网,新型电力系统,202501
20250104,节能,1,人民网,新型电力系统,202501
20250104,区块链,0,人民网,新型电力系统,202501
20250104,虚拟电厂,0,人民网,新型电力系统,202501
20250104,能量路由器,0,人民网,新型电力系统,202501
20250104,多能流,0,人民网,新型电力系统,202501
20250104,需求侧,0,人民网,新型电力系统,202501
20250104,抽水蓄能,0,人民网,新型电力系统,202501
20250104,电化学储能,0,人民网,新型电力系统,202501
20250105,新闻数量,5,人民网,新型电力系统,202501
20250105,多能互补,0,人民网,新型电力系统,202501
20250105,碳中和,0,人民网,新型电力系统,202501
20250105,碳达峰,0,人民网,新型电力系统,202501
20250105,柔性输电,0,人民网,新型电力系统,202501
20250105,综合能源,0,人民网,新型电力系统,202501
20250105,氢能,0,人民网,新型电力系统,202501
20250105,电动汽车,0,人民网,新型电力系统,202501
20250105,分布式交易,0,人民网,新型电力系统,202501
20250105,微网,0,人民网,新型电力系统,202501
20250105,新型电力系统,6,人民网,新型电力系统,202501
20250105,储能,48,人民网,新型电力系统,202501
20250105,CCHP,0,人民网,新型电力系统,202501
20250105,燃料电池,0,人民网,新型电力系统,202501
20250105,能源物联网,0,人民网,新型电力系统,202501
20250105,能源大数据,0,人民网,新型电力系统,202501
20250105,电力交易,0,人民网,新型电力系统,202501
20250105,能效,0,人民网,新型电力系统,202501
20250105,节能,1,人民网,新型电力系统,202501
20250105,区块链,0,人民网,新型电力系统,202501
20250105,虚拟电厂,0,人民网,新型电力系统,202501
20250105,能量路由器,0,人民网,新型电力系统,202501
20250105,多能流,0,人民网,新型电力系统,202501
20250105,需求侧,0,人民网,新型电力系统,202501
20250105,抽水蓄能,0,人民网,新型电力系统,202501
20250105,电化学储能,1,人民网,新型电力系统,202501
20250106,新闻数量,4,人民网,新型电力系统,202501
20250106,多能互补,0,人民网,新型电力系统,202501
20250106,碳中和,0,人民网,新型电力系统,202501
20250106,碳达峰,0,人民网,新型电力系统,202501
20250106,柔性输电,0,人民网,新型电力系统,202501
20250106,综合能源,1,人民网,新型电力系统,202501
20250106,氢能,0,人民网,新型电力系统,202501
20250106,电动汽车,0,人民网,新型电力系统,202501
20250106,分布式交易,0,人民网,新型电力系统,202501
20250106,微网,0,人民网,新型电力系统,202501
20250106,新型电力系统,5,人民网,新型电力系统,202501
20250106,储能,25,人民网,新型电力系统,202501
20250106,CCHP,0,人民网,新型电力系统,202501
20250106,燃料电池,0,人民网,新型电力系统,202501
20250106,能源物联网,0,人民网,新型电力系统,202501
20250106,能源大数据,0,人民网,新型电力系统,202501
20250106,电力交易,0,人民网,新型电力系统,202501
20250106,能效,0,人民网,新型电力系统,202501
20250106,节能,0,人民网,新型电力系统,202501
20250106,区块链,0,人民网,新型电力系统,202501
20250106,虚拟电厂,0,人民网,新型电力系统,202501
20250106,能量路由器,0,人民网,新型电力系统,202501
20250106,多能流,0,人民网,新型电力系统,202501
20250106,需求侧,0,人民网,新型电力系统,202501
20250106,抽水蓄能,0,人民网,新型电力系统,202501
20250106,电化学储能,0,人民网,新型电力系统,202501
20250107,新闻数量,8,人民网,新型电力系统,202501
20250107,多能互补,0,人民网,新型电力系统,202501
20250107,碳中和,2,人民网,新型电力系统,202501
20250107,碳达峰,2,人民网,新型电力系统,202501
20250107,柔性输电,0,人民网,新型电力系统,202501
20250107,综合能源,2,人民网,新型电力系统,202501
20250107,氢能,4,人民网,新型电力系统,202501
20250107,电动汽车,0,人民网,新型电力系统,202501
20250107,分布式交易,0,人民网,新型电力系统,202501
20250107,微网,0,人民网,新型电力系统,202501
20250107,新型电力系统,10,人民网,新型电力系统,202501
20250107,储能,3,人民网,新型电力系统,202501
20250107,CCHP,0,人民网,新型电力系统,202501
20250107,燃料电池,0,人民网,新型电力系统,202501
20250107,能源物联网,0,人民网,新型电力系统,202501
20250107,能源大数据,0,人民网,新型电力系统,202501
20250107,电力交易,0,人民网,新型电力系统,202501
20250107,能效,0,人民网,新型电力系统,202501
20250107,节能,1,人民网,新型电力系统,202501
20250107,区块链,0,人民网,新型电力系统,202501
20250107,虚拟电厂,1,人民网,新型电力系统,202501
20250107,能量路由器,0,人民网,新型电力系统,202501
20250107,多能流,0,人民网,新型电力系统,202501
20250107,需求侧,0,人民网,新型电力系统,202501
20250107,抽水蓄能,1,人民网,新型电力系统,202501
20250107,电化学储能,0,人民网,新型电力系统,202501
20250108,新闻数量,2,人民网,新型电力系统,202501
20250108,多能互补,0,人民网,新型电力系统,202501
20250108,碳中和,0,人民网,新型电力系统,202501
20250108,碳达峰,0,人民网,新型电力系统,202501
20250108,柔性输电,0,人民网,新型电力系统,202501
20250108,综合能源,0,人民网,新型电力系统,202501
20250108,氢能,0,人民网,新型电力系统,202501
20250108,电动汽车,0,人民网,新型电力系统,202501
20250108,分布式交易,0,人民网,新型电力系统,202501
20250108,微网,0,人民网,新型电力系统,202501
20250108,新型电力系统,1,人民网,新型电力系统,202501
20250108,储能,0,人民网,新型电力系统,202501
20250108,CCHP,0,人民网,新型电力系统,202501
20250108,燃料电池,0,人民网,新型电力系统,202501
20250108,能源物联网,0,人民网,新型电力系统,202501
20250108,能源大数据,0,人民网,新型电力系统,202501
20250108,电力交易,0,人民网,新型电力系统,202501
20250108,能效,0,人民网,新型电力系统,202501
20250108,节能,0,人民网,新型电力系统,202501
20250108,区块链,0,人民网,新型电力系统,202501
20250108,虚拟电厂,0,人民网,新型电力系统,202501
20250108,能量路由器,0,人民网,新型电力系统,202501
20250108,多能流,0,人民网,新型电力系统,202501
20250108,需求侧,0,人民网,新型电力系统,202501
20250108,抽水蓄能,0,人民网,新型电力系统,202501
20250108,电化学储能,0,人民网,新型电力系统,202501
20250109,新闻数量,4,人民网,新型电力系统,202501
20250109,多能互补,0,人民网,新型电力系统,202501
20250109,碳中和,0,人民网,新型电力系统,202501
20250109,碳达峰,0,人民网,新型电力系统,202501
20250109,柔性输电,0,人民网,新型电力系统,202501
20250109,综合能源,0,人民网,新型电力系统,202501
20250109,氢能,0,人民网,新型电力系统,202501
20250109,电动汽车,0,人民网,新型电力系统,202501
20250109,分布式交易,0,人民网,新型电力系统,202501
20250109,微网,0,人民网,新型电力系统,202501
20250109,新型电力系统,4,人民网,新型电力系统,202501
20250109,储能,22,人民网,新型电力系统,202501
20250109,CCHP,0,人民网,新型电力系统,202501
20250109,燃料电池,0,人民网,新型电力系统,202501
20250109,能源物联网,0,人民网,新型电力系统,202501
20250109,能源大数据,0,人民网,新型电力系统,202501
20250109,电力交易,0,人民网,新型电力系统,202501
20250109,能效,0,人民网,新型电力系统,202501
20250109,节能,1,人民网,新型电力系统,202501
20250109,区块链,0,人民网,新型电力系统,202501
20250109,虚拟电厂,0,人民网,新型电力系统,202501
20250109,能量路由器,0,人民网,新型电力系统,202501
20250109,多能流,0,人民网,新型电力系统,202501
20250109,需求侧,0,人民网,新型电力系统,202501
20250109,抽水蓄能,0,人民网,新型电力系统,202501
20250109,电化学储能,0,人民网,新型电力系统,202501
20250110,新闻数量,6,人民网,新型电力系统,202501
20250110,多能互补,1,人民网,新型电力系统,202501
20250110,碳中和,0,人民网,新型电力系统,202501
20250110,碳达峰,0,人民网,新型电力系统,202501
20250110,柔性输电,0,人民网,新型电力系统,202501
20250110,综合能源,0,人民网,新型电力系统,202501
20250110,氢能,1,人民网,新型电力系统,202501
20250110,电动汽车,0,人民网,新型电力系统,202501
20250110,分布式交易,0,人民网,新型电力系统,202501
20250110,微网,0,人民网,新型电力系统,202501
20250110,新型电力系统,8,人民网,新型电力系统,202501
20250110,储能,51,人民网,新型电力系统,202501
20250110,CCHP,0,人民网,新型电力系统,202501
20250110,燃料电池,0,人民网,新型电力系统,202501
20250110,能源物联网,0,人民网,新型电力系统,202501
20250110,能源大数据,0,人民网,新型电力系统,202501
20250110,电力交易,1,人民网,新型电力系统,202501
20250110,能效,3,人民网,新型电力系统,202501
20250110,节能,3,人民网,新型电力系统,202501
20250110,区块链,0,人民网,新型电力系统,202501
20250110,虚拟电厂,3,人民网,新型电力系统,202501
20250110,能量路由器,0,人民网,新型电力系统,202501
20250110,多能流,0,人民网,新型电力系统,202501
20250110,需求侧,0,人民网,新型电力系统,202501
20250110,抽水蓄能,3,人民网,新型电力系统,202501
20250110,电化学储能,0,人民网,新型电力系统,202501
20250111,新闻数量,2,人民网,新型电力系统,202501
20250111,多能互补,0,人民网,新型电力系统,202501
20250111,碳中和,1,人民网,新型电力系统,202501
20250111,碳达峰,2,人民网,新型电力系统,202501
20250111,柔性输电,0,人民网,新型电力系统,202501
20250111,综合能源,0,人民网,新型电力系统,202501
20250111,氢能,0,人民网,新型电力系统,202501
20250111,电动汽车,0,人民网,新型电力系统,202501
20250111,分布式交易,0,人民网,新型电力系统,202501
20250111,微网,0,人民网,新型电力系统,202501
20250111,新型电力系统,2,人民网,新型电力系统,202501
20250111,储能,0,人民网,新型电力系统,202501
20250111,CCHP,0,人民网,新型电力系统,202501
20250111,燃料电池,0,人民网,新型电力系统,202501
20250111,能源物联网,0,人民网,新型电力系统,202501
20250111,能源大数据,0,人民网,新型电力系统,202501
20250111,电力交易,0,人民网,新型电力系统,202501
20250111,能效,0,人民网,新型电力系统,202501
20250111,节能,1,人民网,新型电力系统,202501
20250111,区块链,0,人民网,新型电力系统,202501
20250111,虚拟电厂,0,人民网,新型电力系统,202501
20250111,能量路由器,0,人民网,新型电力系统,202501
20250111,多能流,0,人民网,新型电力系统,202501
20250111,需求侧,0,人民网,新型电力系统,202501
20250111,抽水蓄能,0,人民网,新型电力系统,202501
20250111,电化学储能,0,人民网,新型电力系统,202501
20250112,新闻数量,3,人民网,新型电力系统,202501
20250112,多能互补,0,人民网,新型电力系统,202501
20250112,碳中和,0,人民网,新型电力系统,202501
20250112,碳达峰,0,人民网,新型电力系统,202501
20250112,柔性输电,0,人民网,新型电力系统,202501
20250112,综合能源,0,人民网,新型电力系统,202501
20250112,氢能,0,人民网,新型电力系统,202501
20250112,电动汽车,0,人民网,新型电力系统,202501
20250112,分布式交易,0,人民网,新型电力系统,202501
20250112,微网,0,人民网,新型电力系统,202501
20250112,新型电力系统,3,人民网,新型电力系统,202501
20250112,储能,14,人民网,新型电力系统,202501
20250112,CCHP,0,人民网,新型电力系统,202501
20250112,燃料电池,0,人民网,新型电力系统,202501
20250112,能源物联网,0,人民网,新型电力系统,202501
20250112,能源大数据,0,人民网,新型电力系统,202501
20250112,电力交易,0,人民网,新型电力系统,202501
20250112,能效,0,人民网,新型电力系统,202501
20250112,节能,0,人民网,新型电力系统,202501
20250112,区块链,0,人民网,新型电力系统,202501
20250112,虚拟电厂,0,人民网,新型电力系统,202501
20250112,能量路由器,0,人民网,新型电力系统,202501
20250112,多能流,0,人民网,新型电力系统,202501
20250112,需求侧,0,人民网,新型电力系统,202501
20250112,抽水蓄能,0,人民网,新型电力系统,202501
20250112,电化学储能,0,人民网,新型电力系统,202501
20250113,新闻数量,9,人民网,新型电力系统,202501
20250113,多能互补,0,人民网,新型电力系统,202501
20250113,碳中和,1,人民网,新型电力系统,202501
20250113,碳达峰,2,人民网,新型电力系统,202501
20250113,柔性输电,0,人民网,新型电力系统,202501
20250113,综合能源,0,人民网,新型电力系统,202501
20250113,氢能,1,人民网,新型电力系统,202501
20250113,电动汽车,0,人民网,新型电力系统,202501
20250113,分布式交易,0,人民网,新型电力系统,202501
20250113,微网,0,人民网,新型电力系统,202501
20250113,新型电力系统,11,人民网,新型电力系统,202501
20250113,储能,27,人民网,新型电力系统,202501
20250113,CCHP,0,人民网,新型电力系统,202501
20250113,燃料电池,0,人民网,新型电力系统,202501
20250113,能源物联网,0,人民网,新型电力系统,202501
20250113,能源大数据,0,人民网,新型电力系统,202501
20250113,电力交易,0,人民网,新型电力系统,202501
20250113,能效,0,人民网,新型电力系统,202501
20250113,节能,4,人民网,新型电力系统,202501
20250113,区块链,0,人民网,新型电力系统,202501
20250113,虚拟电厂,0,人民网,新型电力系统,202501
20250113,能量路由器,0,人民网,新型电力系统,202501
20250113,多能流,0,人民网,新型电力系统,202501
20250113,需求侧,0,人民网,新型电力系统,202501
20250113,抽水蓄能,18,人民网,新型电力系统,202501
20250113,电化学储能,0,人民网,新型电力系统,202501
20250114,新闻数量,4,人民网,新型电力系统,202501
20250114,多能互补,0,人民网,新型电力系统,202501
20250114,碳中和,0,人民网,新型电力系统,202501
20250114,碳达峰,0,人民网,新型电力系统,202501
20250114,柔性输电,0,人民网,新型电力系统,202501
20250114,综合能源,1,人民网,新型电力系统,202501
20250114,氢能,0,人民网,新型电力系统,202501
20250114,电动汽车,3,人民网,新型电力系统,202501
20250114,分布式交易,0,人民网,新型电力系统,202501
20250114,微网,0,人民网,新型电力系统,202501
20250114,新型电力系统,7,人民网,新型电力系统,202501
20250114,储能,22,人民网,新型电力系统,202501
20250114,CCHP,0,人民网,新型电力系统,202501
20250114,燃料电池,0,人民网,新型电力系统,202501
20250114,能源物联网,0,人民网,新型电力系统,202501
20250114,能源大数据,0,人民网,新型电力系统,202501
20250114,电力交易,2,人民网,新型电力系统,202501
20250114,能效,0,人民网,新型电力系统,202501
20250114,节能,3,人民网,新型电力系统,202501
20250114,区块链,0,人民网,新型电力系统,202501
20250114,虚拟电厂,36,人民网,新型电力系统,202501
20250114,能量路由器,0,人民网,新型电力系统,202501
20250114,多能流,0,人民网,新型电力系统,202501
20250114,需求侧,0,人民网,新型电力系统,202501
20250114,抽水蓄能,1,人民网,新型电力系统,202501
20250114,电化学储能,1,人民网,新型电力系统,202501
20250115,新闻数量,7,人民网,新型电力系统,202501
20250115,多能互补,1,人民网,新型电力系统,202501
20250115,碳中和,2,人民网,新型电力系统,202501
20250115,碳达峰,0,人民网,新型电力系统,202501
20250115,柔性输电,0,人民网,新型电力系统,202501
20250115,综合能源,1,人民网,新型电力系统,202501
20250115,氢能,6,人民网,新型电力系统,202501
20250115,电动汽车,4,人民网,新型电力系统,202501
20250115,分布式交易,0,人民网,新型电力系统,202501
20250115,微网,0,人民网,新型电力系统,202501
20250115,新型电力系统,8,人民网,新型电力系统,202501
20250115,储能,13,人民网,新型电力系统,202501
20250115,CCHP,0,人民网,新型电力系统,202501
20250115,燃料电池,0,人民网,新型电力系统,202501
20250115,能源物联网,0,人民网,新型电力系统,202501
20250115,能源大数据,0,人民网,新型电力系统,202501
20250115,电力交易,0,人民网,新型电力系统,202501
20250115,能效,3,人民网,新型电力系统,202501
20250115,节能,9,人民网,新型电力系统,202501
20250115,区块链,0,人民网,新型电力系统,202501
20250115,虚拟电厂,7,人民网,新型电力系统,202501
20250115,能量路由器,0,人民网,新型电力系统,202501
20250115,多能流,0,人民网,新型电力系统,202501
20250115,需求侧,0,人民网,新型电力系统,202501
20250115,抽水蓄能,1,人民网,新型电力系统,202501
20250115,电化学储能,0,人民网,新型电力系统,202501
20250116,新闻数量,8,人民网,新型电力系统,202501
20250116,多能互补,1,人民网,新型电力系统,202501
20250116,碳中和,2,人民网,新型电力系统,202501
20250116,碳达峰,1,人民网,新型电力系统,202501
20250116,柔性输电,0,人民网,新型电力系统,202501
20250116,综合能源,0,人民网,新型电力系统,202501
20250116,氢能,2,人民网,新型电力系统,202501
20250116,电动汽车,0,人民网,新型电力系统,202501
20250116,分布式交易,0,人民网,新型电力系统,202501
20250116,微网,0,人民网,新型电力系统,202501
20250116,新型电力系统,8,人民网,新型电力系统,202501
20250116,储能,5,人民网,新型电力系统,202501
20250116,CCHP,0,人民网,新型电力系统,202501
20250116,燃料电池,0,人民网,新型电力系统,202501
20250116,能源物联网,0,人民网,新型电力系统,202501
20250116,能源大数据,0,人民网,新型电力系统,202501
20250116,电力交易,0,人民网,新型电力系统,202501
20250116,能效,0,人民网,新型电力系统,202501
20250116,节能,0,人民网,新型电力系统,202501
20250116,区块链,0,人民网,新型电力系统,202501
20250116,虚拟电厂,0,人民网,新型电力系统,202501
20250116,能量路由器,0,人民网,新型电力系统,202501
20250116,多能流,0,人民网,新型电力系统,202501
20250116,需求侧,0,人民网,新型电力系统,202501
20250116,抽水蓄能,0,人民网,新型电力系统,202501
20250116,电化学储能,0,人民网,新型电力系统,202501
20250117,新闻数量,7,人民网,新型电力系统,202501
20250117,多能互补,0,人民网,新型电力系统,202501
20250117,碳中和,0,人民网,新型电力系统,202501
20250117,碳达峰,0,人民网,新型电力系统,202501
20250117,柔性输电,0,人民网,新型电力系统,202501
20250117,综合能源,0,人民网,新型电力系统,202501
20250117,氢能,2,人民网,新型电力系统,202501
20250117,电动汽车,3,人民网,新型电力系统,202501
20250117,分布式交易,0,人民网,新型电力系统,202501
20250117,微网,0,人民网,新型电力系统,202501
20250117,新型电力系统,11,人民网,新型电力系统,202501
20250117,储能,1,人民网,新型电力系统,202501
20250117,CCHP,0,人民网,新型电力系统,202501
20250117,燃料电池,0,人民网,新型电力系统,202501
20250117,能源物联网,0,人民网,新型电力系统,202501
20250117,能源大数据,0,人民网,新型电力系统,202501
20250117,电力交易,0,人民网,新型电力系统,202501
20250117,能效,0,人民网,新型电力系统,202501
20250117,节能,1,人民网,新型电力系统,202501
20250117,区块链,0,人民网,新型电力系统,202501
20250117,虚拟电厂,1,人民网,新型电力系统,202501
20250117,能量路由器,0,人民网,新型电力系统,202501
20250117,多能流,0,人民网,新型电力系统,202501
20250117,需求侧,0,人民网,新型电力系统,202501
20250117,抽水蓄能,2,人民网,新型电力系统,202501
20250117,电化学储能,0,人民网,新型电力系统,202501
20250118,新闻数量,1,人民网,新型电力系统,202501
20250118,多能互补,0,人民网,新型电力系统,202501
20250118,碳中和,0,人民网,新型电力系统,202501
20250118,碳达峰,0,人民网,新型电力系统,202501
20250118,柔性输电,0,人民网,新型电力系统,202501
20250118,综合能源,0,人民网,新型电力系统,202501
20250118,氢能,1,人民网,新型电力系统,202501
20250118,电动汽车,0,人民网,新型电力系统,202501
20250118,分布式交易,0,人民网,新型电力系统,202501
20250118,微网,0,人民网,新型电力系统,202501
20250118,新型电力系统,1,人民网,新型电力系统,202501
20250118,储能,2,人民网,新型电力系统,202501
20250118,CCHP,0,人民网,新型电力系统,202501
20250118,燃料电池,0,人民网,新型电力系统,202501
20250118,能源物联网,0,人民网,新型电力系统,202501
20250118,能源大数据,0,人民网,新型电力系统,202501
20250118,电力交易,0,人民网,新型电力系统,202501
20250118,能效,0,人民网,新型电力系统,202501
20250118,节能,0,人民网,新型电力系统,202501
20250118,区块链,0,人民网,新型电力系统,202501
20250118,虚拟电厂,0,人民网,新型电力系统,202501
20250118,能量路由器,0,人民网,新型电力系统,202501
20250118,多能流,0,人民网,新型电力系统,202501
20250118,需求侧,0,人民网,新型电力系统,202501
20250118,抽水蓄能,0,人民网,新型电力系统,202501
20250118,电化学储能,0,人民网,新型电力系统,202501
20250119,新闻数量,5,人民网,新型电力系统,202501
20250119,多能互补,0,人民网,新型电力系统,202501
20250119,碳中和,0,人民网,新型电力系统,202501
20250119,碳达峰,1,人民网,新型电力系统,202501
20250119,柔性输电,0,人民网,新型电力系统,202501
20250119,综合能源,2,人民网,新型电力系统,202501
20250119,氢能,1,人民网,新型电力系统,202501
20250119,电动汽车,0,人民网,新型电力系统,202501
20250119,分布式交易,0,人民网,新型电力系统,202501
20250119,微网,0,人民网,新型电力系统,202501
20250119,新型电力系统,8,人民网,新型电力系统,202501
20250119,储能,7,人民网,新型电力系统,202501
20250119,CCHP,0,人民网,新型电力系统,202501
20250119,燃料电池,0,人民网,新型电力系统,202501
20250119,能源物联网,0,人民网,新型电力系统,202501
20250119,能源大数据,0,人民网,新型电力系统,202501
20250119,电力交易,0,人民网,新型电力系统,202501
20250119,能效,0,人民网,新型电力系统,202501
20250119,节能,2,人民网,新型电力系统,202501
20250119,区块链,0,人民网,新型电力系统,202501
20250119,虚拟电厂,16,人民网,新型电力系统,202501
20250119,能量路由器,0,人民网,新型电力系统,202501
20250119,多能流,0,人民网,新型电力系统,202501
20250119,需求侧,0,人民网,新型电力系统,202501
20250119,抽水蓄能,0,人民网,新型电力系统,202501
20250119,电化学储能,0,人民网,新型电力系统,202501
20250120,新闻数量,7,人民网,新型电力系统,202501
20250120,多能互补,0,人民网,新型电力系统,202501
20250120,碳中和,7,人民网,新型电力系统,202501
20250120,碳达峰,5,人民网,新型电力系统,202501
20250120,柔性输电,0,人民网,新型电力系统,202501
20250120,综合能源,0,人民网,新型电力系统,202501
20250120,氢能,1,人民网,新型电力系统,202501
20250120,电动汽车,0,人民网,新型电力系统,202501
20250120,分布式交易,0,人民网,新型电力系统,202501
20250120,微网,0,人民网,新型电力系统,202501
20250120,新型电力系统,11,人民网,新型电力系统,202501
20250120,储能,10,人民网,新型电力系统,202501
20250120,CCHP,0,人民网,新型电力系统,202501
20250120,燃料电池,1,人民网,新型电力系统,202501
20250120,能源物联网,0,人民网,新型电力系统,202501
20250120,能源大数据,0,人民网,新型电力系统,202501
20250120,电力交易,0,人民网,新型电力系统,202501
20250120,能效,2,人民网,新型电力系统,202501
20250120,节能,4,人民网,新型电力系统,202501
20250120,区块链,0,人民网,新型电力系统,202501
20250120,虚拟电厂,0,人民网,新型电力系统,202501
20250120,能量路由器,0,人民网,新型电力系统,202501
20250120,多能流,0,人民网,新型电力系统,202501
20250120,需求侧,0,人民网,新型电力系统,202501
20250120,抽水蓄能,1,人民网,新型电力系统,202501
20250120,电化学储能,0,人民网,新型电力系统,202501
20250121,新闻数量,5,人民网,新型电力系统,202501
20250121,多能互补,0,人民网,新型电力系统,202501
20250121,碳中和,0,人民网,新型电力系统,202501
20250121,碳达峰,0,人民网,新型电力系统,202501
20250121,柔性输电,0,人民网,新型电力系统,202501
20250121,综合能源,0,人民网,新型电力系统,202501
20250121,氢能,2,人民网,新型电力系统,202501
20250121,电动汽车,1,人民网,新型电力系统,202501
20250121,分布式交易,0,人民网,新型电力系统,202501
20250121,微网,0,人民网,新型电力系统,202501
20250121,新型电力系统,7,人民网,新型电力系统,202501
20250121,储能,4,人民网,新型电力系统,202501
20250121,CCHP,0,人民网,新型电力系统,202501
20250121,燃料电池,0,人民网,新型电力系统,202501
20250121,能源物联网,0,人民网,新型电力系统,202501
20250121,能源大数据,0,人民网,新型电力系统,202501
20250121,电力交易,0,人民网,新型电力系统,202501
20250121,能效,0,人民网,新型电力系统,202501
20250121,节能,4,人民网,新型电力系统,202501
20250121,区块链,0,人民网,新型电力系统,202501
20250121,虚拟电厂,0,人民网,新型电力系统,202501
20250121,能量路由器,0,人民网,新型电力系统,202501
20250121,多能流,0,人民网,新型电力系统,202501
20250121,需求侧,0,人民网,新型电力系统,202501
20250121,抽水蓄能,3,人民网,新型电力系统,202501
20250121,电化学储能,0,人民网,新型电力系统,202501
20250122,新闻数量,2,人民网,新型电力系统,202501
20250122,多能互补,0,人民网,新型电力系统,202501
20250122,碳中和,0,人民网,新型电力系统,202501
20250122,碳达峰,0,人民网,新型电力系统,202501
20250122,柔性输电,0,人民网,新型电力系统,202501
20250122,综合能源,0,人民网,新型电力系统,202501
20250122,氢能,0,人民网,新型电力系统,202501
20250122,电动汽车,0,人民网,新型电力系统,202501
20250122,分布式交易,0,人民网,新型电力系统,202501
20250122,微网,0,人民网,新型电力系统,202501
20250122,新型电力系统,2,人民网,新型电力系统,202501
20250122,储能,1,人民网,新型电力系统,202501
20250122,CCHP,0,人民网,新型电力系统,202501
20250122,燃料电池,0,人民网,新型电力系统,202501
20250122,能源物联网,0,人民网,新型电力系统,202501
20250122,能源大数据,0,人民网,新型电力系统,202501
20250122,电力交易,0,人民网,新型电力系统,202501
20250122,能效,0,人民网,新型电力系统,202501
20250122,节能,0,人民网,新型电力系统,202501
20250122,区块链,0,人民网,新型电力系统,202501
20250122,虚拟电厂,0,人民网,新型电力系统,202501
20250122,能量路由器,0,人民网,新型电力系统,202501
20250122,多能流,0,人民网,新型电力系统,202501
20250122,需求侧,0,人民网,新型电力系统,202501
20250122,抽水蓄能,6,人民网,新型电力系统,202501
20250122,电化学储能,0,人民网,新型电力系统,202501
20250123,新闻数量,5,人民网,新型电力系统,202501
20250123,多能互补,0,人民网,新型电力系统,202501
20250123,碳中和,0,人民网,新型电力系统,202501
20250123,碳达峰,3,人民网,新型电力系统,202501
20250123,柔性输电,0,人民网,新型电力系统,202501
20250123,综合能源,0,人民网,新型电力系统,202501
20250123,氢能,5,人民网,新型电力系统,202501
20250123,电动汽车,1,人民网,新型电力系统,202501
20250123,分布式交易,0,人民网,新型电力系统,202501
20250123,微网,0,人民网,新型电力系统,202501
20250123,新型电力系统,7,人民网,新型电力系统,202501
20250123,储能,17,人民网,新型电力系统,202501
20250123,CCHP,0,人民网,新型电力系统,202501
20250123,燃料电池,0,人民网,新型电力系统,202501
20250123,能源物联网,0,人民网,新型电力系统,202501
20250123,能源大数据,0,人民网,新型电力系统,202501
20250123,电力交易,0,人民网,新型电力系统,202501
20250123,能效,1,人民网,新型电力系统,202501
20250123,节能,3,人民网,新型电力系统,202501
20250123,区块链,0,人民网,新型电力系统,202501
20250123,虚拟电厂,1,人民网,新型电力系统,202501
20250123,能量路由器,0,人民网,新型电力系统,202501
20250123,多能流,0,人民网,新型电力系统,202501
20250123,需求侧,0,人民网,新型电力系统,202501
20250123,抽水蓄能,2,人民网,新型电力系统,202501
20250123,电化学储能,0,人民网,新型电力系统,202501
20250124,新闻数量,1,人民网,新型电力系统,202501
20250124,多能互补,0,人民网,新型电力系统,202501
20250124,碳中和,0,人民网,新型电力系统,202501
20250124,碳达峰,0,人民网,新型电力系统,202501
20250124,柔性输电,0,人民网,新型电力系统,202501
20250124,综合能源,0,人民网,新型电力系统,202501
20250124,氢能,0,人民网,新型电力系统,202501
20250124,电动汽车,0,人民网,新型电力系统,202501
20250124,分布式交易,0,人民网,新型电力系统,202501
20250124,微网,0,人民网,新型电力系统,202501
20250124,新型电力系统,2,人民网,新型电力系统,202501
20250124,储能,17,人民网,新型电力系统,202501
20250124,CCHP,0,人民网,新型电力系统,202501
20250124,燃料电池,0,人民网,新型电力系统,202501
20250124,能源物联网,0,人民网,新型电力系统,202501
20250124,能源大数据,0,人民网,新型电力系统,202501
20250124,电力交易,0,人民网,新型电力系统,202501
20250124,能效,0,人民网,新型电力系统,202501
20250124,节能,0,人民网,新型电力系统,202501
20250124,区块链,0,人民网,新型电力系统,202501
20250124,虚拟电厂,0,人民网,新型电力系统,202501
20250124,能量路由器,0,人民网,新型电力系统,202501
20250124,多能流,0,人民网,新型电力系统,202501
20250124,需求侧,0,人民网,新型电力系统,202501
20250124,抽水蓄能,0,人民网,新型电力系统,202501
20250124,电化学储能,0,人民网,新型电力系统,202501
20250125,新闻数量,1,人民网,新型电力系统,202501
20250125,多能互补,0,人民网,新型电力系统,202501
20250125,碳中和,0,人民网,新型电力系统,202501
20250125,碳达峰,0,人民网,新型电力系统,202501
20250125,柔性输电,0,人民网,新型电力系统,202501
20250125,综合能源,0,人民网,新型电力系统,202501
20250125,氢能,0,人民网,新型电力系统,202501
20250125,电动汽车,0,人民网,新型电力系统,202501
20250125,分布式交易,0,人民网,新型电力系统,202501
20250125,微网,0,人民网,新型电力系统,202501
20250125,新型电力系统,2,人民网,新型电力系统,202501
20250125,储能,7,人民网,新型电力系统,202501
20250125,CCHP,0,人民网,新型电力系统,202501
20250125,燃料电池,0,人民网,新型电力系统,202501
20250125,能源物联网,0,人民网,新型电力系统,202501
20250125,能源大数据,0,人民网,新型电力系统,202501
20250125,电力交易,0,人民网,新型电力系统,202501
20250125,能效,0,人民网,新型电力系统,202501
20250125,节能,0,人民网,新型电力系统,202501
20250125,区块链,0,人民网,新型电力系统,202501
20250125,虚拟电厂,0,人民网,新型电力系统,202501
20250125,能量路由器,0,人民网,新型电力系统,202501
20250125,多能流,0,人民网,新型电力系统,202501
20250125,需求侧,0,人民网,新型电力系统,202501
20250125,抽水蓄能,1,人民网,新型电力系统,202501
20250125,电化学储能,0,人民网,新型电力系统,202501
20250126,新闻数量,3,人民网,新型电力系统,202501
20250126,多能互补,0,人民网,新型电力系统,202501
20250126,碳中和,0,人民网,新型电力系统,202501
20250126,碳达峰,0,人民网,新型电力系统,202501
20250126,柔性输电,0,人民网,新型电力系统,202501
20250126,综合能源,0,人民网,新型电力系统,202501
20250126,氢能,2,人民网,新型电力系统,202501
20250126,电动汽车,0,人民网,新型电力系统,202501
20250126,分布式交易,0,人民网,新型电力系统,202501
20250126,微网,0,人民网,新型电力系统,202501
20250126,新型电力系统,3,人民网,新型电力系统,202501
20250126,储能,5,人民网,新型电力系统,202501
20250126,CCHP,0,人民网,新型电力系统,202501
20250126,燃料电池,0,人民网,新型电力系统,202501
20250126,能源物联网,0,人民网,新型电力系统,202501
20250126,能源大数据,0,人民网,新型电力系统,202501
20250126,电力交易,0,人民网,新型电力系统,202501
20250126,能效,0,人民网,新型电力系统,202501
20250126,节能,2,人民网,新型电力系统,202501
20250126,区块链,0,人民网,新型电力系统,202501
20250126,虚拟电厂,0,人民网,新型电力系统,202501
20250126,能量路由器,0,人民网,新型电力系统,202501
20250126,多能流,0,人民网,新型电力系统,202501
20250126,需求侧,0,人民网,新型电力系统,202501
20250126,抽水蓄能,1,人民网,新型电力系统,202501
20250126,电化学储能,0,人民网,新型电力系统,202501
20250127,新闻数量,4,人民网,新型电力系统,202501
20250127,多能互补,0,人民网,新型电力系统,202501
20250127,碳中和,0,人民网,新型电力系统,202501
20250127,碳达峰,1,人民网,新型电力系统,202501
20250127,柔性输电,0,人民网,新型电力系统,202501
20250127,综合能源,0,人民网,新型电力系统,202501
20250127,氢能,2,人民网,新型电力系统,202501
20250127,电动汽车,1,人民网,新型电力系统,202501
20250127,分布式交易,0,人民网,新型电力系统,202501
20250127,微网,0,人民网,新型电力系统,202501
20250127,新型电力系统,6,人民网,新型电力系统,202501
20250127,储能,1,人民网,新型电力系统,202501
20250127,CCHP,0,人民网,新型电力系统,202501
20250127,燃料电池,0,人民网,新型电力系统,202501
20250127,能源物联网,0,人民网,新型电力系统,202501
20250127,能源大数据,0,人民网,新型电力系统,202501
20250127,电力交易,0,人民网,新型电力系统,202501
20250127,能效,0,人民网,新型电力系统,202501
20250127,节能,4,人民网,新型电力系统,202501
20250127,区块链,0,人民网,新型电力系统,202501
20250127,虚拟电厂,0,人民网,新型电力系统,202501
20250127,能量路由器,0,人民网,新型电力系统,202501
20250127,多能流,0,人民网,新型电力系统,202501
20250127,需求侧,0,人民网,新型电力系统,202501
20250127,抽水蓄能,0,人民网,新型电力系统,202501
20250127,电化学储能,0,人民网,新型电力系统,202501
20250128,新闻数量,3,人民网,新型电力系统,202501
20250128,多能互补,1,人民网,新型电力系统,202501
20250128,碳中和,0,人民网,新型电力系统,202501
20250128,碳达峰,1,人民网,新型电力系统,202501
20250128,柔性输电,0,人民网,新型电力系统,202501
20250128,综合能源,1,人民网,新型电力系统,202501
20250128,氢能,3,人民网,新型电力系统,202501
20250128,电动汽车,5,人民网,新型电力系统,202501
20250128,分布式交易,0,人民网,新型电力系统,202501
20250128,微网,0,人民网,新型电力系统,202501
20250128,新型电力系统,6,人民网,新型电力系统,202501
20250128,储能,3,人民网,新型电力系统,202501
20250128,CCHP,0,人民网,新型电力系统,202501
20250128,燃料电池,0,人民网,新型电力系统,202501
20250128,能源物联网,0,人民网,新型电力系统,202501
20250128,能源大数据,0,人民网,新型电力系统,202501
20250128,电力交易,0,人民网,新型电力系统,202501
20250128,能效,0,人民网,新型电力系统,202501
20250128,节能,1,人民网,新型电力系统,202501
20250128,区块链,0,人民网,新型电力系统,202501
20250128,虚拟电厂,0,人民网,新型电力系统,202501
20250128,能量路由器,0,人民网,新型电力系统,202501
20250128,多能流,0,人民网,新型电力系统,202501
20250128,需求侧,0,人民网,新型电力系统,202501
20250128,抽水蓄能,0,人民网,新型电力系统,202501
20250128,电化学储能,0,人民网,新型电力系统,202501
20250205,新闻数量,2,人民网,新型电力系统,202502
20250205,多能互补,0,人民网,新型电力系统,202502
20250205,碳中和,0,人民网,新型电力系统,202502
20250205,碳达峰,0,人民网,新型电力系统,202502
20250205,柔性输电,0,人民网,新型电力系统,202502
20250205,综合能源,0,人民网,新型电力系统,202502
20250205,氢能,7,人民网,新型电力系统,202502
20250205,电动汽车,0,人民网,新型电力系统,202502
20250205,分布式交易,0,人民网,新型电力系统,202502
20250205,微网,0,人民网,新型电力系统,202502
20250205,新型电力系统,2,人民网,新型电力系统,202502
20250205,储能,7,人民网,新型电力系统,202502
20250205,CCHP,0,人民网,新型电力系统,202502
20250205,燃料电池,0,人民网,新型电力系统,202502
20250205,能源物联网,0,人民网,新型电力系统,202502
20250205,能源大数据,0,人民网,新型电力系统,202502
20250205,电力交易,0,人民网,新型电力系统,202502
20250205,能效,0,人民网,新型电力系统,202502
20250205,节能,0,人民网,新型电力系统,202502
20250205,区块链,0,人民网,新型电力系统,202502
20250205,虚拟电厂,0,人民网,新型电力系统,202502
20250205,能量路由器,0,人民网,新型电力系统,202502
20250205,多能流,0,人民网,新型电力系统,202502
20250205,需求侧,0,人民网,新型电力系统,202502
20250205,抽水蓄能,0,人民网,新型电力系统,202502
20250205,电化学储能,0,人民网,新型电力系统,202502
20250206,新闻数量,1,人民网,新型电力系统,202502
20250206,多能互补,0,人民网,新型电力系统,202502
20250206,碳中和,0,人民网,新型电力系统,202502
20250206,碳达峰,0,人民网,新型电力系统,202502
20250206,柔性输电,0,人民网,新型电力系统,202502
20250206,综合能源,0,人民网,新型电力系统,202502
20250206,氢能,0,人民网,新型电力系统,202502
20250206,电动汽车,2,人民网,新型电力系统,202502
20250206,分布式交易,0,人民网,新型电力系统,202502
20250206,微网,0,人民网,新型电力系统,202502
20250206,新型电力系统,1,人民网,新型电力系统,202502
20250206,储能,8,人民网,新型电力系统,202502
20250206,CCHP,0,人民网,新型电力系统,202502
20250206,燃料电池,0,人民网,新型电力系统,202502
20250206,能源物联网,0,人民网,新型电力系统,202502
20250206,能源大数据,0,人民网,新型电力系统,202502
20250206,电力交易,1,人民网,新型电力系统,202502
20250206,能效,0,人民网,新型电力系统,202502
20250206,节能,0,人民网,新型电力系统,202502
20250206,区块链,0,人民网,新型电力系统,202502
20250206,虚拟电厂,2,人民网,新型电力系统,202502
20250206,能量路由器,0,人民网,新型电力系统,202502
20250206,多能流,0,人民网,新型电力系统,202502
20250206,需求侧,0,人民网,新型电力系统,202502
20250206,抽水蓄能,0,人民网,新型电力系统,202502
20250206,电化学储能,0,人民网,新型电力系统,202502
20250207,新闻数量,14,人民网,新型电力系统,202502
20250207,多能互补,0,人民网,新型电力系统,202502
20250207,碳中和,1,人民网,新型电力系统,202502
20250207,碳达峰,0,人民网,新型电力系统,202502
20250207,柔性输电,0,人民网,新型电力系统,202502
20250207,综合能源,0,人民网,新型电力系统,202502
20250207,氢能,0,人民网,新型电力系统,202502
20250207,电动汽车,0,人民网,新型电力系统,202502
20250207,分布式交易,0,人民网,新型电力系统,202502
20250207,微网,0,人民网,新型电力系统,202502
20250207,新型电力系统,14,人民网,新型电力系统,202502
20250207,储能,10,人民网,新型电力系统,202502
20250207,CCHP,0,人民网,新型电力系统,202502
20250207,燃料电池,0,人民网,新型电力系统,202502
20250207,能源物联网,0,人民网,新型电力系统,202502
20250207,能源大数据,3,人民网,新型电力系统,202502
20250207,电力交易,0,人民网,新型电力系统,202502
20250207,能效,1,人民网,新型电力系统,202502
20250207,节能,4,人民网,新型电力系统,202502
20250207,区块链,0,人民网,新型电力系统,202502
20250207,虚拟电厂,0,人民网,新型电力系统,202502
20250207,能量路由器,0,人民网,新型电力系统,202502
20250207,多能流,0,人民网,新型电力系统,202502
20250207,需求侧,0,人民网,新型电力系统,202502
20250207,抽水蓄能,11,人民网,新型电力系统,202502
20250207,电化学储能,0,人民网,新型电力系统,202502
20250208,新闻数量,3,人民网,新型电力系统,202502
20250208,多能互补,0,人民网,新型电力系统,202502
20250208,碳中和,0,人民网,新型电力系统,202502
20250208,碳达峰,0,人民网,新型电力系统,202502
20250208,柔性输电,0,人民网,新型电力系统,202502
20250208,综合能源,0,人民网,新型电力系统,202502
20250208,氢能,4,人民网,新型电力系统,202502
20250208,电动汽车,2,人民网,新型电力系统,202502
20250208,分布式交易,0,人民网,新型电力系统,202502
20250208,微网,0,人民网,新型电力系统,202502
20250208,新型电力系统,6,人民网,新型电力系统,202502
20250208,储能,17,人民网,新型电力系统,202502
20250208,CCHP,0,人民网,新型电力系统,202502
20250208,燃料电池,0,人民网,新型电力系统,202502
20250208,能源物联网,0,人民网,新型电力系统,202502
20250208,能源大数据,0,人民网,新型电力系统,202502
20250208,电力交易,0,人民网,新型电力系统,202502
20250208,能效,0,人民网,新型电力系统,202502
20250208,节能,2,人民网,新型电力系统,202502
20250208,区块链,0,人民网,新型电力系统,202502
20250208,虚拟电厂,1,人民网,新型电力系统,202502
20250208,能量路由器,0,人民网,新型电力系统,202502
20250208,多能流,0,人民网,新型电力系统,202502
20250208,需求侧,0,人民网,新型电力系统,202502
20250208,抽水蓄能,1,人民网,新型电力系统,202502
20250208,电化学储能,1,人民网,新型电力系统,202502
20250209,新闻数量,1,人民网,新型电力系统,202502
20250209,多能互补,0,人民网,新型电力系统,202502
20250209,碳中和,0,人民网,新型电力系统,202502
20250209,碳达峰,0,人民网,新型电力系统,202502
20250209,柔性输电,0,人民网,新型电力系统,202502
20250209,综合能源,0,人民网,新型电力系统,202502
20250209,氢能,1,人民网,新型电力系统,202502
20250209,电动汽车,0,人民网,新型电力系统,202502
20250209,分布式交易,0,人民网,新型电力系统,202502
20250209,微网,0,人民网,新型电力系统,202502
20250209,新型电力系统,1,人民网,新型电力系统,202502
20250209,储能,1,人民网,新型电力系统,202502
20250209,CCHP,0,人民网,新型电力系统,202502
20250209,燃料电池,0,人民网,新型电力系统,202502
20250209,能源物联网,0,人民网,新型电力系统,202502
20250209,能源大数据,0,人民网,新型电力系统,202502
20250209,电力交易,0,人民网,新型电力系统,202502
20250209,能效,0,人民网,新型电力系统,202502
20250209,节能,0,人民网,新型电力系统,202502
20250209,区块链,0,人民网,新型电力系统,202502
20250209,虚拟电厂,0,人民网,新型电力系统,202502
20250209,能量路由器,0,人民网,新型电力系统,202502
20250209,多能流,0,人民网,新型电力系统,202502
20250209,需求侧,0,人民网,新型电力系统,202502
20250209,抽水蓄能,0,人民网,新型电力系统,202502
20250209,电化学储能,0,人民网,新型电力系统,202502
20250210,新闻数量,13,人民网,新型电力系统,202502
20250210,多能互补,0,人民网,新型电力系统,202502
20250210,碳中和,0,人民网,新型电力系统,202502
20250210,碳达峰,0,人民网,新型电力系统,202502
20250210,柔性输电,0,人民网,新型电力系统,202502
20250210,综合能源,0,人民网,新型电力系统,202502
20250210,氢能,0,人民网,新型电力系统,202502
20250210,电动汽车,0,人民网,新型电力系统,202502
20250210,分布式交易,0,人民网,新型电力系统,202502
20250210,微网,0,人民网,新型电力系统,202502
20250210,新型电力系统,38,人民网,新型电力系统,202502
20250210,储能,27,人民网,新型电力系统,202502
20250210,CCHP,0,人民网,新型电力系统,202502
20250210,燃料电池,0,人民网,新型电力系统,202502
20250210,能源物联网,0,人民网,新型电力系统,202502
20250210,能源大数据,0,人民网,新型电力系统,202502
20250210,电力交易,1,人民网,新型电力系统,202502
20250210,能效,0,人民网,新型电力系统,202502
20250210,节能,1,人民网,新型电力系统,202502
20250210,区块链,1,人民网,新型电力系统,202502
20250210,虚拟电厂,2,人民网,新型电力系统,202502
20250210,能量路由器,0,人民网,新型电力系统,202502
20250210,多能流,0,人民网,新型电力系统,202502
20250210,需求侧,1,人民网,新型电力系统,202502
20250210,抽水蓄能,0,人民网,新型电力系统,202502
20250210,电化学储能,1,人民网,新型电力系统,202502
20250211,新闻数量,2,人民网,新型电力系统,202502
20250211,多能互补,0,人民网,新型电力系统,202502
20250211,碳中和,0,人民网,新型电力系统,202502
20250211,碳达峰,0,人民网,新型电力系统,202502
20250211,柔性输电,0,人民网,新型电力系统,202502
20250211,综合能源,0,人民网,新型电力系统,202502
20250211,氢能,0,人民网,新型电力系统,202502
20250211,电动汽车,0,人民网,新型电力系统,202502
20250211,分布式交易,0,人民网,新型电力系统,202502
20250211,微网,0,人民网,新型电力系统,202502
20250211,新型电力系统,4,人民网,新型电力系统,202502
20250211,储能,1,人民网,新型电力系统,202502
20250211,CCHP,0,人民网,新型电力系统,202502
20250211,燃料电池,0,人民网,新型电力系统,202502
20250211,能源物联网,0,人民网,新型电力系统,202502
20250211,能源大数据,0,人民网,新型电力系统,202502
20250211,电力交易,0,人民网,新型电力系统,202502
20250211,能效,0,人民网,新型电力系统,202502
20250211,节能,0,人民网,新型电力系统,202502
20250211,区块链,0,人民网,新型电力系统,202502
20250211,虚拟电厂,1,人民网,新型电力系统,202502
20250211,能量路由器,0,人民网,新型电力系统,202502
20250211,多能流,0,人民网,新型电力系统,202502
20250211,需求侧,0,人民网,新型电力系统,202502
20250211,抽水蓄能,0,人民网,新型电力系统,202502
20250211,电化学储能,0,人民网,新型电力系统,202502
20250212,新闻数量,3,人民网,新型电力系统,202502
20250212,多能互补,0,人民网,新型电力系统,202502
20250212,碳中和,0,人民网,新型电力系统,202502
20250212,碳达峰,0,人民网,新型电力系统,202502
20250212,柔性输电,0,人民网,新型电力系统,202502
20250212,综合能源,1,人民网,新型电力系统,202502
20250212,氢能,0,人民网,新型电力系统,202502
20250212,电动汽车,0,人民网,新型电力系统,202502
20250212,分布式交易,0,人民网,新型电力系统,202502
20250212,微网,0,人民网,新型电力系统,202502
20250212,新型电力系统,3,人民网,新型电力系统,202502
20250212,储能,10,人民网,新型电力系统,202502
20250212,CCHP,0,人民网,新型电力系统,202502
20250212,燃料电池,0,人民网,新型电力系统,202502
20250212,能源物联网,0,人民网,新型电力系统,202502
20250212,能源大数据,0,人民网,新型电力系统,202502
20250212,电力交易,0,人民网,新型电力系统,202502
20250212,能效,0,人民网,新型电力系统,202502
20250212,节能,2,人民网,新型电力系统,202502
20250212,区块链,0,人民网,新型电力系统,202502
20250212,虚拟电厂,1,人民网,新型电力系统,202502
20250212,能量路由器,0,人民网,新型电力系统,202502
20250212,多能流,0,人民网,新型电力系统,202502
20250212,需求侧,0,人民网,新型电力系统,202502
20250212,抽水蓄能,0,人民网,新型电力系统,202502
20250212,电化学储能,0,人民网,新型电力系统,202502
20250213,新闻数量,8,人民网,新型电力系统,202502
20250213,多能互补,0,人民网,新型电力系统,202502
20250213,碳中和,0,人民网,新型电力系统,202502
20250213,碳达峰,0,人民网,新型电力系统,202502
20250213,柔性输电,0,人民网,新型电力系统,202502
20250213,综合能源,1,人民网,新型电力系统,202502
20250213,氢能,3,人民网,新型电力系统,202502
20250213,电动汽车,1,人民网,新型电力系统,202502
20250213,分布式交易,0,人民网,新型电力系统,202502
20250213,微网,0,人民网,新型电力系统,202502
20250213,新型电力系统,12,人民网,新型电力系统,202502
20250213,储能,10,人民网,新型电力系统,202502
20250213,CCHP,0,人民网,新型电力系统,202502
20250213,燃料电池,0,人民网,新型电力系统,202502
20250213,能源物联网,0,人民网,新型电力系统,202502
20250213,能源大数据,0,人民网,新型电力系统,202502
20250213,电力交易,2,人民网,新型电力系统,202502
20250213,能效,1,人民网,新型电力系统,202502
20250213,节能,8,人民网,新型电力系统,202502
20250213,区块链,0,人民网,新型电力系统,202502
20250213,虚拟电厂,42,人民网,新型电力系统,202502
20250213,能量路由器,0,人民网,新型电力系统,202502
20250213,多能流,0,人民网,新型电力系统,202502
20250213,需求侧,0,人民网,新型电力系统,202502
20250213,抽水蓄能,0,人民网,新型电力系统,202502
20250213,电化学储能,0,人民网,新型电力系统,202502
20250214,新闻数量,3,人民网,新型电力系统,202502
20250214,多能互补,1,人民网,新型电力系统,202502
20250214,碳中和,0,人民网,新型电力系统,202502
20250214,碳达峰,1,人民网,新型电力系统,202502
20250214,柔性输电,0,人民网,新型电力系统,202502
20250214,综合能源,1,人民网,新型电力系统,202502
20250214,氢能,0,人民网,新型电力系统,202502
20250214,电动汽车,0,人民网,新型电力系统,202502
20250214,分布式交易,0,人民网,新型电力系统,202502
20250214,微网,0,人民网,新型电力系统,202502
20250214,新型电力系统,4,人民网,新型电力系统,202502
20250214,储能,38,人民网,新型电力系统,202502
20250214,CCHP,0,人民网,新型电力系统,202502
20250214,燃料电池,0,人民网,新型电力系统,202502
20250214,能源物联网,0,人民网,新型电力系统,202502
20250214,能源大数据,0,人民网,新型电力系统,202502
20250214,电力交易,0,人民网,新型电力系统,202502
20250214,能效,0,人民网,新型电力系统,202502
20250214,节能,1,人民网,新型电力系统,202502
20250214,区块链,0,人民网,新型电力系统,202502
20250214,虚拟电厂,0,人民网,新型电力系统,202502
20250214,能量路由器,0,人民网,新型电力系统,202502
20250214,多能流,0,人民网,新型电力系统,202502
20250214,需求侧,0,人民网,新型电力系统,202502
20250214,抽水蓄能,0,人民网,新型电力系统,202502
20250214,电化学储能,2,人民网,新型电力系统,202502
20250215,新闻数量,3,人民网,新型电力系统,202502
20250215,多能互补,2,人民网,新型电力系统,202502
20250215,碳中和,2,人民网,新型电力系统,202502
20250215,碳达峰,2,人民网,新型电力系统,202502
20250215,柔性输电,0,人民网,新型电力系统,202502
20250215,综合能源,0,人民网,新型电力系统,202502
20250215,氢能,0,人民网,新型电力系统,202502
20250215,电动汽车,0,人民网,新型电力系统,202502
20250215,分布式交易,0,人民网,新型电力系统,202502
20250215,微网,0,人民网,新型电力系统,202502
20250215,新型电力系统,7,人民网,新型电力系统,202502
20250215,储能,24,人民网,新型电力系统,202502
20250215,CCHP,0,人民网,新型电力系统,202502
20250215,燃料电池,0,人民网,新型电力系统,202502
20250215,能源物联网,0,人民网,新型电力系统,202502
20250215,能源大数据,0,人民网,新型电力系统,202502
20250215,电力交易,0,人民网,新型电力系统,202502
20250215,能效,0,人民网,新型电力系统,202502
20250215,节能,0,人民网,新型电力系统,202502
20250215,区块链,0,人民网,新型电力系统,202502
20250215,虚拟电厂,0,人民网,新型电力系统,202502
20250215,能量路由器,0,人民网,新型电力系统,202502
20250215,多能流,0,人民网,新型电力系统,202502
20250215,需求侧,0,人民网,新型电力系统,202502
20250215,抽水蓄能,2,人民网,新型电力系统,202502
20250215,电化学储能,1,人民网,新型电力系统,202502
20250217,新闻数量,1,人民网,新型电力系统,202502
20250217,多能互补,0,人民网,新型电力系统,202502
20250217,碳中和,0,人民网,新型电力系统,202502
20250217,碳达峰,0,人民网,新型电力系统,202502
20250217,柔性输电,0,人民网,新型电力系统,202502
20250217,综合能源,0,人民网,新型电力系统,202502
20250217,氢能,0,人民网,新型电力系统,202502
20250217,电动汽车,0,人民网,新型电力系统,202502
20250217,分布式交易,0,人民网,新型电力系统,202502
20250217,微网,0,人民网,新型电力系统,202502
20250217,新型电力系统,4,人民网,新型电力系统,202502
20250217,储能,2,人民网,新型电力系统,202502
20250217,CCHP,0,人民网,新型电力系统,202502
20250217,燃料电池,0,人民网,新型电力系统,202502
20250217,能源物联网,0,人民网,新型电力系统,202502
20250217,能源大数据,0,人民网,新型电力系统,202502
20250217,电力交易,0,人民网,新型电力系统,202502
20250217,能效,0,人民网,新型电力系统,202502
20250217,节能,0,人民网,新型电力系统,202502
20250217,区块链,0,人民网,新型电力系统,202502
20250217,虚拟电厂,0,人民网,新型电力系统,202502
20250217,能量路由器,0,人民网,新型电力系统,202502
20250217,多能流,0,人民网,新型电力系统,202502
20250217,需求侧,0,人民网,新型电力系统,202502
20250217,抽水蓄能,0,人民网,新型电力系统,202502
20250217,电化学储能,0,人民网,新型电力系统,202502
20250218,新闻数量,3,人民网,新型电力系统,202502
20250218,多能互补,3,人民网,新型电力系统,202502
20250218,碳中和,0,人民网,新型电力系统,202502
20250218,碳达峰,0,人民网,新型电力系统,202502
20250218,柔性输电,0,人民网,新型电力系统,202502
20250218,综合能源,2,人民网,新型电力系统,202502
20250218,氢能,0,人民网,新型电力系统,202502
20250218,电动汽车,0,人民网,新型电力系统,202502
20250218,分布式交易,0,人民网,新型电力系统,202502
20250218,微网,0,人民网,新型电力系统,202502
20250218,新型电力系统,5,人民网,新型电力系统,202502
20250218,储能,4,人民网,新型电力系统,202502
20250218,CCHP,0,人民网,新型电力系统,202502
20250218,燃料电池,0,人民网,新型电力系统,202502
20250218,能源物联网,0,人民网,新型电力系统,202502
20250218,能源大数据,0,人民网,新型电力系统,202502
20250218,电力交易,0,人民网,新型电力系统,202502
20250218,能效,0,人民网,新型电力系统,202502
20250218,节能,1,人民网,新型电力系统,202502
20250218,区块链,0,人民网,新型电力系统,202502
20250218,虚拟电厂,0,人民网,新型电力系统,202502
20250218,能量路由器,0,人民网,新型电力系统,202502
20250218,多能流,0,人民网,新型电力系统,202502
20250218,需求侧,1,人民网,新型电力系统,202502
20250218,抽水蓄能,0,人民网,新型电力系统,202502
20250218,电化学储能,0,人民网,新型电力系统,202502
20250219,新闻数量,4,人民网,新型电力系统,202502
20250219,多能互补,0,人民网,新型电力系统,202502
20250219,碳中和,1,人民网,新型电力系统,202502
20250219,碳达峰,2,人民网,新型电力系统,202502
20250219,柔性输电,0,人民网,新型电力系统,202502
20250219,综合能源,0,人民网,新型电力系统,202502
20250219,氢能,1,人民网,新型电力系统,202502
20250219,电动汽车,0,人民网,新型电力系统,202502
20250219,分布式交易,0,人民网,新型电力系统,202502
20250219,微网,0,人民网,新型电力系统,202502
20250219,新型电力系统,11,人民网,新型电力系统,202502
20250219,储能,28,人民网,新型电力系统,202502
20250219,CCHP,0,人民网,新型电力系统,202502
20250219,燃料电池,0,人民网,新型电力系统,202502
20250219,能源物联网,0,人民网,新型电力系统,202502
20250219,能源大数据,0,人民网,新型电力系统,202502
20250219,电力交易,0,人民网,新型电力系统,202502
20250219,能效,0,人民网,新型电力系统,202502
20250219,节能,2,人民网,新型电力系统,202502
20250219,区块链,0,人民网,新型电力系统,202502
20250219,虚拟电厂,0,人民网,新型电力系统,202502
20250219,能量路由器,0,人民网,新型电力系统,202502
20250219,多能流,0,人民网,新型电力系统,202502
20250219,需求侧,0,人民网,新型电力系统,202502
20250219,抽水蓄能,2,人民网,新型电力系统,202502
20250219,电化学储能,2,人民网,新型电力系统,202502
20250220,新闻数量,3,人民网,新型电力系统,202502
20250220,多能互补,1,人民网,新型电力系统,202502
20250220,碳中和,0,人民网,新型电力系统,202502
20250220,碳达峰,0,人民网,新型电力系统,202502
20250220,柔性输电,0,人民网,新型电力系统,202502
20250220,综合能源,0,人民网,新型电力系统,202502
20250220,氢能,1,人民网,新型电力系统,202502
20250220,电动汽车,1,人民网,新型电力系统,202502
20250220,分布式交易,0,人民网,新型电力系统,202502
20250220,微网,0,人民网,新型电力系统,202502
20250220,新型电力系统,3,人民网,新型电力系统,202502
20250220,储能,16,人民网,新型电力系统,202502
20250220,CCHP,0,人民网,新型电力系统,202502
20250220,燃料电池,0,人民网,新型电力系统,202502
20250220,能源物联网,0,人民网,新型电力系统,202502
20250220,能源大数据,0,人民网,新型电力系统,202502
20250220,电力交易,0,人民网,新型电力系统,202502
20250220,能效,0,人民网,新型电力系统,202502
20250220,节能,0,人民网,新型电力系统,202502
20250220,区块链,0,人民网,新型电力系统,202502
20250220,虚拟电厂,0,人民网,新型电力系统,202502
20250220,能量路由器,0,人民网,新型电力系统,202502
20250220,多能流,0,人民网,新型电力系统,202502
20250220,需求侧,0,人民网,新型电力系统,202502
20250220,抽水蓄能,0,人民网,新型电力系统,202502
20250220,电化学储能,2,人民网,新型电力系统,202502
20250221,新闻数量,1,人民网,新型电力系统,202502
20250221,多能互补,0,人民网,新型电力系统,202502
20250221,碳中和,0,人民网,新型电力系统,202502
20250221,碳达峰,0,人民网,新型电力系统,202502
20250221,柔性输电,0,人民网,新型电力系统,202502
20250221,综合能源,0,人民网,新型电力系统,202502
20250221,氢能,0,人民网,新型电力系统,202502
20250221,电动汽车,0,人民网,新型电力系统,202502
20250221,分布式交易,0,人民网,新型电力系统,202502
20250221,微网,0,人民网,新型电力系统,202502
20250221,新型电力系统,1,人民网,新型电力系统,202502
20250221,储能,0,人民网,新型电力系统,202502
20250221,CCHP,0,人民网,新型电力系统,202502
20250221,燃料电池,0,人民网,新型电力系统,202502
20250221,能源物联网,0,人民网,新型电力系统,202502
20250221,能源大数据,0,人民网,新型电力系统,202502
20250221,电力交易,0,人民网,新型电力系统,202502
20250221,能效,0,人民网,新型电力系统,202502
20250221,节能,0,人民网,新型电力系统,202502
20250221,区块链,0,人民网,新型电力系统,202502
20250221,虚拟电厂,0,人民网,新型电力系统,202502
20250221,能量路由器,0,人民网,新型电力系统,202502
20250221,多能流,0,人民网,新型电力系统,202502
20250221,需求侧,0,人民网,新型电力系统,202502
20250221,抽水蓄能,0,人民网,新型电力系统,202502
20250221,电化学储能,0,人民网,新型电力系统,202502
20250222,新闻数量,3,人民网,新型电力系统,202502
20250222,多能互补,0,人民网,新型电力系统,202502
20250222,碳中和,0,人民网,新型电力系统,202502
20250222,碳达峰,0,人民网,新型电力系统,202502
20250222,柔性输电,0,人民网,新型电力系统,202502
20250222,综合能源,0,人民网,新型电力系统,202502
20250222,氢能,0,人民网,新型电力系统,202502
20250222,电动汽车,0,人民网,新型电力系统,202502
20250222,分布式交易,0,人民网,新型电力系统,202502
20250222,微网,0,人民网,新型电力系统,202502
20250222,新型电力系统,7,人民网,新型电力系统,202502
20250222,储能,66,人民网,新型电力系统,202502
20250222,CCHP,0,人民网,新型电力系统,202502
20250222,燃料电池,0,人民网,新型电力系统,202502
20250222,能源物联网,0,人民网,新型电力系统,202502
20250222,能源大数据,0,人民网,新型电力系统,202502
20250222,电力交易,0,人民网,新型电力系统,202502
20250222,能效,0,人民网,新型电力系统,202502
20250222,节能,0,人民网,新型电力系统,202502
20250222,区块链,0,人民网,新型电力系统,202502
20250222,虚拟电厂,0,人民网,新型电力系统,202502
20250222,能量路由器,0,人民网,新型电力系统,202502
20250222,多能流,0,人民网,新型电力系统,202502
20250222,需求侧,0,人民网,新型电力系统,202502
20250222,抽水蓄能,0,人民网,新型电力系统,202502
20250222,电化学储能,0,人民网,新型电力系统,202502
20250224,新闻数量,1,人民网,新型电力系统,202502
20250224,多能互补,0,人民网,新型电力系统,202502
20250224,碳中和,0,人民网,新型电力系统,202502
20250224,碳达峰,0,人民网,新型电力系统,202502
20250224,柔性输电,0,人民网,新型电力系统,202502
20250224,综合能源,0,人民网,新型电力系统,202502
20250224,氢能,0,人民网,新型电力系统,202502
20250224,电动汽车,0,人民网,新型电力系统,202502
20250224,分布式交易,0,人民网,新型电力系统,202502
20250224,微网,0,人民网,新型电力系统,202502
20250224,新型电力系统,1,人民网,新型电力系统,202502
20250224,储能,0,人民网,新型电力系统,202502
20250224,CCHP,0,人民网,新型电力系统,202502
20250224,燃料电池,0,人民网,新型电力系统,202502
20250224,能源物联网,0,人民网,新型电力系统,202502
20250224,能源大数据,0,人民网,新型电力系统,202502
20250224,电力交易,0,人民网,新型电力系统,202502
20250224,能效,0,人民网,新型电力系统,202502
20250224,节能,0,人民网,新型电力系统,202502
20250224,区块链,0,人民网,新型电力系统,202502
20250224,虚拟电厂,0,人民网,新型电力系统,202502
20250224,能量路由器,0,人民网,新型电力系统,202502
20250224,多能流,0,人民网,新型电力系统,202502
20250224,需求侧,0,人民网,新型电力系统,202502
20250224,抽水蓄能,0,人民网,新型电力系统,202502
20250224,电化学储能,0,人民网,新型电力系统,202502
20250225,新闻数量,11,人民网,新型电力系统,202502
20250225,多能互补,0,人民网,新型电力系统,202502
20250225,碳中和,0,人民网,新型电力系统,202502
20250225,碳达峰,0,人民网,新型电力系统,202502
20250225,柔性输电,0,人民网,新型电力系统,202502
20250225,综合能源,0,人民网,新型电力系统,202502
20250225,氢能,0,人民网,新型电力系统,202502
20250225,电动汽车,0,人民网,新型电力系统,202502
20250225,分布式交易,0,人民网,新型电力系统,202502
20250225,微网,0,人民网,新型电力系统,202502
20250225,新型电力系统,11,人民网,新型电力系统,202502
20250225,储能,14,人民网,新型电力系统,202502
20250225,CCHP,0,人民网,新型电力系统,202502
20250225,燃料电池,0,人民网,新型电力系统,202502
20250225,能源物联网,0,人民网,新型电力系统,202502
20250225,能源大数据,0,人民网,新型电力系统,202502
20250225,电力交易,0,人民网,新型电力系统,202502
20250225,能效,0,人民网,新型电力系统,202502
20250225,节能,0,人民网,新型电力系统,202502
20250225,区块链,0,人民网,新型电力系统,202502
20250225,虚拟电厂,14,人民网,新型电力系统,202502
20250225,能量路由器,0,人民网,新型电力系统,202502
20250225,多能流,0,人民网,新型电力系统,202502
20250225,需求侧,0,人民网,新型电力系统,202502
20250225,抽水蓄能,0,人民网,新型电力系统,202502
20250225,电化学储能,0,人民网,新型电力系统,202502
20250226,新闻数量,11,人民网,新型电力系统,202502
20250226,多能互补,3,人民网,新型电力系统,202502
20250226,碳中和,5,人民网,新型电力系统,202502
20250226,碳达峰,5,人民网,新型电力系统,202502
20250226,柔性输电,0,人民网,新型电力系统,202502
20250226,综合能源,3,人民网,新型电力系统,202502
20250226,氢能,3,人民网,新型电力系统,202502
20250226,电动汽车,1,人民网,新型电力系统,202502
20250226,分布式交易,0,人民网,新型电力系统,202502
20250226,微网,0,人民网,新型电力系统,202502
20250226,新型电力系统,21,人民网,新型电力系统,202502
20250226,储能,17,人民网,新型电力系统,202502
20250226,CCHP,0,人民网,新型电力系统,202502
20250226,燃料电池,0,人民网,新型电力系统,202502
20250226,能源物联网,0,人民网,新型电力系统,202502
20250226,能源大数据,0,人民网,新型电力系统,202502
20250226,电力交易,4,人民网,新型电力系统,202502
20250226,能效,4,人民网,新型电力系统,202502
20250226,节能,10,人民网,新型电力系统,202502
20250226,区块链,0,人民网,新型电力系统,202502
20250226,虚拟电厂,1,人民网,新型电力系统,202502
20250226,能量路由器,0,人民网,新型电力系统,202502
20250226,多能流,0,人民网,新型电力系统,202502
20250226,需求侧,0,人民网,新型电力系统,202502
20250226,抽水蓄能,8,人民网,新型电力系统,202502
20250226,电化学储能,0,人民网,新型电力系统,202502
20250227,新闻数量,2,人民网,新型电力系统,202502
20250227,多能互补,0,人民网,新型电力系统,202502
20250227,碳中和,0,人民网,新型电力系统,202502
20250227,碳达峰,1,人民网,新型电力系统,202502
20250227,柔性输电,0,人民网,新型电力系统,202502
20250227,综合能源,0,人民网,新型电力系统,202502
20250227,氢能,0,人民网,新型电力系统,202502
20250227,电动汽车,0,人民网,新型电力系统,202502
20250227,分布式交易,0,人民网,新型电力系统,202502
20250227,微网,0,人民网,新型电力系统,202502
20250227,新型电力系统,6,人民网,新型电力系统,202502
20250227,储能,0,人民网,新型电力系统,202502
20250227,CCHP,0,人民网,新型电力系统,202502
20250227,燃料电池,0,人民网,新型电力系统,202502
20250227,能源物联网,0,人民网,新型电力系统,202502
20250227,能源大数据,0,人民网,新型电力系统,202502
20250227,电力交易,0,人民网,新型电力系统,202502
20250227,能效,0,人民网,新型电力系统,202502
20250227,节能,1,人民网,新型电力系统,202502
20250227,区块链,0,人民网,新型电力系统,202502
20250227,虚拟电厂,0,人民网,新型电力系统,202502
20250227,能量路由器,0,人民网,新型电力系统,202502
20250227,多能流,0,人民网,新型电力系统,202502
20250227,需求侧,0,人民网,新型电力系统,202502
20250227,抽水蓄能,0,人民网,新型电力系统,202502
20250227,电化学储能,0,人民网,新型电力系统,202502
20250228,新闻数量,6,人民网,新型电力系统,202502
20250228,多能互补,4,人民网,新型电力系统,202502
20250228,碳中和,1,人民网,新型电力系统,202502
20250228,碳达峰,0,人民网,新型电力系统,202502
20250228,柔性输电,0,人民网,新型电力系统,202502
20250228,综合能源,0,人民网,新型电力系统,202502
20250228,氢能,0,人民网,新型电力系统,202502
20250228,电动汽车,3,人民网,新型电力系统,202502
20250228,分布式交易,0,人民网,新型电力系统,202502
20250228,微网,0,人民网,新型电力系统,202502
20250228,新型电力系统,17,人民网,新型电力系统,202502
20250228,储能,11,人民网,新型电力系统,202502
20250228,CCHP,0,人民网,新型电力系统,202502
20250228,燃料电池,0,人民网,新型电力系统,202502
20250228,能源物联网,0,人民网,新型电力系统,202502
20250228,能源大数据,1,人民网,新型电力系统,202502
20250228,电力交易,0,人民网,新型电力系统,202502
20250228,能效,0,人民网,新型电力系统,202502
20250228,节能,1,人民网,新型电力系统,202502
20250228,区块链,0,人民网,新型电力系统,202502
20250228,虚拟电厂,12,人民网,新型电力系统,202502
20250228,能量路由器,0,人民网,新型电力系统,202502
20250228,多能流,0,人民网,新型电力系统,202502
20250228,需求侧,0,人民网,新型电力系统,202502
20250228,抽水蓄能,0,人民网,新型电力系统,202502
20250228,电化学储能,0,人民网,新型电力系统,202502
20250301,新闻数量,3,人民网,新型电力系统,202503
20250301,多能互补,0,人民网,新型电力系统,202503
20250301,碳中和,0,人民网,新型电力系统,202503
20250301,碳达峰,0,人民网,新型电力系统,202503
20250301,柔性输电,0,人民网,新型电力系统,202503
20250301,综合能源,0,人民网,新型电力系统,202503
20250301,氢能,0,人民网,新型电力系统,202503
20250301,电动汽车,2,人民网,新型电力系统,202503
20250301,分布式交易,0,人民网,新型电力系统,202503
20250301,微网,0,人民网,新型电力系统,202503
20250301,新型电力系统,4,人民网,新型电力系统,202503
20250301,储能,0,人民网,新型电力系统,202503
20250301,CCHP,0,人民网,新型电力系统,202503
20250301,燃料电池,0,人民网,新型电力系统,202503
20250301,能源物联网,0,人民网,新型电力系统,202503
20250301,能源大数据,0,人民网,新型电力系统,202503
20250301,电力交易,0,人民网,新型电力系统,202503
20250301,能效,0,人民网,新型电力系统,202503
20250301,节能,2,人民网,新型电力系统,202503
20250301,区块链,0,人民网,新型电力系统,202503
20250301,虚拟电厂,2,人民网,新型电力系统,202503
20250301,能量路由器,0,人民网,新型电力系统,202503
20250301,多能流,0,人民网,新型电力系统,202503
20250301,需求侧,1,人民网,新型电力系统,202503
20250301,抽水蓄能,5,人民网,新型电力系统,202503
20250301,电化学储能,0,人民网,新型电力系统,202503
20250302,新闻数量,10,人民网,新型电力系统,202503
20250302,多能互补,0,人民网,新型电力系统,202503
20250302,碳中和,1,人民网,新型电力系统,202503
20250302,碳达峰,1,人民网,新型电力系统,202503
20250302,柔性输电,0,人民网,新型电力系统,202503
20250302,综合能源,0,人民网,新型电力系统,202503
20250302,氢能,0,人民网,新型电力系统,202503
20250302,电动汽车,1,人民网,新型电力系统,202503
20250302,分布式交易,0,人民网,新型电力系统,202503
20250302,微网,0,人民网,新型电力系统,202503
20250302,新型电力系统,12,人民网,新型电力系统,202503
20250302,储能,18,人民网,新型电力系统,202503
20250302,CCHP,0,人民网,新型电力系统,202503
20250302,燃料电池,0,人民网,新型电力系统,202503
20250302,能源物联网,0,人民网,新型电力系统,202503
20250302,能源大数据,0,人民网,新型电力系统,202503
20250302,电力交易,5,人民网,新型电力系统,202503
20250302,能效,1,人民网,新型电力系统,202503
20250302,节能,3,人民网,新型电力系统,202503
20250302,区块链,0,人民网,新型电力系统,202503
20250302,虚拟电厂,1,人民网,新型电力系统,202503
20250302,能量路由器,0,人民网,新型电力系统,202503
20250302,多能流,0,人民网,新型电力系统,202503
20250302,需求侧,0,人民网,新型电力系统,202503
20250302,抽水蓄能,1,人民网,新型电力系统,202503
20250302,电化学储能,0,人民网,新型电力系统,202503
20250303,新闻数量,2,人民网,新型电力系统,202503
20250303,多能互补,0,人民网,新型电力系统,202503
20250303,碳中和,0,人民网,新型电力系统,202503
20250303,碳达峰,0,人民网,新型电力系统,202503
20250303,柔性输电,0,人民网,新型电力系统,202503
20250303,综合能源,1,人民网,新型电力系统,202503
20250303,氢能,2,人民网,新型电力系统,202503
20250303,电动汽车,0,人民网,新型电力系统,202503
20250303,分布式交易,0,人民网,新型电力系统,202503
20250303,微网,0,人民网,新型电力系统,202503
20250303,新型电力系统,2,人民网,新型电力系统,202503
20250303,储能,0,人民网,新型电力系统,202503
20250303,CCHP,0,人民网,新型电力系统,202503
20250303,燃料电池,0,人民网,新型电力系统,202503
20250303,能源物联网,0,人民网,新型电力系统,202503
20250303,能源大数据,0,人民网,新型电力系统,202503
20250303,电力交易,0,人民网,新型电力系统,202503
20250303,能效,0,人民网,新型电力系统,202503
20250303,节能,0,人民网,新型电力系统,202503
20250303,区块链,0,人民网,新型电力系统,202503
20250303,虚拟电厂,0,人民网,新型电力系统,202503
20250303,能量路由器,0,人民网,新型电力系统,202503
20250303,多能流,0,人民网,新型电力系统,202503
20250303,需求侧,0,人民网,新型电力系统,202503
20250303,抽水蓄能,0,人民网,新型电力系统,202503
20250303,电化学储能,0,人民网,新型电力系统,202503
20250304,新闻数量,2,人民网,新型电力系统,202503
20250304,多能互补,0,人民网,新型电力系统,202503
20250304,碳中和,0,人民网,新型电力系统,202503
20250304,碳达峰,0,人民网,新型电力系统,202503
20250304,柔性输电,0,人民网,新型电力系统,202503
20250304,综合能源,0,人民网,新型电力系统,202503
20250304,氢能,0,人民网,新型电力系统,202503
20250304,电动汽车,1,人民网,新型电力系统,202503
20250304,分布式交易,0,人民网,新型电力系统,202503
20250304,微网,0,人民网,新型电力系统,202503
20250304,新型电力系统,10,人民网,新型电力系统,202503
20250304,储能,10,人民网,新型电力系统,202503
20250304,CCHP,0,人民网,新型电力系统,202503
20250304,燃料电池,0,人民网,新型电力系统,202503
20250304,能源物联网,0,人民网,新型电力系统,202503
20250304,能源大数据,0,人民网,新型电力系统,202503
20250304,电力交易,1,人民网,新型电力系统,202503
20250304,能效,0,人民网,新型电力系统,202503
20250304,节能,0,人民网,新型电力系统,202503
20250304,区块链,0,人民网,新型电力系统,202503
20250304,虚拟电厂,6,人民网,新型电力系统,202503
20250304,能量路由器,0,人民网,新型电力系统,202503
20250304,多能流,0,人民网,新型电力系统,202503
20250304,需求侧,1,人民网,新型电力系统,202503
20250304,抽水蓄能,4,人民网,新型电力系统,202503
20250304,电化学储能,0,人民网,新型电力系统,202503
20250305,新闻数量,1,人民网,新型电力系统,202503
20250305,多能互补,0,人民网,新型电力系统,202503
20250305,碳中和,0,人民网,新型电力系统,202503
20250305,碳达峰,0,人民网,新型电力系统,202503
20250305,柔性输电,0,人民网,新型电力系统,202503
20250305,综合能源,0,人民网,新型电力系统,202503
20250305,氢能,0,人民网,新型电力系统,202503
20250305,电动汽车,0,人民网,新型电力系统,202503
20250305,分布式交易,0,人民网,新型电力系统,202503
20250305,微网,0,人民网,新型电力系统,202503
20250305,新型电力系统,1,人民网,新型电力系统,202503
20250305,储能,0,人民网,新型电力系统,202503
20250305,CCHP,0,人民网,新型电力系统,202503
20250305,燃料电池,0,人民网,新型电力系统,202503
20250305,能源物联网,0,人民网,新型电力系统,202503
20250305,能源大数据,0,人民网,新型电力系统,202503
20250305,电力交易,0,人民网,新型电力系统,202503
20250305,能效,0,人民网,新型电力系统,202503
20250305,节能,0,人民网,新型电力系统,202503
20250305,区块链,0,人民网,新型电力系统,202503
20250305,虚拟电厂,0,人民网,新型电力系统,202503
20250305,能量路由器,0,人民网,新型电力系统,202503
20250305,多能流,0,人民网,新型电力系统,202503
20250305,需求侧,0,人民网,新型电力系统,202503
20250305,抽水蓄能,0,人民网,新型电力系统,202503
20250305,电化学储能,0,人民网,新型电力系统,202503
20250306,新闻数量,4,人民网,新型电力系统,202503
20250306,多能互补,0,人民网,新型电力系统,202503
20250306,碳中和,0,人民网,新型电力系统,202503
20250306,碳达峰,0,人民网,新型电力系统,202503
20250306,柔性输电,0,人民网,新型电力系统,202503
20250306,综合能源,0,人民网,新型电力系统,202503
20250306,氢能,0,人民网,新型电力系统,202503
20250306,电动汽车,0,人民网,新型电力系统,202503
20250306,分布式交易,0,人民网,新型电力系统,202503
20250306,微网,0,人民网,新型电力系统,202503
20250306,新型电力系统,4,人民网,新型电力系统,202503
20250306,储能,0,人民网,新型电力系统,202503
20250306,CCHP,0,人民网,新型电力系统,202503
20250306,燃料电池,0,人民网,新型电力系统,202503
20250306,能源物联网,0,人民网,新型电力系统,202503
20250306,能源大数据,0,人民网,新型电力系统,202503
20250306,电力交易,0,人民网,新型电力系统,202503
20250306,能效,0,人民网,新型电力系统,202503
20250306,节能,0,人民网,新型电力系统,202503
20250306,区块链,0,人民网,新型电力系统,202503
20250306,虚拟电厂,0,人民网,新型电力系统,202503
20250306,能量路由器,0,人民网,新型电力系统,202503
20250306,多能流,0,人民网,新型电力系统,202503
20250306,需求侧,0,人民网,新型电力系统,202503
20250306,抽水蓄能,0,人民网,新型电力系统,202503
20250306,电化学储能,0,人民网,新型电力系统,202503
20250307,新闻数量,13,人民网,新型电力系统,202503
20250307,多能互补,0,人民网,新型电力系统,202503
20250307,碳中和,14,人民网,新型电力系统,202503
20250307,碳达峰,14,人民网,新型电力系统,202503
20250307,柔性输电,0,人民网,新型电力系统,202503
20250307,综合能源,0,人民网,新型电力系统,202503
20250307,氢能,0,人民网,新型电力系统,202503
20250307,电动汽车,3,人民网,新型电力系统,202503
20250307,分布式交易,0,人民网,新型电力系统,202503
20250307,微网,2,人民网,新型电力系统,202503
20250307,新型电力系统,17,人民网,新型电力系统,202503
20250307,储能,91,人民网,新型电力系统,202503
20250307,CCHP,0,人民网,新型电力系统,202503
20250307,燃料电池,0,人民网,新型电力系统,202503
20250307,能源物联网,0,人民网,新型电力系统,202503
20250307,能源大数据,0,人民网,新型电力系统,202503
20250307,电力交易,7,人民网,新型电力系统,202503
20250307,能效,0,人民网,新型电力系统,202503
20250307,节能,5,人民网,新型电力系统,202503
20250307,区块链,0,人民网,新型电力系统,202503
20250307,虚拟电厂,4,人民网,新型电力系统,202503
20250307,能量路由器,0,人民网,新型电力系统,202503
20250307,多能流,0,人民网,新型电力系统,202503
20250307,需求侧,0,人民网,新型电力系统,202503
20250307,抽水蓄能,3,人民网,新型电力系统,202503
20250307,电化学储能,0,人民网,新型电力系统,202503
20250308,新闻数量,4,人民网,新型电力系统,202503
20250308,多能互补,0,人民网,新型电力系统,202503
20250308,碳中和,0,人民网,新型电力系统,202503
20250308,碳达峰,0,人民网,新型电力系统,202503
20250308,柔性输电,0,人民网,新型电力系统,202503
20250308,综合能源,0,人民网,新型电力系统,202503
20250308,氢能,0,人民网,新型电力系统,202503
20250308,电动汽车,0,人民网,新型电力系统,202503
20250308,分布式交易,0,人民网,新型电力系统,202503
20250308,微网,0,人民网,新型电力系统,202503
20250308,新型电力系统,6,人民网,新型电力系统,202503
20250308,储能,2,人民网,新型电力系统,202503
20250308,CCHP,0,人民网,新型电力系统,202503
20250308,燃料电池,0,人民网,新型电力系统,202503
20250308,能源物联网,0,人民网,新型电力系统,202503
20250308,能源大数据,0,人民网,新型电力系统,202503
20250308,电力交易,0,人民网,新型电力系统,202503
20250308,能效,0,人民网,新型电力系统,202503
20250308,节能,1,人民网,新型电力系统,202503
20250308,区块链,0,人民网,新型电力系统,202503
20250308,虚拟电厂,17,人民网,新型电力系统,202503
20250308,能量路由器,0,人民网,新型电力系统,202503
20250308,多能流,0,人民网,新型电力系统,202503
20250308,需求侧,3,人民网,新型电力系统,202503
20250308,抽水蓄能,0,人民网,新型电力系统,202503
20250308,电化学储能,0,人民网,新型电力系统,202503
20250309,新闻数量,3,人民网,新型电力系统,202503
20250309,多能互补,0,人民网,新型电力系统,202503
20250309,碳中和,0,人民网,新型电力系统,202503
20250309,碳达峰,0,人民网,新型电力系统,202503
20250309,柔性输电,0,人民网,新型电力系统,202503
20250309,综合能源,0,人民网,新型电力系统,202503
20250309,氢能,2,人民网,新型电力系统,202503
20250309,电动汽车,0,人民网,新型电力系统,202503
20250309,分布式交易,0,人民网,新型电力系统,202503
20250309,微网,0,人民网,新型电力系统,202503
20250309,新型电力系统,4,人民网,新型电力系统,202503
20250309,储能,0,人民网,新型电力系统,202503
20250309,CCHP,0,人民网,新型电力系统,202503
20250309,燃料电池,0,人民网,新型电力系统,202503
20250309,能源物联网,0,人民网,新型电力系统,202503
20250309,能源大数据,0,人民网,新型电力系统,202503
20250309,电力交易,0,人民网,新型电力系统,202503
20250309,能效,0,人民网,新型电力系统,202503
20250309,节能,0,人民网,新型电力系统,202503
20250309,区块链,0,人民网,新型电力系统,202503
20250309,虚拟电厂,0,人民网,新型电力系统,202503
20250309,能量路由器,0,人民网,新型电力系统,202503
20250309,多能流,0,人民网,新型电力系统,202503
20250309,需求侧,0,人民网,新型电力系统,202503
20250309,抽水蓄能,0,人民网,新型电力系统,202503
20250309,电化学储能,0,人民网,新型电力系统,202503
20250310,新闻数量,10,人民网,新型电力系统,202503
20250310,多能互补,4,人民网,新型电力系统,202503
20250310,碳中和,5,人民网,新型电力系统,202503
20250310,碳达峰,7,人民网,新型电力系统,202503
20250310,柔性输电,0,人民网,新型电力系统,202503
20250310,综合能源,2,人民网,新型电力系统,202503
20250310,氢能,4,人民网,新型电力系统,202503
20250310,电动汽车,2,人民网,新型电力系统,202503
20250310,分布式交易,0,人民网,新型电力系统,202503
20250310,微网,0,人民网,新型电力系统,202503
20250310,新型电力系统,13,人民网,新型电力系统,202503
20250310,储能,5,人民网,新型电力系统,202503
20250310,CCHP,0,人民网,新型电力系统,202503
20250310,燃料电池,3,人民网,新型电力系统,202503
20250310,能源物联网,0,人民网,新型电力系统,202503
20250310,能源大数据,0,人民网,新型电力系统,202503
20250310,电力交易,10,人民网,新型电力系统,202503
20250310,能效,0,人民网,新型电力系统,202503
20250310,节能,9,人民网,新型电力系统,202503
20250310,区块链,5,人民网,新型电力系统,202503
20250310,虚拟电厂,2,人民网,新型电力系统,202503
20250310,能量路由器,0,人民网,新型电力系统,202503
20250310,多能流,0,人民网,新型电力系统,202503
20250310,需求侧,0,人民网,新型电力系统,202503
20250310,抽水蓄能,3,人民网,新型电力系统,202503
20250310,电化学储能,0,人民网,新型电力系统,202503
20250311,新闻数量,1,人民网,新型电力系统,202503
20250311,多能互补,0,人民网,新型电力系统,202503
20250311,碳中和,1,人民网,新型电力系统,202503
20250311,碳达峰,1,人民网,新型电力系统,202503
20250311,柔性输电,0,人民网,新型电力系统,202503
20250311,综合能源,0,人民网,新型电力系统,202503
20250311,氢能,0,人民网,新型电力系统,202503
20250311,电动汽车,0,人民网,新型电力系统,202503
20250311,分布式交易,0,人民网,新型电力系统,202503
20250311,微网,0,人民网,新型电力系统,202503
20250311,新型电力系统,1,人民网,新型电力系统,202503
20250311,储能,0,人民网,新型电力系统,202503
20250311,CCHP,0,人民网,新型电力系统,202503
20250311,燃料电池,0,人民网,新型电力系统,202503
20250311,能源物联网,0,人民网,新型电力系统,202503
20250311,能源大数据,0,人民网,新型电力系统,202503
20250311,电力交易,0,人民网,新型电力系统,202503
20250311,能效,2,人民网,新型电力系统,202503
20250311,节能,2,人民网,新型电力系统,202503
20250311,区块链,0,人民网,新型电力系统,202503
20250311,虚拟电厂,0,人民网,新型电力系统,202503
20250311,能量路由器,0,人民网,新型电力系统,202503
20250311,多能流,0,人民网,新型电力系统,202503
20250311,需求侧,0,人民网,新型电力系统,202503
20250311,抽水蓄能,0,人民网,新型电力系统,202503
20250311,电化学储能,0,人民网,新型电力系统,202503
20250312,新闻数量,4,人民网,新型电力系统,202503
20250312,多能互补,0,人民网,新型电力系统,202503
20250312,碳中和,2,人民网,新型电力系统,202503
20250312,碳达峰,4,人民网,新型电力系统,202503
20250312,柔性输电,0,人民网,新型电力系统,202503
20250312,综合能源,0,人民网,新型电力系统,202503
20250312,氢能,11,人民网,新型电力系统,202503
20250312,电动汽车,0,人民网,新型电力系统,202503
20250312,分布式交易,0,人民网,新型电力系统,202503
20250312,微网,0,人民网,新型电力系统,202503
20250312,新型电力系统,12,人民网,新型电力系统,202503
20250312,储能,4,人民网,新型电力系统,202503
20250312,CCHP,0,人民网,新型电力系统,202503
20250312,燃料电池,2,人民网,新型电力系统,202503
20250312,能源物联网,0,人民网,新型电力系统,202503
20250312,能源大数据,0,人民网,新型电力系统,202503
20250312,电力交易,0,人民网,新型电力系统,202503
20250312,能效,0,人民网,新型电力系统,202503
20250312,节能,0,人民网,新型电力系统,202503
20250312,区块链,0,人民网,新型电力系统,202503
20250312,虚拟电厂,0,人民网,新型电力系统,202503
20250312,能量路由器,0,人民网,新型电力系统,202503
20250312,多能流,0,人民网,新型电力系统,202503
20250312,需求侧,0,人民网,新型电力系统,202503
20250312,抽水蓄能,0,人民网,新型电力系统,202503
20250312,电化学储能,0,人民网,新型电力系统,202503
20250313,新闻数量,9,人民网,新型电力系统,202503
20250313,多能互补,0,人民网,新型电力系统,202503
20250313,碳中和,3,人民网,新型电力系统,202503
20250313,碳达峰,5,人民网,新型电力系统,202503
20250313,柔性输电,0,人民网,新型电力系统,202503
20250313,综合能源,0,人民网,新型电力系统,202503
20250313,氢能,0,人民网,新型电力系统,202503
20250313,电动汽车,0,人民网,新型电力系统,202503
20250313,分布式交易,0,人民网,新型电力系统,202503
20250313,微网,0,人民网,新型电力系统,202503
20250313,新型电力系统,9,人民网,新型电力系统,202503
20250313,储能,2,人民网,新型电力系统,202503
20250313,CCHP,0,人民网,新型电力系统,202503
20250313,燃料电池,0,人民网,新型电力系统,202503
20250313,能源物联网,0,人民网,新型电力系统,202503
20250313,能源大数据,0,人民网,新型电力系统,202503
20250313,电力交易,0,人民网,新型电力系统,202503
20250313,能效,3,人民网,新型电力系统,202503
20250313,节能,7,人民网,新型电力系统,202503
20250313,区块链,0,人民网,新型电力系统,202503
20250313,虚拟电厂,0,人民网,新型电力系统,202503
20250313,能量路由器,0,人民网,新型电力系统,202503
20250313,多能流,0,人民网,新型电力系统,202503
20250313,需求侧,1,人民网,新型电力系统,202503
20250313,抽水蓄能,7,人民网,新型电力系统,202503
20250313,电化学储能,0,人民网,新型电力系统,202503
20250314,新闻数量,5,人民网,新型电力系统,202503
20250314,多能互补,0,人民网,新型电力系统,202503
20250314,碳中和,6,人民网,新型电力系统,202503
20250314,碳达峰,10,人民网,新型电力系统,202503
20250314,柔性输电,0,人民网,新型电力系统,202503
20250314,综合能源,1,人民网,新型电力系统,202503
20250314,氢能,2,人民网,新型电力系统,202503
20250314,电动汽车,0,人民网,新型电力系统,202503
20250314,分布式交易,0,人民网,新型电力系统,202503
20250314,微网,0,人民网,新型电力系统,202503
20250314,新型电力系统,8,人民网,新型电力系统,202503
20250314,储能,10,人民网,新型电力系统,202503
20250314,CCHP,0,人民网,新型电力系统,202503
20250314,燃料电池,0,人民网,新型电力系统,202503
20250314,能源物联网,0,人民网,新型电力系统,202503
20250314,能源大数据,0,人民网,新型电力系统,202503
20250314,电力交易,0,人民网,新型电力系统,202503
20250314,能效,6,人民网,新型电力系统,202503
20250314,节能,15,人民网,新型电力系统,202503
20250314,区块链,0,人民网,新型电力系统,202503
20250314,虚拟电厂,0,人民网,新型电力系统,202503
20250314,能量路由器,0,人民网,新型电力系统,202503
20250314,多能流,0,人民网,新型电力系统,202503
20250314,需求侧,2,人民网,新型电力系统,202503
20250314,抽水蓄能,0,人民网,新型电力系统,202503
20250314,电化学储能,0,人民网,新型电力系统,202503
20250315,新闻数量,2,人民网,新型电力系统,202503
20250315,多能互补,2,人民网,新型电力系统,202503
20250315,碳中和,0,人民网,新型电力系统,202503
20250315,碳达峰,0,人民网,新型电力系统,202503
20250315,柔性输电,0,人民网,新型电力系统,202503
20250315,综合能源,3,人民网,新型电力系统,202503
20250315,氢能,0,人民网,新型电力系统,202503
20250315,电动汽车,0,人民网,新型电力系统,202503
20250315,分布式交易,0,人民网,新型电力系统,202503
20250315,微网,0,人民网,新型电力系统,202503
20250315,新型电力系统,2,人民网,新型电力系统,202503
20250315,储能,0,人民网,新型电力系统,202503
20250315,CCHP,0,人民网,新型电力系统,202503
20250315,燃料电池,0,人民网,新型电力系统,202503
20250315,能源物联网,0,人民网,新型电力系统,202503
20250315,能源大数据,0,人民网,新型电力系统,202503
20250315,电力交易,0,人民网,新型电力系统,202503
20250315,能效,0,人民网,新型电力系统,202503
20250315,节能,0,人民网,新型电力系统,202503
20250315,区块链,0,人民网,新型电力系统,202503
20250315,虚拟电厂,0,人民网,新型电力系统,202503
20250315,能量路由器,0,人民网,新型电力系统,202503
20250315,多能流,0,人民网,新型电力系统,202503
20250315,需求侧,0,人民网,新型电力系统,202503
20250315,抽水蓄能,0,人民网,新型电力系统,202503
20250315,电化学储能,0,人民网,新型电力系统,202503
20250316,新闻数量,1,人民网,新型电力系统,202503
20250316,多能互补,0,人民网,新型电力系统,202503
20250316,碳中和,0,人民网,新型电力系统,202503
20250316,碳达峰,0,人民网,新型电力系统,202503
20250316,柔性输电,0,人民网,新型电力系统,202503
20250316,综合能源,1,人民网,新型电力系统,202503
20250316,氢能,0,人民网,新型电力系统,202503
20250316,电动汽车,0,人民网,新型电力系统,202503
20250316,分布式交易,0,人民网,新型电力系统,202503
20250316,微网,0,人民网,新型电力系统,202503
20250316,新型电力系统,1,人民网,新型电力系统,202503
20250316,储能,4,人民网,新型电力系统,202503
20250316,CCHP,0,人民网,新型电力系统,202503
20250316,燃料电池,0,人民网,新型电力系统,202503
20250316,能源物联网,0,人民网,新型电力系统,202503
20250316,能源大数据,0,人民网,新型电力系统,202503
20250316,电力交易,0,人民网,新型电力系统,202503
20250316,能效,0,人民网,新型电力系统,202503
20250316,节能,1,人民网,新型电力系统,202503
20250316,区块链,0,人民网,新型电力系统,202503
20250316,虚拟电厂,0,人民网,新型电力系统,202503
20250316,能量路由器,0,人民网,新型电力系统,202503
20250316,多能流,0,人民网,新型电力系统,202503
20250316,需求侧,0,人民网,新型电力系统,202503
20250316,抽水蓄能,0,人民网,新型电力系统,202503
20250316,电化学储能,0,人民网,新型电力系统,202503
20250317,新闻数量,4,人民网,新型电力系统,202503
20250317,多能互补,1,人民网,新型电力系统,202503
20250317,碳中和,1,人民网,新型电力系统,202503
20250317,碳达峰,2,人民网,新型电力系统,202503
20250317,柔性输电,0,人民网,新型电力系统,202503
20250317,综合能源,1,人民网,新型电力系统,202503
20250317,氢能,2,人民网,新型电力系统,202503
20250317,电动汽车,0,人民网,新型电力系统,202503
20250317,分布式交易,0,人民网,新型电力系统,202503
20250317,微网,0,人民网,新型电力系统,202503
20250317,新型电力系统,5,人民网,新型电力系统,202503
20250317,储能,19,人民网,新型电力系统,202503
20250317,CCHP,0,人民网,新型电力系统,202503
20250317,燃料电池,0,人民网,新型电力系统,202503
20250317,能源物联网,0,人民网,新型电力系统,202503
20250317,能源大数据,0,人民网,新型电力系统,202503
20250317,电力交易,1,人民网,新型电力系统,202503
20250317,能效,2,人民网,新型电力系统,202503
20250317,节能,7,人民网,新型电力系统,202503
20250317,区块链,0,人民网,新型电力系统,202503
20250317,虚拟电厂,0,人民网,新型电力系统,202503
20250317,能量路由器,0,人民网,新型电力系统,202503
20250317,多能流,0,人民网,新型电力系统,202503
20250317,需求侧,0,人民网,新型电力系统,202503
20250317,抽水蓄能,4,人民网,新型电力系统,202503
20250317,电化学储能,2,人民网,新型电力系统,202503
20250318,新闻数量,2,人民网,新型电力系统,202503
20250318,多能互补,0,人民网,新型电力系统,202503
20250318,碳中和,0,人民网,新型电力系统,202503
20250318,碳达峰,0,人民网,新型电力系统,202503
20250318,柔性输电,0,人民网,新型电力系统,202503
20250318,综合能源,0,人民网,新型电力系统,202503
20250318,氢能,0,人民网,新型电力系统,202503
20250318,电动汽车,0,人民网,新型电力系统,202503
20250318,分布式交易,0,人民网,新型电力系统,202503
20250318,微网,0,人民网,新型电力系统,202503
20250318,新型电力系统,2,人民网,新型电力系统,202503
20250318,储能,2,人民网,新型电力系统,202503
20250318,CCHP,0,人民网,新型电力系统,202503
20250318,燃料电池,0,人民网,新型电力系统,202503
20250318,能源物联网,0,人民网,新型电力系统,202503
20250318,能源大数据,0,人民网,新型电力系统,202503
20250318,电力交易,0,人民网,新型电力系统,202503
20250318,能效,0,人民网,新型电力系统,202503
20250318,节能,0,人民网,新型电力系统,202503
20250318,区块链,0,人民网,新型电力系统,202503
20250318,虚拟电厂,0,人民网,新型电力系统,202503
20250318,能量路由器,0,人民网,新型电力系统,202503
20250318,多能流,0,人民网,新型电力系统,202503
20250318,需求侧,0,人民网,新型电力系统,202503
20250318,抽水蓄能,0,人民网,新型电力系统,202503
20250318,电化学储能,0,人民网,新型电力系统,202503
20250319,新闻数量,6,人民网,新型电力系统,202503
20250319,多能互补,0,人民网,新型电力系统,202503
20250319,碳中和,1,人民网,新型电力系统,202503
20250319,碳达峰,1,人民网,新型电力系统,202503
20250319,柔性输电,0,人民网,新型电力系统,202503
20250319,综合能源,0,人民网,新型电力系统,202503
20250319,氢能,0,人民网,新型电力系统,202503
20250319,电动汽车,0,人民网,新型电力系统,202503
20250319,分布式交易,0,人民网,新型电力系统,202503
20250319,微网,0,人民网,新型电力系统,202503
20250319,新型电力系统,7,人民网,新型电力系统,202503
20250319,储能,33,人民网,新型电力系统,202503
20250319,CCHP,0,人民网,新型电力系统,202503
20250319,燃料电池,0,人民网,新型电力系统,202503
20250319,能源物联网,0,人民网,新型电力系统,202503
20250319,能源大数据,0,人民网,新型电力系统,202503
20250319,电力交易,1,人民网,新型电力系统,202503
20250319,能效,0,人民网,新型电力系统,202503
20250319,节能,2,人民网,新型电力系统,202503
20250319,区块链,0,人民网,新型电力系统,202503
20250319,虚拟电厂,1,人民网,新型电力系统,202503
20250319,能量路由器,0,人民网,新型电力系统,202503
20250319,多能流,0,人民网,新型电力系统,202503
20250319,需求侧,0,人民网,新型电力系统,202503
20250319,抽水蓄能,4,人民网,新型电力系统,202503
20250319,电化学储能,0,人民网,新型电力系统,202503
20250320,新闻数量,5,人民网,新型电力系统,202503
20250320,多能互补,0,人民网,新型电力系统,202503
20250320,碳中和,0,人民网,新型电力系统,202503
20250320,碳达峰,1,人民网,新型电力系统,202503
20250320,柔性输电,0,人民网,新型电力系统,202503
20250320,综合能源,0,人民网,新型电力系统,202503
20250320,氢能,4,人民网,新型电力系统,202503
20250320,电动汽车,7,人民网,新型电力系统,202503
20250320,分布式交易,0,人民网,新型电力系统,202503
20250320,微网,0,人民网,新型电力系统,202503
20250320,新型电力系统,8,人民网,新型电力系统,202503
20250320,储能,12,人民网,新型电力系统,202503
20250320,CCHP,0,人民网,新型电力系统,202503
20250320,燃料电池,0,人民网,新型电力系统,202503
20250320,能源物联网,0,人民网,新型电力系统,202503
20250320,能源大数据,0,人民网,新型电力系统,202503
20250320,电力交易,0,人民网,新型电力系统,202503
20250320,能效,1,人民网,新型电力系统,202503
20250320,节能,2,人民网,新型电力系统,202503
20250320,区块链,0,人民网,新型电力系统,202503
20250320,虚拟电厂,34,人民网,新型电力系统,202503
20250320,能量路由器,0,人民网,新型电力系统,202503
20250320,多能流,0,人民网,新型电力系统,202503
20250320,需求侧,3,人民网,新型电力系统,202503
20250320,抽水蓄能,0,人民网,新型电力系统,202503
20250320,电化学储能,0,人民网,新型电力系统,202503
20250321,新闻数量,2,人民网,新型电力系统,202503
20250321,多能互补,2,人民网,新型电力系统,202503
20250321,碳中和,0,人民网,新型电力系统,202503
20250321,碳达峰,0,人民网,新型电力系统,202503
20250321,柔性输电,0,人民网,新型电力系统,202503
20250321,综合能源,0,人民网,新型电力系统,202503
20250321,氢能,0,人民网,新型电力系统,202503
20250321,电动汽车,0,人民网,新型电力系统,202503
20250321,分布式交易,0,人民网,新型电力系统,202503
20250321,微网,0,人民网,新型电力系统,202503
20250321,新型电力系统,1,人民网,新型电力系统,202503
20250321,储能,0,人民网,新型电力系统,202503
20250321,CCHP,0,人民网,新型电力系统,202503
20250321,燃料电池,0,人民网,新型电力系统,202503
20250321,能源物联网,0,人民网,新型电力系统,202503
20250321,能源大数据,0,人民网,新型电力系统,202503
20250321,电力交易,2,人民网,新型电力系统,202503
20250321,能效,0,人民网,新型电力系统,202503
20250321,节能,0,人民网,新型电力系统,202503
20250321,区块链,0,人民网,新型电力系统,202503
20250321,虚拟电厂,0,人民网,新型电力系统,202503
20250321,能量路由器,0,人民网,新型电力系统,202503
20250321,多能流,0,人民网,新型电力系统,202503
20250321,需求侧,0,人民网,新型电力系统,202503
20250321,抽水蓄能,0,人民网,新型电力系统,202503
20250321,电化学储能,0,人民网,新型电力系统,202503
20250322,新闻数量,1,人民网,新型电力系统,202503
20250322,多能互补,0,人民网,新型电力系统,202503
20250322,碳中和,0,人民网,新型电力系统,202503
20250322,碳达峰,0,人民网,新型电力系统,202503
20250322,柔性输电,0,人民网,新型电力系统,202503
20250322,综合能源,0,人民网,新型电力系统,202503
20250322,氢能,0,人民网,新型电力系统,202503
20250322,电动汽车,0,人民网,新型电力系统,202503
20250322,分布式交易,0,人民网,新型电力系统,202503
20250322,微网,0,人民网,新型电力系统,202503
20250322,新型电力系统,1,人民网,新型电力系统,202503
20250322,储能,1,人民网,新型电力系统,202503
20250322,CCHP,0,人民网,新型电力系统,202503
20250322,燃料电池,0,人民网,新型电力系统,202503
20250322,能源物联网,0,人民网,新型电力系统,202503
20250322,能源大数据,0,人民网,新型电力系统,202503
20250322,电力交易,0,人民网,新型电力系统,202503
20250322,能效,0,人民网,新型电力系统,202503
20250322,节能,0,人民网,新型电力系统,202503
20250322,区块链,0,人民网,新型电力系统,202503
20250322,虚拟电厂,0,人民网,新型电力系统,202503
20250322,能量路由器,0,人民网,新型电力系统,202503
20250322,多能流,0,人民网,新型电力系统,202503
20250322,需求侧,0,人民网,新型电力系统,202503
20250322,抽水蓄能,0,人民网,新型电力系统,202503
20250322,电化学储能,0,人民网,新型电力系统,202503
20250323,新闻数量,1,人民网,新型电力系统,202503
20250323,多能互补,0,人民网,新型电力系统,202503
20250323,碳中和,0,人民网,新型电力系统,202503
20250323,碳达峰,0,人民网,新型电力系统,202503
20250323,柔性输电,0,人民网,新型电力系统,202503
20250323,综合能源,0,人民网,新型电力系统,202503
20250323,氢能,0,人民网,新型电力系统,202503
20250323,电动汽车,0,人民网,新型电力系统,202503
20250323,分布式交易,0,人民网,新型电力系统,202503
20250323,微网,0,人民网,新型电力系统,202503
20250323,新型电力系统,1,人民网,新型电力系统,202503
20250323,储能,0,人民网,新型电力系统,202503
20250323,CCHP,0,人民网,新型电力系统,202503
20250323,燃料电池,0,人民网,新型电力系统,202503
20250323,能源物联网,0,人民网,新型电力系统,202503
20250323,能源大数据,0,人民网,新型电力系统,202503
20250323,电力交易,0,人民网,新型电力系统,202503
20250323,能效,0,人民网,新型电力系统,202503
20250323,节能,0,人民网,新型电力系统,202503
20250323,区块链,0,人民网,新型电力系统,202503
20250323,虚拟电厂,0,人民网,新型电力系统,202503
20250323,能量路由器,0,人民网,新型电力系统,202503
20250323,多能流,0,人民网,新型电力系统,202503
20250323,需求侧,0,人民网,新型电力系统,202503
20250323,抽水蓄能,0,人民网,新型电力系统,202503
20250323,电化学储能,0,人民网,新型电力系统,202503
20250324,新闻数量,4,人民网,新型电力系统,202503
20250324,多能互补,0,人民网,新型电力系统,202503
20250324,碳中和,0,人民网,新型电力系统,202503
20250324,碳达峰,0,人民网,新型电力系统,202503
20250324,柔性输电,0,人民网,新型电力系统,202503
20250324,综合能源,0,人民网,新型电力系统,202503
20250324,氢能,0,人民网,新型电力系统,202503
20250324,电动汽车,1,人民网,新型电力系统,202503
20250324,分布式交易,0,人民网,新型电力系统,202503
20250324,微网,0,人民网,新型电力系统,202503
20250324,新型电力系统,5,人民网,新型电力系统,202503
20250324,储能,4,人民网,新型电力系统,202503
20250324,CCHP,0,人民网,新型电力系统,202503
20250324,燃料电池,0,人民网,新型电力系统,202503
20250324,能源物联网,0,人民网,新型电力系统,202503
20250324,能源大数据,0,人民网,新型电力系统,202503
20250324,电力交易,0,人民网,新型电力系统,202503
20250324,能效,0,人民网,新型电力系统,202503
20250324,节能,0,人民网,新型电力系统,202503
20250324,区块链,0,人民网,新型电力系统,202503
20250324,虚拟电厂,1,人民网,新型电力系统,202503
20250324,能量路由器,0,人民网,新型电力系统,202503
20250324,多能流,0,人民网,新型电力系统,202503
20250324,需求侧,0,人民网,新型电力系统,202503
20250324,抽水蓄能,0,人民网,新型电力系统,202503
20250324,电化学储能,0,人民网,新型电力系统,202503
20250325,新闻数量,5,人民网,新型电力系统,202503
20250325,多能互补,0,人民网,新型电力系统,202503
20250325,碳中和,1,人民网,新型电力系统,202503
20250325,碳达峰,1,人民网,新型电力系统,202503
20250325,柔性输电,0,人民网,新型电力系统,202503
20250325,综合能源,0,人民网,新型电力系统,202503
20250325,氢能,1,人民网,新型电力系统,202503
20250325,电动汽车,0,人民网,新型电力系统,202503
20250325,分布式交易,0,人民网,新型电力系统,202503
20250325,微网,0,人民网,新型电力系统,202503
20250325,新型电力系统,20,人民网,新型电力系统,202503
20250325,储能,36,人民网,新型电力系统,202503
20250325,CCHP,0,人民网,新型电力系统,202503
20250325,燃料电池,0,人民网,新型电力系统,202503
20250325,能源物联网,0,人民网,新型电力系统,202503
20250325,能源大数据,0,人民网,新型电力系统,202503
20250325,电力交易,1,人民网,新型电力系统,202503
20250325,能效,0,人民网,新型电力系统,202503
20250325,节能,1,人民网,新型电力系统,202503
20250325,区块链,0,人民网,新型电力系统,202503
20250325,虚拟电厂,0,人民网,新型电力系统,202503
20250325,能量路由器,0,人民网,新型电力系统,202503
20250325,多能流,0,人民网,新型电力系统,202503
20250325,需求侧,0,人民网,新型电力系统,202503
20250325,抽水蓄能,0,人民网,新型电力系统,202503
20250325,电化学储能,0,人民网,新型电力系统,202503
20250326,新闻数量,4,人民网,新型电力系统,202503
20250326,多能互补,0,人民网,新型电力系统,202503
20250326,碳中和,4,人民网,新型电力系统,202503
20250326,碳达峰,4,人民网,新型电力系统,202503
20250326,柔性输电,0,人民网,新型电力系统,202503
20250326,综合能源,0,人民网,新型电力系统,202503
20250326,氢能,0,人民网,新型电力系统,202503
20250326,电动汽车,1,人民网,新型电力系统,202503
20250326,分布式交易,0,人民网,新型电力系统,202503
20250326,微网,0,人民网,新型电力系统,202503
20250326,新型电力系统,18,人民网,新型电力系统,202503
20250326,储能,7,人民网,新型电力系统,202503
20250326,CCHP,0,人民网,新型电力系统,202503
20250326,燃料电池,0,人民网,新型电力系统,202503
20250326,能源物联网,0,人民网,新型电力系统,202503
20250326,能源大数据,0,人民网,新型电力系统,202503
20250326,电力交易,0,人民网,新型电力系统,202503
20250326,能效,0,人民网,新型电力系统,202503
20250326,节能,15,人民网,新型电力系统,202503
20250326,区块链,0,人民网,新型电力系统,202503
20250326,虚拟电厂,0,人民网,新型电力系统,202503
20250326,能量路由器,0,人民网,新型电力系统,202503
20250326,多能流,0,人民网,新型电力系统,202503
20250326,需求侧,0,人民网,新型电力系统,202503
20250326,抽水蓄能,0,人民网,新型电力系统,202503
20250326,电化学储能,0,人民网,新型电力系统,202503
20250327,新闻数量,5,人民网,新型电力系统,202503
20250327,多能互补,0,人民网,新型电力系统,202503
20250327,碳中和,1,人民网,新型电力系统,202503
20250327,碳达峰,1,人民网,新型电力系统,202503
20250327,柔性输电,0,人民网,新型电力系统,202503
20250327,综合能源,0,人民网,新型电力系统,202503
20250327,氢能,0,人民网,新型电力系统,202503
20250327,电动汽车,0,人民网,新型电力系统,202503
20250327,分布式交易,0,人民网,新型电力系统,202503
20250327,微网,0,人民网,新型电力系统,202503
20250327,新型电力系统,6,人民网,新型电力系统,202503
20250327,储能,9,人民网,新型电力系统,202503
20250327,CCHP,0,人民网,新型电力系统,202503
20250327,燃料电池,0,人民网,新型电力系统,202503
20250327,能源物联网,0,人民网,新型电力系统,202503
20250327,能源大数据,0,人民网,新型电力系统,202503
20250327,电力交易,0,人民网,新型电力系统,202503
20250327,能效,0,人民网,新型电力系统,202503
20250327,节能,0,人民网,新型电力系统,202503
20250327,区块链,0,人民网,新型电力系统,202503
20250327,虚拟电厂,0,人民网,新型电力系统,202503
20250327,能量路由器,0,人民网,新型电力系统,202503
20250327,多能流,0,人民网,新型电力系统,202503
20250327,需求侧,0,人民网,新型电力系统,202503
20250327,抽水蓄能,0,人民网,新型电力系统,202503
20250327,电化学储能,0,人民网,新型电力系统,202503
20250328,新闻数量,3,人民网,新型电力系统,202503
20250328,多能互补,2,人民网,新型电力系统,202503
20250328,碳中和,0,人民网,新型电力系统,202503
20250328,碳达峰,0,人民网,新型电力系统,202503
20250328,柔性输电,0,人民网,新型电力系统,202503
20250328,综合能源,1,人民网,新型电力系统,202503
20250328,氢能,1,人民网,新型电力系统,202503
20250328,电动汽车,0,人民网,新型电力系统,202503
20250328,分布式交易,0,人民网,新型电力系统,202503
20250328,微网,0,人民网,新型电力系统,202503
20250328,新型电力系统,4,人民网,新型电力系统,202503
20250328,储能,23,人民网,新型电力系统,202503
20250328,CCHP,0,人民网,新型电力系统,202503
20250328,燃料电池,1,人民网,新型电力系统,202503
20250328,能源物联网,0,人民网,新型电力系统,202503
20250328,能源大数据,0,人民网,新型电力系统,202503
20250328,电力交易,0,人民网,新型电力系统,202503
20250328,能效,0,人民网,新型电力系统,202503
20250328,节能,0,人民网,新型电力系统,202503
20250328,区块链,0,人民网,新型电力系统,202503
20250328,虚拟电厂,0,人民网,新型电力系统,202503
20250328,能量路由器,0,人民网,新型电力系统,202503
20250328,多能流,0,人民网,新型电力系统,202503
20250328,需求侧,0,人民网,新型电力系统,202503
20250328,抽水蓄能,0,人民网,新型电力系统,202503
20250328,电化学储能,0,人民网,新型电力系统,202503
20250329,新闻数量,2,人民网,新型电力系统,202503
20250329,多能互补,0,人民网,新型电力系统,202503
20250329,碳中和,0,人民网,新型电力系统,202503
20250329,碳达峰,0,人民网,新型电力系统,202503
20250329,柔性输电,0,人民网,新型电力系统,202503
20250329,综合能源,0,人民网,新型电力系统,202503
20250329,氢能,0,人民网,新型电力系统,202503
20250329,电动汽车,0,人民网,新型电力系统,202503
20250329,分布式交易,0,人民网,新型电力系统,202503
20250329,微网,0,人民网,新型电力系统,202503
20250329,新型电力系统,2,人民网,新型电力系统,202503
20250329,储能,1,人民网,新型电力系统,202503
20250329,CCHP,0,人民网,新型电力系统,202503
20250329,燃料电池,0,人民网,新型电力系统,202503
20250329,能源物联网,0,人民网,新型电力系统,202503
20250329,能源大数据,0,人民网,新型电力系统,202503
20250329,电力交易,0,人民网,新型电力系统,202503
20250329,能效,1,人民网,新型电力系统,202503
20250329,节能,0,人民网,新型电力系统,202503
20250329,区块链,0,人民网,新型电力系统,202503
20250329,虚拟电厂,0,人民网,新型电力系统,202503
20250329,能量路由器,0,人民网,新型电力系统,202503
20250329,多能流,0,人民网,新型电力系统,202503
20250329,需求侧,1,人民网,新型电力系统,202503
20250329,抽水蓄能,0,人民网,新型电力系统,202503
20250329,电化学储能,0,人民网,新型电力系统,202503
20250330,新闻数量,1,人民网,新型电力系统,202503
20250330,多能互补,0,人民网,新型电力系统,202503
20250330,碳中和,0,人民网,新型电力系统,202503
20250330,碳达峰,0,人民网,新型电力系统,202503
20250330,柔性输电,0,人民网,新型电力系统,202503
20250330,综合能源,0,人民网,新型电力系统,202503
20250330,氢能,0,人民网,新型电力系统,202503
20250330,电动汽车,2,人民网,新型电力系统,202503
20250330,分布式交易,0,人民网,新型电力系统,202503
20250330,微网,0,人民网,新型电力系统,202503
20250330,新型电力系统,1,人民网,新型电力系统,202503
20250330,储能,0,人民网,新型电力系统,202503
20250330,CCHP,0,人民网,新型电力系统,202503
20250330,燃料电池,0,人民网,新型电力系统,202503
20250330,能源物联网,0,人民网,新型电力系统,202503
20250330,能源大数据,0,人民网,新型电力系统,202503
20250330,电力交易,0,人民网,新型电力系统,202503
20250330,能效,0,人民网,新型电力系统,202503
20250330,节能,0,人民网,新型电力系统,202503
20250330,区块链,0,人民网,新型电力系统,202503
20250330,虚拟电厂,0,人民网,新型电力系统,202503
20250330,能量路由器,0,人民网,新型电力系统,202503
20250330,多能流,0,人民网,新型电力系统,202503
20250330,需求侧,0,人民网,新型电力系统,202503
20250330,抽水蓄能,0,人民网,新型电力系统,202503
20250330,电化学储能,0,人民网,新型电力系统,202503
20250331,新闻数量,5,人民网,新型电力系统,202503
20250331,多能互补,0,人民网,新型电力系统,202503
20250331,碳中和,0,人民网,新型电力系统,202503
20250331,碳达峰,0,人民网,新型电力系统,202503
20250331,柔性输电,0,人民网,新型电力系统,202503
20250331,综合能源,1,人民网,新型电力系统,202503
20250331,氢能,3,人民网,新型电力系统,202503
20250331,电动汽车,0,人民网,新型电力系统,202503
20250331,分布式交易,0,人民网,新型电力系统,202503
20250331,微网,0,人民网,新型电力系统,202503
20250331,新型电力系统,5,人民网,新型电力系统,202503
20250331,储能,17,人民网,新型电力系统,202503
20250331,CCHP,0,人民网,新型电力系统,202503
20250331,燃料电池,0,人民网,新型电力系统,202503
20250331,能源物联网,0,人民网,新型电力系统,202503
20250331,能源大数据,0,人民网,新型电力系统,202503
20250331,电力交易,0,人民网,新型电力系统,202503
20250331,能效,0,人民网,新型电力系统,202503
20250331,节能,0,人民网,新型电力系统,202503
20250331,区块链,0,人民网,新型电力系统,202503
20250331,虚拟电厂,0,人民网,新型电力系统,202503
20250331,能量路由器,0,人民网,新型电力系统,202503
20250331,多能流,0,人民网,新型电力系统,202503
20250331,需求侧,0,人民网,新型电力系统,202503
20250331,抽水蓄能,2,人民网,新型电力系统,202503
20250331,电化学储能,0,人民网,新型电力系统,202503
20250402,新闻数量,4,人民网,新型电力系统,202504
20250402,多能互补,0,人民网,新型电力系统,202504
20250402,碳中和,0,人民网,新型电力系统,202504
20250402,碳达峰,0,人民网,新型电力系统,202504
20250402,柔性输电,0,人民网,新型电力系统,202504
20250402,综合能源,0,人民网,新型电力系统,202504
20250402,氢能,0,人民网,新型电力系统,202504
20250402,电动汽车,0,人民网,新型电力系统,202504
20250402,分布式交易,0,人民网,新型电力系统,202504
20250402,微网,0,人民网,新型电力系统,202504
20250402,新型电力系统,8,人民网,新型电力系统,202504
20250402,储能,1,人民网,新型电力系统,202504
20250402,CCHP,0,人民网,新型电力系统,202504
20250402,燃料电池,0,人民网,新型电力系统,202504
20250402,能源物联网,0,人民网,新型电力系统,202504
20250402,能源大数据,0,人民网,新型电力系统,202504
20250402,电力交易,1,人民网,新型电力系统,202504
20250402,能效,0,人民网,新型电力系统,202504
20250402,节能,2,人民网,新型电力系统,202504
20250402,区块链,0,人民网,新型电力系统,202504
20250402,虚拟电厂,0,人民网,新型电力系统,202504
20250402,能量路由器,0,人民网,新型电力系统,202504
20250402,多能流,0,人民网,新型电力系统,202504
20250402,需求侧,0,人民网,新型电力系统,202504
20250402,抽水蓄能,0,人民网,新型电力系统,202504
20250402,电化学储能,0,人民网,新型电力系统,202504
20250403,新闻数量,11,人民网,新型电力系统,202504
20250403,多能互补,7,人民网,新型电力系统,202504
20250403,碳中和,1,人民网,新型电力系统,202504
20250403,碳达峰,1,人民网,新型电力系统,202504
20250403,柔性输电,0,人民网,新型电力系统,202504
20250403,综合能源,0,人民网,新型电力系统,202504
20250403,氢能,0,人民网,新型电力系统,202504
20250403,电动汽车,2,人民网,新型电力系统,202504
20250403,分布式交易,0,人民网,新型电力系统,202504
20250403,微网,0,人民网,新型电力系统,202504
20250403,新型电力系统,11,人民网,新型电力系统,202504
20250403,储能,7,人民网,新型电力系统,202504
20250403,CCHP,0,人民网,新型电力系统,202504
20250403,燃料电池,0,人民网,新型电力系统,202504
20250403,能源物联网,0,人民网,新型电力系统,202504
20250403,能源大数据,0,人民网,新型电力系统,202504
20250403,电力交易,0,人民网,新型电力系统,202504
20250403,能效,0,人民网,新型电力系统,202504
20250403,节能,4,人民网,新型电力系统,202504
20250403,区块链,0,人民网,新型电力系统,202504
20250403,虚拟电厂,6,人民网,新型电力系统,202504
20250403,能量路由器,0,人民网,新型电力系统,202504
20250403,多能流,0,人民网,新型电力系统,202504
20250403,需求侧,0,人民网,新型电力系统,202504
20250403,抽水蓄能,2,人民网,新型电力系统,202504
20250403,电化学储能,0,人民网,新型电力系统,202504
20250405,新闻数量,3,人民网,新型电力系统,202504
20250405,多能互补,0,人民网,新型电力系统,202504
20250405,碳中和,2,人民网,新型电力系统,202504
20250405,碳达峰,4,人民网,新型电力系统,202504
20250405,柔性输电,0,人民网,新型电力系统,202504
20250405,综合能源,0,人民网,新型电力系统,202504
20250405,氢能,6,人民网,新型电力系统,202504
20250405,电动汽车,0,人民网,新型电力系统,202504
20250405,分布式交易,0,人民网,新型电力系统,202504
20250405,微网,0,人民网,新型电力系统,202504
20250405,新型电力系统,3,人民网,新型电力系统,202504
20250405,储能,20,人民网,新型电力系统,202504
20250405,CCHP,0,人民网,新型电力系统,202504
20250405,燃料电池,0,人民网,新型电力系统,202504
20250405,能源物联网,0,人民网,新型电力系统,202504
20250405,能源大数据,0,人民网,新型电力系统,202504
20250405,电力交易,0,人民网,新型电力系统,202504
20250405,能效,0,人民网,新型电力系统,202504
20250405,节能,4,人民网,新型电力系统,202504
20250405,区块链,0,人民网,新型电力系统,202504
20250405,虚拟电厂,0,人民网,新型电力系统,202504
20250405,能量路由器,0,人民网,新型电力系统,202504
20250405,多能流,0,人民网,新型电力系统,202504
20250405,需求侧,0,人民网,新型电力系统,202504
20250405,抽水蓄能,0,人民网,新型电力系统,202504
20250405,电化学储能,0,人民网,新型电力系统,202504
20250406,新闻数量,2,人民网,新型电力系统,202504
20250406,多能互补,0,人民网,新型电力系统,202504
20250406,碳中和,0,人民网,新型电力系统,202504
20250406,碳达峰,0,人民网,新型电力系统,202504
20250406,柔性输电,0,人民网,新型电力系统,202504
20250406,综合能源,0,人民网,新型电力系统,202504
20250406,氢能,0,人民网,新型电力系统,202504
20250406,电动汽车,8,人民网,新型电力系统,202504
20250406,分布式交易,0,人民网,新型电力系统,202504
20250406,微网,0,人民网,新型电力系统,202504
20250406,新型电力系统,3,人民网,新型电力系统,202504
20250406,储能,7,人民网,新型电力系统,202504
20250406,CCHP,0,人民网,新型电力系统,202504
20250406,燃料电池,0,人民网,新型电力系统,202504
20250406,能源物联网,0,人民网,新型电力系统,202504
20250406,能源大数据,3,人民网,新型电力系统,202504
20250406,电力交易,1,人民网,新型电力系统,202504
20250406,能效,0,人民网,新型电力系统,202504
20250406,节能,0,人民网,新型电力系统,202504
20250406,区块链,0,人民网,新型电力系统,202504
20250406,虚拟电厂,1,人民网,新型电力系统,202504
20250406,能量路由器,0,人民网,新型电力系统,202504
20250406,多能流,0,人民网,新型电力系统,202504
20250406,需求侧,0,人民网,新型电力系统,202504
20250406,抽水蓄能,0,人民网,新型电力系统,202504
20250406,电化学储能,0,人民网,新型电力系统,202504
20250407,新闻数量,4,人民网,新型电力系统,202504
20250407,多能互补,0,人民网,新型电力系统,202504
20250407,碳中和,1,人民网,新型电力系统,202504
20250407,碳达峰,1,人民网,新型电力系统,202504
20250407,柔性输电,0,人民网,新型电力系统,202504
20250407,综合能源,0,人民网,新型电力系统,202504
20250407,氢能,0,人民网,新型电力系统,202504
20250407,电动汽车,3,人民网,新型电力系统,202504
20250407,分布式交易,0,人民网,新型电力系统,202504
20250407,微网,0,人民网,新型电力系统,202504
20250407,新型电力系统,8,人民网,新型电力系统,202504
20250407,储能,5,人民网,新型电力系统,202504
20250407,CCHP,0,人民网,新型电力系统,202504
20250407,燃料电池,0,人民网,新型电力系统,202504
20250407,能源物联网,0,人民网,新型电力系统,202504
20250407,能源大数据,0,人民网,新型电力系统,202504
20250407,电力交易,0,人民网,新型电力系统,202504
20250407,能效,0,人民网,新型电力系统,202504
20250407,节能,2,人民网,新型电力系统,202504
20250407,区块链,0,人民网,新型电力系统,202504
20250407,虚拟电厂,4,人民网,新型电力系统,202504
20250407,能量路由器,0,人民网,新型电力系统,202504
20250407,多能流,0,人民网,新型电力系统,202504
20250407,需求侧,0,人民网,新型电力系统,202504
20250407,抽水蓄能,11,人民网,新型电力系统,202504
20250407,电化学储能,0,人民网,新型电力系统,202504
20250408,新闻数量,3,人民网,新型电力系统,202504
20250408,多能互补,3,人民网,新型电力系统,202504
20250408,碳中和,0,人民网,新型电力系统,202504
20250408,碳达峰,0,人民网,新型电力系统,202504
20250408,柔性输电,0,人民网,新型电力系统,202504
20250408,综合能源,0,人民网,新型电力系统,202504
20250408,氢能,0,人民网,新型电力系统,202504
20250408,电动汽车,0,人民网,新型电力系统,202504
20250408,分布式交易,0,人民网,新型电力系统,202504
20250408,微网,0,人民网,新型电力系统,202504
20250408,新型电力系统,3,人民网,新型电力系统,202504
20250408,储能,15,人民网,新型电力系统,202504
20250408,CCHP,0,人民网,新型电力系统,202504
20250408,燃料电池,0,人民网,新型电力系统,202504
20250408,能源物联网,0,人民网,新型电力系统,202504
20250408,能源大数据,0,人民网,新型电力系统,202504
20250408,电力交易,0,人民网,新型电力系统,202504
20250408,能效,0,人民网,新型电力系统,202504
20250408,节能,11,人民网,新型电力系统,202504
20250408,区块链,0,人民网,新型电力系统,202504
20250408,虚拟电厂,0,人民网,新型电力系统,202504
20250408,能量路由器,0,人民网,新型电力系统,202504
20250408,多能流,0,人民网,新型电力系统,202504
20250408,需求侧,0,人民网,新型电力系统,202504
20250408,抽水蓄能,1,人民网,新型电力系统,202504
20250408,电化学储能,1,人民网,新型电力系统,202504
20250409,新闻数量,4,人民网,新型电力系统,202504
20250409,多能互补,0,人民网,新型电力系统,202504
20250409,碳中和,0,人民网,新型电力系统,202504
20250409,碳达峰,0,人民网,新型电力系统,202504
20250409,柔性输电,0,人民网,新型电力系统,202504
20250409,综合能源,0,人民网,新型电力系统,202504
20250409,氢能,0,人民网,新型电力系统,202504
20250409,电动汽车,0,人民网,新型电力系统,202504
20250409,分布式交易,0,人民网,新型电力系统,202504
20250409,微网,0,人民网,新型电力系统,202504
20250409,新型电力系统,4,人民网,新型电力系统,202504
20250409,储能,4,人民网,新型电力系统,202504
20250409,CCHP,0,人民网,新型电力系统,202504
20250409,燃料电池,0,人民网,新型电力系统,202504
20250409,能源物联网,0,人民网,新型电力系统,202504
20250409,能源大数据,0,人民网,新型电力系统,202504
20250409,电力交易,0,人民网,新型电力系统,202504
20250409,能效,0,人民网,新型电力系统,202504
20250409,节能,0,人民网,新型电力系统,202504
20250409,区块链,0,人民网,新型电力系统,202504
20250409,虚拟电厂,0,人民网,新型电力系统,202504
20250409,能量路由器,0,人民网,新型电力系统,202504
20250409,多能流,0,人民网,新型电力系统,202504
20250409,需求侧,0,人民网,新型电力系统,202504
20250409,抽水蓄能,0,人民网,新型电力系统,202504
20250409,电化学储能,0,人民网,新型电力系统,202504
20250410,新闻数量,3,人民网,新型电力系统,202504
20250410,多能互补,0,人民网,新型电力系统,202504
20250410,碳中和,0,人民网,新型电力系统,202504
20250410,碳达峰,0,人民网,新型电力系统,202504
20250410,柔性输电,0,人民网,新型电力系统,202504
20250410,综合能源,0,人民网,新型电力系统,202504
20250410,氢能,1,人民网,新型电力系统,202504
20250410,电动汽车,0,人民网,新型电力系统,202504
20250410,分布式交易,0,人民网,新型电力系统,202504
20250410,微网,0,人民网,新型电力系统,202504
20250410,新型电力系统,6,人民网,新型电力系统,202504
20250410,储能,6,人民网,新型电力系统,202504
20250410,CCHP,0,人民网,新型电力系统,202504
20250410,燃料电池,0,人民网,新型电力系统,202504
20250410,能源物联网,0,人民网,新型电力系统,202504
20250410,能源大数据,0,人民网,新型电力系统,202504
20250410,电力交易,0,人民网,新型电力系统,202504
20250410,能效,0,人民网,新型电力系统,202504
20250410,节能,0,人民网,新型电力系统,202504
20250410,区块链,0,人民网,新型电力系统,202504
20250410,虚拟电厂,0,人民网,新型电力系统,202504
20250410,能量路由器,0,人民网,新型电力系统,202504
20250410,多能流,0,人民网,新型电力系统,202504
20250410,需求侧,0,人民网,新型电力系统,202504
20250410,抽水蓄能,2,人民网,新型电力系统,202504
20250410,电化学储能,0,人民网,新型电力系统,202504
20250411,新闻数量,2,人民网,新型电力系统,202504
20250411,多能互补,0,人民网,新型电力系统,202504
20250411,碳中和,0,人民网,新型电力系统,202504
20250411,碳达峰,0,人民网,新型电力系统,202504
20250411,柔性输电,0,人民网,新型电力系统,202504
20250411,综合能源,0,人民网,新型电力系统,202504
20250411,氢能,0,人民网,新型电力系统,202504
20250411,电动汽车,0,人民网,新型电力系统,202504
20250411,分布式交易,0,人民网,新型电力系统,202504
20250411,微网,0,人民网,新型电力系统,202504
20250411,新型电力系统,6,人民网,新型电力系统,202504
20250411,储能,0,人民网,新型电力系统,202504
20250411,CCHP,0,人民网,新型电力系统,202504
20250411,燃料电池,0,人民网,新型电力系统,202504
20250411,能源物联网,0,人民网,新型电力系统,202504
20250411,能源大数据,0,人民网,新型电力系统,202504
20250411,电力交易,0,人民网,新型电力系统,202504
20250411,能效,0,人民网,新型电力系统,202504
20250411,节能,0,人民网,新型电力系统,202504
20250411,区块链,0,人民网,新型电力系统,202504
20250411,虚拟电厂,0,人民网,新型电力系统,202504
20250411,能量路由器,0,人民网,新型电力系统,202504
20250411,多能流,0,人民网,新型电力系统,202504
20250411,需求侧,0,人民网,新型电力系统,202504
20250411,抽水蓄能,0,人民网,新型电力系统,202504
20250411,电化学储能,0,人民网,新型电力系统,202504
20250412,新闻数量,3,人民网,新型电力系统,202504
20250412,多能互补,1,人民网,新型电力系统,202504
20250412,碳中和,2,人民网,新型电力系统,202504
20250412,碳达峰,2,人民网,新型电力系统,202504
20250412,柔性输电,0,人民网,新型电力系统,202504
20250412,综合能源,1,人民网,新型电力系统,202504
20250412,氢能,0,人民网,新型电力系统,202504
20250412,电动汽车,9,人民网,新型电力系统,202504
20250412,分布式交易,0,人民网,新型电力系统,202504
20250412,微网,0,人民网,新型电力系统,202504
20250412,新型电力系统,3,人民网,新型电力系统,202504
20250412,储能,3,人民网,新型电力系统,202504
20250412,CCHP,0,人民网,新型电力系统,202504
20250412,燃料电池,0,人民网,新型电力系统,202504
20250412,能源物联网,0,人民网,新型电力系统,202504
20250412,能源大数据,0,人民网,新型电力系统,202504
20250412,电力交易,0,人民网,新型电力系统,202504
20250412,能效,0,人民网,新型电力系统,202504
20250412,节能,20,人民网,新型电力系统,202504
20250412,区块链,0,人民网,新型电力系统,202504
20250412,虚拟电厂,2,人民网,新型电力系统,202504
20250412,能量路由器,0,人民网,新型电力系统,202504
20250412,多能流,0,人民网,新型电力系统,202504
20250412,需求侧,1,人民网,新型电力系统,202504
20250412,抽水蓄能,0,人民网,新型电力系统,202504
20250412,电化学储能,0,人民网,新型电力系统,202504
20250413,新闻数量,1,人民网,新型电力系统,202504
20250413,多能互补,0,人民网,新型电力系统,202504
20250413,碳中和,0,人民网,新型电力系统,202504
20250413,碳达峰,0,人民网,新型电力系统,202504
20250413,柔性输电,0,人民网,新型电力系统,202504
20250413,综合能源,0,人民网,新型电力系统,202504
20250413,氢能,4,人民网,新型电力系统,202504
20250413,电动汽车,0,人民网,新型电力系统,202504
20250413,分布式交易,0,人民网,新型电力系统,202504
20250413,微网,0,人民网,新型电力系统,202504
20250413,新型电力系统,1,人民网,新型电力系统,202504
20250413,储能,3,人民网,新型电力系统,202504
20250413,CCHP,0,人民网,新型电力系统,202504
20250413,燃料电池,0,人民网,新型电力系统,202504
20250413,能源物联网,0,人民网,新型电力系统,202504
20250413,能源大数据,0,人民网,新型电力系统,202504
20250413,电力交易,0,人民网,新型电力系统,202504
20250413,能效,0,人民网,新型电力系统,202504
20250413,节能,0,人民网,新型电力系统,202504
20250413,区块链,0,人民网,新型电力系统,202504
20250413,虚拟电厂,0,人民网,新型电力系统,202504
20250413,能量路由器,0,人民网,新型电力系统,202504
20250413,多能流,0,人民网,新型电力系统,202504
20250413,需求侧,0,人民网,新型电力系统,202504
20250413,抽水蓄能,0,人民网,新型电力系统,202504
20250413,电化学储能,0,人民网,新型电力系统,202504
20250414,新闻数量,3,人民网,新型电力系统,202504
20250414,多能互补,0,人民网,新型电力系统,202504
20250414,碳中和,0,人民网,新型电力系统,202504
20250414,碳达峰,0,人民网,新型电力系统,202504
20250414,柔性输电,0,人民网,新型电力系统,202504
20250414,综合能源,0,人民网,新型电力系统,202504
20250414,氢能,0,人民网,新型电力系统,202504
20250414,电动汽车,0,人民网,新型电力系统,202504
20250414,分布式交易,0,人民网,新型电力系统,202504
20250414,微网,0,人民网,新型电力系统,202504
20250414,新型电力系统,3,人民网,新型电力系统,202504
20250414,储能,30,人民网,新型电力系统,202504
20250414,CCHP,0,人民网,新型电力系统,202504
20250414,燃料电池,0,人民网,新型电力系统,202504
20250414,能源物联网,0,人民网,新型电力系统,202504
20250414,能源大数据,0,人民网,新型电力系统,202504
20250414,电力交易,0,人民网,新型电力系统,202504
20250414,能效,0,人民网,新型电力系统,202504
20250414,节能,0,人民网,新型电力系统,202504
20250414,区块链,0,人民网,新型电力系统,202504
20250414,虚拟电厂,0,人民网,新型电力系统,202504
20250414,能量路由器,0,人民网,新型电力系统,202504
20250414,多能流,0,人民网,新型电力系统,202504
20250414,需求侧,0,人民网,新型电力系统,202504
20250414,抽水蓄能,0,人民网,新型电力系统,202504
20250414,电化学储能,0,人民网,新型电力系统,202504
20250415,新闻数量,1,人民网,新型电力系统,202504
20250415,多能互补,0,人民网,新型电力系统,202504
20250415,碳中和,0,人民网,新型电力系统,202504
20250415,碳达峰,0,人民网,新型电力系统,202504
20250415,柔性输电,0,人民网,新型电力系统,202504
20250415,综合能源,0,人民网,新型电力系统,202504
20250415,氢能,0,人民网,新型电力系统,202504
20250415,电动汽车,0,人民网,新型电力系统,202504
20250415,分布式交易,0,人民网,新型电力系统,202504
20250415,微网,0,人民网,新型电力系统,202504
20250415,新型电力系统,1,人民网,新型电力系统,202504
20250415,储能,30,人民网,新型电力系统,202504
20250415,CCHP,0,人民网,新型电力系统,202504
20250415,燃料电池,0,人民网,新型电力系统,202504
20250415,能源物联网,0,人民网,新型电力系统,202504
20250415,能源大数据,0,人民网,新型电力系统,202504
20250415,电力交易,2,人民网,新型电力系统,202504
20250415,能效,0,人民网,新型电力系统,202504
20250415,节能,0,人民网,新型电力系统,202504
20250415,区块链,0,人民网,新型电力系统,202504
20250415,虚拟电厂,0,人民网,新型电力系统,202504
20250415,能量路由器,0,人民网,新型电力系统,202504
20250415,多能流,0,人民网,新型电力系统,202504
20250415,需求侧,0,人民网,新型电力系统,202504
20250415,抽水蓄能,0,人民网,新型电力系统,202504
20250415,电化学储能,0,人民网,新型电力系统,202504
20250416,新闻数量,5,人民网,新型电力系统,202504
20250416,多能互补,0,人民网,新型电力系统,202504
20250416,碳中和,0,人民网,新型电力系统,202504
20250416,碳达峰,0,人民网,新型电力系统,202504
20250416,柔性输电,0,人民网,新型电力系统,202504
20250416,综合能源,1,人民网,新型电力系统,202504
20250416,氢能,0,人民网,新型电力系统,202504
20250416,电动汽车,0,人民网,新型电力系统,202504
20250416,分布式交易,0,人民网,新型电力系统,202504
20250416,微网,0,人民网,新型电力系统,202504
20250416,新型电力系统,8,人民网,新型电力系统,202504
20250416,储能,3,人民网,新型电力系统,202504
20250416,CCHP,0,人民网,新型电力系统,202504
20250416,燃料电池,0,人民网,新型电力系统,202504
20250416,能源物联网,0,人民网,新型电力系统,202504
20250416,能源大数据,0,人民网,新型电力系统,202504
20250416,电力交易,1,人民网,新型电力系统,202504
20250416,能效,2,人民网,新型电力系统,202504
20250416,节能,6,人民网,新型电力系统,202504
20250416,区块链,0,人民网,新型电力系统,202504
20250416,虚拟电厂,0,人民网,新型电力系统,202504
20250416,能量路由器,0,人民网,新型电力系统,202504
20250416,多能流,0,人民网,新型电力系统,202504
20250416,需求侧,0,人民网,新型电力系统,202504
20250416,抽水蓄能,1,人民网,新型电力系统,202504
20250416,电化学储能,0,人民网,新型电力系统,202504
20250417,新闻数量,4,人民网,新型电力系统,202504
20250417,多能互补,0,人民网,新型电力系统,202504
20250417,碳中和,0,人民网,新型电力系统,202504
20250417,碳达峰,0,人民网,新型电力系统,202504
20250417,柔性输电,0,人民网,新型电力系统,202504
20250417,综合能源,0,人民网,新型电力系统,202504
20250417,氢能,1,人民网,新型电力系统,202504
20250417,电动汽车,1,人民网,新型电力系统,202504
20250417,分布式交易,0,人民网,新型电力系统,202504
20250417,微网,1,人民网,新型电力系统,202504
20250417,新型电力系统,12,人民网,新型电力系统,202504
20250417,储能,8,人民网,新型电力系统,202504
20250417,CCHP,0,人民网,新型电力系统,202504
20250417,燃料电池,0,人民网,新型电力系统,202504
20250417,能源物联网,0,人民网,新型电力系统,202504
20250417,能源大数据,1,人民网,新型电力系统,202504
20250417,电力交易,0,人民网,新型电力系统,202504
20250417,能效,0,人民网,新型电力系统,202504
20250417,节能,1,人民网,新型电力系统,202504
20250417,区块链,0,人民网,新型电力系统,202504
20250417,虚拟电厂,1,人民网,新型电力系统,202504
20250417,能量路由器,0,人民网,新型电力系统,202504
20250417,多能流,0,人民网,新型电力系统,202504
20250417,需求侧,0,人民网,新型电力系统,202504
20250417,抽水蓄能,1,人民网,新型电力系统,202504
20250417,电化学储能,0,人民网,新型电力系统,202504
20250418,新闻数量,2,人民网,新型电力系统,202504
20250418,多能互补,0,人民网,新型电力系统,202504
20250418,碳中和,0,人民网,新型电力系统,202504
20250418,碳达峰,0,人民网,新型电力系统,202504
20250418,柔性输电,0,人民网,新型电力系统,202504
20250418,综合能源,0,人民网,新型电力系统,202504
20250418,氢能,0,人民网,新型电力系统,202504
20250418,电动汽车,0,人民网,新型电力系统,202504
20250418,分布式交易,0,人民网,新型电力系统,202504
20250418,微网,0,人民网,新型电力系统,202504
20250418,新型电力系统,2,人民网,新型电力系统,202504
20250418,储能,0,人民网,新型电力系统,202504
20250418,CCHP,0,人民网,新型电力系统,202504
20250418,燃料电池,0,人民网,新型电力系统,202504
20250418,能源物联网,0,人民网,新型电力系统,202504
20250418,能源大数据,0,人民网,新型电力系统,202504
20250418,电力交易,0,人民网,新型电力系统,202504
20250418,能效,0,人民网,新型电力系统,202504
20250418,节能,0,人民网,新型电力系统,202504
20250418,区块链,0,人民网,新型电力系统,202504
20250418,虚拟电厂,0,人民网,新型电力系统,202504
20250418,能量路由器,0,人民网,新型电力系统,202504
20250418,多能流,0,人民网,新型电力系统,202504
20250418,需求侧,0,人民网,新型电力系统,202504
20250418,抽水蓄能,0,人民网,新型电力系统,202504
20250418,电化学储能,0,人民网,新型电力系统,202504
20250419,新闻数量,4,人民网,新型电力系统,202504
20250419,多能互补,0,人民网,新型电力系统,202504
20250419,碳中和,0,人民网,新型电力系统,202504
20250419,碳达峰,0,人民网,新型电力系统,202504
20250419,柔性输电,0,人民网,新型电力系统,202504
20250419,综合能源,0,人民网,新型电力系统,202504
20250419,氢能,0,人民网,新型电力系统,202504
20250419,电动汽车,2,人民网,新型电力系统,202504
20250419,分布式交易,0,人民网,新型电力系统,202504
20250419,微网,0,人民网,新型电力系统,202504
20250419,新型电力系统,4,人民网,新型电力系统,202504
20250419,储能,10,人民网,新型电力系统,202504
20250419,CCHP,0,人民网,新型电力系统,202504
20250419,燃料电池,0,人民网,新型电力系统,202504
20250419,能源物联网,0,人民网,新型电力系统,202504
20250419,能源大数据,0,人民网,新型电力系统,202504
20250419,电力交易,4,人民网,新型电力系统,202504
20250419,能效,0,人民网,新型电力系统,202504
20250419,节能,2,人民网,新型电力系统,202504
20250419,区块链,0,人民网,新型电力系统,202504
20250419,虚拟电厂,0,人民网,新型电力系统,202504
20250419,能量路由器,0,人民网,新型电力系统,202504
20250419,多能流,0,人民网,新型电力系统,202504
20250419,需求侧,0,人民网,新型电力系统,202504
20250419,抽水蓄能,2,人民网,新型电力系统,202504
20250419,电化学储能,0,人民网,新型电力系统,202504
20250421,新闻数量,6,人民网,新型电力系统,202504
20250421,多能互补,0,人民网,新型电力系统,202504
20250421,碳中和,3,人民网,新型电力系统,202504
20250421,碳达峰,3,人民网,新型电力系统,202504
20250421,柔性输电,0,人民网,新型电力系统,202504
20250421,综合能源,0,人民网,新型电力系统,202504
20250421,氢能,2,人民网,新型电力系统,202504
20250421,电动汽车,0,人民网,新型电力系统,202504
20250421,分布式交易,0,人民网,新型电力系统,202504
20250421,微网,0,人民网,新型电力系统,202504
20250421,新型电力系统,7,人民网,新型电力系统,202504
20250421,储能,14,人民网,新型电力系统,202504
20250421,CCHP,0,人民网,新型电力系统,202504
20250421,燃料电池,0,人民网,新型电力系统,202504
20250421,能源物联网,0,人民网,新型电力系统,202504
20250421,能源大数据,0,人民网,新型电力系统,202504
20250421,电力交易,0,人民网,新型电力系统,202504
20250421,能效,0,人民网,新型电力系统,202504
20250421,节能,2,人民网,新型电力系统,202504
20250421,区块链,0,人民网,新型电力系统,202504
20250421,虚拟电厂,2,人民网,新型电力系统,202504
20250421,能量路由器,0,人民网,新型电力系统,202504
20250421,多能流,0,人民网,新型电力系统,202504
20250421,需求侧,0,人民网,新型电力系统,202504
20250421,抽水蓄能,1,人民网,新型电力系统,202504
20250421,电化学储能,0,人民网,新型电力系统,202504
20250422,新闻数量,2,人民网,新型电力系统,202504
20250422,多能互补,0,人民网,新型电力系统,202504
20250422,碳中和,0,人民网,新型电力系统,202504
20250422,碳达峰,0,人民网,新型电力系统,202504
20250422,柔性输电,0,人民网,新型电力系统,202504
20250422,综合能源,0,人民网,新型电力系统,202504
20250422,氢能,0,人民网,新型电力系统,202504
20250422,电动汽车,1,人民网,新型电力系统,202504
20250422,分布式交易,0,人民网,新型电力系统,202504
20250422,微网,0,人民网,新型电力系统,202504
20250422,新型电力系统,5,人民网,新型电力系统,202504
20250422,储能,4,人民网,新型电力系统,202504
20250422,CCHP,0,人民网,新型电力系统,202504
20250422,燃料电池,0,人民网,新型电力系统,202504
20250422,能源物联网,0,人民网,新型电力系统,202504
20250422,能源大数据,0,人民网,新型电力系统,202504
20250422,电力交易,0,人民网,新型电力系统,202504
20250422,能效,0,人民网,新型电力系统,202504
20250422,节能,1,人民网,新型电力系统,202504
20250422,区块链,0,人民网,新型电力系统,202504
20250422,虚拟电厂,0,人民网,新型电力系统,202504
20250422,能量路由器,0,人民网,新型电力系统,202504
20250422,多能流,0,人民网,新型电力系统,202504
20250422,需求侧,0,人民网,新型电力系统,202504
20250422,抽水蓄能,0,人民网,新型电力系统,202504
20250422,电化学储能,0,人民网,新型电力系统,202504
20250423,新闻数量,14,人民网,新型电力系统,202504
20250423,多能互补,1,人民网,新型电力系统,202504
20250423,碳中和,9,人民网,新型电力系统,202504
20250423,碳达峰,8,人民网,新型电力系统,202504
20250423,柔性输电,0,人民网,新型电力系统,202504
20250423,综合能源,0,人民网,新型电力系统,202504
20250423,氢能,0,人民网,新型电力系统,202504
20250423,电动汽车,9,人民网,新型电力系统,202504
20250423,分布式交易,0,人民网,新型电力系统,202504
20250423,微网,0,人民网,新型电力系统,202504
20250423,新型电力系统,31,人民网,新型电力系统,202504
20250423,储能,17,人民网,新型电力系统,202504
20250423,CCHP,0,人民网,新型电力系统,202504
20250423,燃料电池,0,人民网,新型电力系统,202504
20250423,能源物联网,0,人民网,新型电力系统,202504
20250423,能源大数据,2,人民网,新型电力系统,202504
20250423,电力交易,0,人民网,新型电力系统,202504
20250423,能效,2,人民网,新型电力系统,202504
20250423,节能,13,人民网,新型电力系统,202504
20250423,区块链,3,人民网,新型电力系统,202504
20250423,虚拟电厂,43,人民网,新型电力系统,202504
20250423,能量路由器,0,人民网,新型电力系统,202504
20250423,多能流,0,人民网,新型电力系统,202504
20250423,需求侧,0,人民网,新型电力系统,202504
20250423,抽水蓄能,4,人民网,新型电力系统,202504
20250423,电化学储能,0,人民网,新型电力系统,202504
20250424,新闻数量,9,人民网,新型电力系统,202504
20250424,多能互补,0,人民网,新型电力系统,202504
20250424,碳中和,2,人民网,新型电力系统,202504
20250424,碳达峰,2,人民网,新型电力系统,202504
20250424,柔性输电,0,人民网,新型电力系统,202504
20250424,综合能源,0,人民网,新型电力系统,202504
20250424,氢能,0,人民网,新型电力系统,202504
20250424,电动汽车,42,人民网,新型电力系统,202504
20250424,分布式交易,0,人民网,新型电力系统,202504
20250424,微网,0,人民网,新型电力系统,202504
20250424,新型电力系统,9,人民网,新型电力系统,202504
20250424,储能,27,人民网,新型电力系统,202504
20250424,CCHP,0,人民网,新型电力系统,202504
20250424,燃料电池,0,人民网,新型电力系统,202504
20250424,能源物联网,0,人民网,新型电力系统,202504
20250424,能源大数据,0,人民网,新型电力系统,202504
20250424,电力交易,7,人民网,新型电力系统,202504
20250424,能效,6,人民网,新型电力系统,202504
20250424,节能,7,人民网,新型电力系统,202504
20250424,区块链,0,人民网,新型电力系统,202504
20250424,虚拟电厂,8,人民网,新型电力系统,202504
20250424,能量路由器,0,人民网,新型电力系统,202504
20250424,多能流,0,人民网,新型电力系统,202504
20250424,需求侧,0,人民网,新型电力系统,202504
20250424,抽水蓄能,0,人民网,新型电力系统,202504
20250424,电化学储能,0,人民网,新型电力系统,202504
20250425,新闻数量,2,人民网,新型电力系统,202504
20250425,多能互补,0,人民网,新型电力系统,202504
20250425,碳中和,0,人民网,新型电力系统,202504
20250425,碳达峰,0,人民网,新型电力系统,202504
20250425,柔性输电,0,人民网,新型电力系统,202504
20250425,综合能源,0,人民网,新型电力系统,202504
20250425,氢能,0,人民网,新型电力系统,202504
20250425,电动汽车,0,人民网,新型电力系统,202504
20250425,分布式交易,0,人民网,新型电力系统,202504
20250425,微网,0,人民网,新型电力系统,202504
20250425,新型电力系统,2,人民网,新型电力系统,202504
20250425,储能,3,人民网,新型电力系统,202504
20250425,CCHP,0,人民网,新型电力系统,202504
20250425,燃料电池,0,人民网,新型电力系统,202504
20250425,能源物联网,0,人民网,新型电力系统,202504
20250425,能源大数据,0,人民网,新型电力系统,202504
20250425,电力交易,0,人民网,新型电力系统,202504
20250425,能效,0,人民网,新型电力系统,202504
20250425,节能,0,人民网,新型电力系统,202504
20250425,区块链,0,人民网,新型电力系统,202504
20250425,虚拟电厂,0,人民网,新型电力系统,202504
20250425,能量路由器,0,人民网,新型电力系统,202504
20250425,多能流,0,人民网,新型电力系统,202504
20250425,需求侧,0,人民网,新型电力系统,202504
20250425,抽水蓄能,0,人民网,新型电力系统,202504
20250425,电化学储能,0,人民网,新型电力系统,202504
20250427,新闻数量,1,人民网,新型电力系统,202504
20250427,多能互补,0,人民网,新型电力系统,202504
20250427,碳中和,0,人民网,新型电力系统,202504
20250427,碳达峰,0,人民网,新型电力系统,202504
20250427,柔性输电,0,人民网,新型电力系统,202504
20250427,综合能源,2,人民网,新型电力系统,202504
20250427,氢能,1,人民网,新型电力系统,202504
20250427,电动汽车,0,人民网,新型电力系统,202504
20250427,分布式交易,0,人民网,新型电力系统,202504
20250427,微网,0,人民网,新型电力系统,202504
20250427,新型电力系统,1,人民网,新型电力系统,202504
20250427,储能,0,人民网,新型电力系统,202504
20250427,CCHP,0,人民网,新型电力系统,202504
20250427,燃料电池,0,人民网,新型电力系统,202504
20250427,能源物联网,0,人民网,新型电力系统,202504
20250427,能源大数据,0,人民网,新型电力系统,202504
20250427,电力交易,0,人民网,新型电力系统,202504
20250427,能效,0,人民网,新型电力系统,202504
20250427,节能,0,人民网,新型电力系统,202504
20250427,区块链,0,人民网,新型电力系统,202504
20250427,虚拟电厂,0,人民网,新型电力系统,202504
20250427,能量路由器,0,人民网,新型电力系统,202504
20250427,多能流,0,人民网,新型电力系统,202504
20250427,需求侧,0,人民网,新型电力系统,202504
20250427,抽水蓄能,0,人民网,新型电力系统,202504
20250427,电化学储能,0,人民网,新型电力系统,202504
20250428,新闻数量,16,人民网,新型电力系统,202504
20250428,多能互补,2,人民网,新型电力系统,202504
20250428,碳中和,1,人民网,新型电力系统,202504
20250428,碳达峰,0,人民网,新型电力系统,202504
20250428,柔性输电,0,人民网,新型电力系统,202504
20250428,综合能源,1,人民网,新型电力系统,202504
20250428,氢能,0,人民网,新型电力系统,202504
20250428,电动汽车,9,人民网,新型电力系统,202504
20250428,分布式交易,0,人民网,新型电力系统,202504
20250428,微网,1,人民网,新型电力系统,202504
20250428,新型电力系统,26,人民网,新型电力系统,202504
20250428,储能,72,人民网,新型电力系统,202504
20250428,CCHP,0,人民网,新型电力系统,202504
20250428,燃料电池,0,人民网,新型电力系统,202504
20250428,能源物联网,0,人民网,新型电力系统,202504
20250428,能源大数据,0,人民网,新型电力系统,202504
20250428,电力交易,4,人民网,新型电力系统,202504
20250428,能效,2,人民网,新型电力系统,202504
20250428,节能,4,人民网,新型电力系统,202504
20250428,区块链,0,人民网,新型电力系统,202504
20250428,虚拟电厂,18,人民网,新型电力系统,202504
20250428,能量路由器,0,人民网,新型电力系统,202504
20250428,多能流,0,人民网,新型电力系统,202504
20250428,需求侧,3,人民网,新型电力系统,202504
20250428,抽水蓄能,2,人民网,新型电力系统,202504
20250428,电化学储能,0,人民网,新型电力系统,202504
20250429,新闻数量,4,人民网,新型电力系统,202504
20250429,多能互补,0,人民网,新型电力系统,202504
20250429,碳中和,1,人民网,新型电力系统,202504
20250429,碳达峰,0,人民网,新型电力系统,202504
20250429,柔性输电,0,人民网,新型电力系统,202504
20250429,综合能源,0,人民网,新型电力系统,202504
20250429,氢能,1,人民网,新型电力系统,202504
20250429,电动汽车,0,人民网,新型电力系统,202504
20250429,分布式交易,0,人民网,新型电力系统,202504
20250429,微网,0,人民网,新型电力系统,202504
20250429,新型电力系统,6,人民网,新型电力系统,202504
20250429,储能,5,人民网,新型电力系统,202504
20250429,CCHP,0,人民网,新型电力系统,202504
20250429,燃料电池,0,人民网,新型电力系统,202504
20250429,能源物联网,0,人民网,新型电力系统,202504
20250429,能源大数据,4,人民网,新型电力系统,202504
20250429,电力交易,0,人民网,新型电力系统,202504
20250429,能效,0,人民网,新型电力系统,202504
20250429,节能,0,人民网,新型电力系统,202504
20250429,区块链,0,人民网,新型电力系统,202504
20250429,虚拟电厂,0,人民网,新型电力系统,202504
20250429,能量路由器,0,人民网,新型电力系统,202504
20250429,多能流,0,人民网,新型电力系统,202504
20250429,需求侧,0,人民网,新型电力系统,202504
20250429,抽水蓄能,1,人民网,新型电力系统,202504
20250429,电化学储能,0,人民网,新型电力系统,202504
20250430,新闻数量,6,人民网,新型电力系统,202504
20250430,多能互补,0,人民网,新型电力系统,202504
20250430,碳中和,0,人民网,新型电力系统,202504
20250430,碳达峰,0,人民网,新型电力系统,202504
20250430,柔性输电,0,人民网,新型电力系统,202504
20250430,综合能源,0,人民网,新型电力系统,202504
20250430,氢能,0,人民网,新型电力系统,202504
20250430,电动汽车,0,人民网,新型电力系统,202504
20250430,分布式交易,0,人民网,新型电力系统,202504
20250430,微网,0,人民网,新型电力系统,202504
20250430,新型电力系统,8,人民网,新型电力系统,202504
20250430,储能,0,人民网,新型电力系统,202504
20250430,CCHP,0,人民网,新型电力系统,202504
20250430,燃料电池,0,人民网,新型电力系统,202504
20250430,能源物联网,0,人民网,新型电力系统,202504
20250430,能源大数据,0,人民网,新型电力系统,202504
20250430,电力交易,0,人民网,新型电力系统,202504
20250430,能效,0,人民网,新型电力系统,202504
20250430,节能,0,人民网,新型电力系统,202504
20250430,区块链,0,人民网,新型电力系统,202504
20250430,虚拟电厂,0,人民网,新型电力系统,202504
20250430,能量路由器,0,人民网,新型电力系统,202504
20250430,多能流,0,人民网,新型电力系统,202504
20250430,需求侧,0,人民网,新型电力系统,202504
20250430,抽水蓄能,0,人民网,新型电力系统,202504
20250430,电化学储能,0,人民网,新型电力系统,202504
20250501,新闻数量,2,人民网,新型电力系统,202505
20250501,多能互补,0,人民网,新型电力系统,202505
20250501,碳中和,0,人民网,新型电力系统,202505
20250501,碳达峰,0,人民网,新型电力系统,202505
20250501,柔性输电,0,人民网,新型电力系统,202505
20250501,综合能源,0,人民网,新型电力系统,202505
20250501,氢能,0,人民网,新型电力系统,202505
20250501,电动汽车,0,人民网,新型电力系统,202505
20250501,分布式交易,0,人民网,新型电力系统,202505
20250501,微网,0,人民网,新型电力系统,202505
20250501,新型电力系统,2,人民网,新型电力系统,202505
20250501,储能,0,人民网,新型电力系统,202505
20250501,CCHP,0,人民网,新型电力系统,202505
20250501,燃料电池,0,人民网,新型电力系统,202505
20250501,能源物联网,0,人民网,新型电力系统,202505
20250501,能源大数据,0,人民网,新型电力系统,202505
20250501,电力交易,0,人民网,新型电力系统,202505
20250501,能效,0,人民网,新型电力系统,202505
20250501,节能,0,人民网,新型电力系统,202505
20250501,区块链,0,人民网,新型电力系统,202505
20250501,虚拟电厂,0,人民网,新型电力系统,202505
20250501,能量路由器,0,人民网,新型电力系统,202505
20250501,多能流,0,人民网,新型电力系统,202505
20250501,需求侧,0,人民网,新型电力系统,202505
20250501,抽水蓄能,0,人民网,新型电力系统,202505
20250501,电化学储能,0,人民网,新型电力系统,202505
20250502,新闻数量,5,人民网,新型电力系统,202505
20250502,多能互补,0,人民网,新型电力系统,202505
20250502,碳中和,0,人民网,新型电力系统,202505
20250502,碳达峰,0,人民网,新型电力系统,202505
20250502,柔性输电,0,人民网,新型电力系统,202505
20250502,综合能源,0,人民网,新型电力系统,202505
20250502,氢能,5,人民网,新型电力系统,202505
20250502,电动汽车,0,人民网,新型电力系统,202505
20250502,分布式交易,0,人民网,新型电力系统,202505
20250502,微网,0,人民网,新型电力系统,202505
20250502,新型电力系统,7,人民网,新型电力系统,202505
20250502,储能,2,人民网,新型电力系统,202505
20250502,CCHP,0,人民网,新型电力系统,202505
20250502,燃料电池,0,人民网,新型电力系统,202505
20250502,能源物联网,0,人民网,新型电力系统,202505
20250502,能源大数据,0,人民网,新型电力系统,202505
20250502,电力交易,0,人民网,新型电力系统,202505
20250502,能效,0,人民网,新型电力系统,202505
20250502,节能,3,人民网,新型电力系统,202505
20250502,区块链,0,人民网,新型电力系统,202505
20250502,虚拟电厂,0,人民网,新型电力系统,202505
20250502,能量路由器,0,人民网,新型电力系统,202505
20250502,多能流,0,人民网,新型电力系统,202505
20250502,需求侧,0,人民网,新型电力系统,202505
20250502,抽水蓄能,0,人民网,新型电力系统,202505
20250502,电化学储能,0,人民网,新型电力系统,202505
20250503,新闻数量,3,人民网,新型电力系统,202505
20250503,多能互补,0,人民网,新型电力系统,202505
20250503,碳中和,0,人民网,新型电力系统,202505
20250503,碳达峰,0,人民网,新型电力系统,202505
20250503,柔性输电,0,人民网,新型电力系统,202505
20250503,综合能源,0,人民网,新型电力系统,202505
20250503,氢能,0,人民网,新型电力系统,202505
20250503,电动汽车,0,人民网,新型电力系统,202505
20250503,分布式交易,0,人民网,新型电力系统,202505
20250503,微网,0,人民网,新型电力系统,202505
20250503,新型电力系统,4,人民网,新型电力系统,202505
20250503,储能,0,人民网,新型电力系统,202505
20250503,CCHP,0,人民网,新型电力系统,202505
20250503,燃料电池,0,人民网,新型电力系统,202505
20250503,能源物联网,0,人民网,新型电力系统,202505
20250503,能源大数据,0,人民网,新型电力系统,202505
20250503,电力交易,0,人民网,新型电力系统,202505
20250503,能效,0,人民网,新型电力系统,202505
20250503,节能,0,人民网,新型电力系统,202505
20250503,区块链,0,人民网,新型电力系统,202505
20250503,虚拟电厂,0,人民网,新型电力系统,202505
20250503,能量路由器,0,人民网,新型电力系统,202505
20250503,多能流,0,人民网,新型电力系统,202505
20250503,需求侧,0,人民网,新型电力系统,202505
20250503,抽水蓄能,0,人民网,新型电力系统,202505
20250503,电化学储能,0,人民网,新型电力系统,202505
20250504,新闻数量,2,人民网,新型电力系统,202505
20250504,多能互补,0,人民网,新型电力系统,202505
20250504,碳中和,0,人民网,新型电力系统,202505
20250504,碳达峰,1,人民网,新型电力系统,202505
20250504,柔性输电,0,人民网,新型电力系统,202505
20250504,综合能源,5,人民网,新型电力系统,202505
20250504,氢能,0,人民网,新型电力系统,202505
20250504,电动汽车,1,人民网,新型电力系统,202505
20250504,分布式交易,0,人民网,新型电力系统,202505
20250504,微网,0,人民网,新型电力系统,202505
20250504,新型电力系统,2,人民网,新型电力系统,202505
20250504,储能,2,人民网,新型电力系统,202505
20250504,CCHP,0,人民网,新型电力系统,202505
20250504,燃料电池,0,人民网,新型电力系统,202505
20250504,能源物联网,0,人民网,新型电力系统,202505
20250504,能源大数据,0,人民网,新型电力系统,202505
20250504,电力交易,0,人民网,新型电力系统,202505
20250504,能效,0,人民网,新型电力系统,202505
20250504,节能,0,人民网,新型电力系统,202505
20250504,区块链,0,人民网,新型电力系统,202505
20250504,虚拟电厂,1,人民网,新型电力系统,202505
20250504,能量路由器,0,人民网,新型电力系统,202505
20250504,多能流,0,人民网,新型电力系统,202505
20250504,需求侧,0,人民网,新型电力系统,202505
20250504,抽水蓄能,0,人民网,新型电力系统,202505
20250504,电化学储能,0,人民网,新型电力系统,202505
20250505,新闻数量,2,人民网,新型电力系统,202505
20250505,多能互补,0,人民网,新型电力系统,202505
20250505,碳中和,0,人民网,新型电力系统,202505
20250505,碳达峰,0,人民网,新型电力系统,202505
20250505,柔性输电,0,人民网,新型电力系统,202505
20250505,综合能源,0,人民网,新型电力系统,202505
20250505,氢能,0,人民网,新型电力系统,202505
20250505,电动汽车,0,人民网,新型电力系统,202505
20250505,分布式交易,0,人民网,新型电力系统,202505
20250505,微网,0,人民网,新型电力系统,202505
20250505,新型电力系统,2,人民网,新型电力系统,202505
20250505,储能,0,人民网,新型电力系统,202505
20250505,CCHP,0,人民网,新型电力系统,202505
20250505,燃料电池,0,人民网,新型电力系统,202505
20250505,能源物联网,0,人民网,新型电力系统,202505
20250505,能源大数据,0,人民网,新型电力系统,202505
20250505,电力交易,0,人民网,新型电力系统,202505
20250505,能效,0,人民网,新型电力系统,202505
20250505,节能,0,人民网,新型电力系统,202505
20250505,区块链,0,人民网,新型电力系统,202505
20250505,虚拟电厂,0,人民网,新型电力系统,202505
20250505,能量路由器,0,人民网,新型电力系统,202505
20250505,多能流,0,人民网,新型电力系统,202505
20250505,需求侧,0,人民网,新型电力系统,202505
20250505,抽水蓄能,8,人民网,新型电力系统,202505
20250505,电化学储能,0,人民网,新型电力系统,202505
20250506,新闻数量,14,人民网,新型电力系统,202505
20250506,多能互补,0,人民网,新型电力系统,202505
20250506,碳中和,0,人民网,新型电力系统,202505
20250506,碳达峰,0,人民网,新型电力系统,202505
20250506,柔性输电,0,人民网,新型电力系统,202505
20250506,综合能源,0,人民网,新型电力系统,202505
20250506,氢能,0,人民网,新型电力系统,202505
20250506,电动汽车,0,人民网,新型电力系统,202505
20250506,分布式交易,0,人民网,新型电力系统,202505
20250506,微网,0,人民网,新型电力系统,202505
20250506,新型电力系统,14,人民网,新型电力系统,202505
20250506,储能,81,人民网,新型电力系统,202505
20250506,CCHP,0,人民网,新型电力系统,202505
20250506,燃料电池,0,人民网,新型电力系统,202505
20250506,能源物联网,0,人民网,新型电力系统,202505
20250506,能源大数据,0,人民网,新型电力系统,202505
20250506,电力交易,4,人民网,新型电力系统,202505
20250506,能效,1,人民网,新型电力系统,202505
20250506,节能,0,人民网,新型电力系统,202505
20250506,区块链,0,人民网,新型电力系统,202505
20250506,虚拟电厂,0,人民网,新型电力系统,202505
20250506,能量路由器,0,人民网,新型电力系统,202505
20250506,多能流,0,人民网,新型电力系统,202505
20250506,需求侧,0,人民网,新型电力系统,202505
20250506,抽水蓄能,0,人民网,新型电力系统,202505
20250506,电化学储能,0,人民网,新型电力系统,202505
20250507,新闻数量,6,人民网,新型电力系统,202505
20250507,多能互补,0,人民网,新型电力系统,202505
20250507,碳中和,12,人民网,新型电力系统,202505
20250507,碳达峰,9,人民网,新型电力系统,202505
20250507,柔性输电,0,人民网,新型电力系统,202505
20250507,综合能源,1,人民网,新型电力系统,202505
20250507,氢能,0,人民网,新型电力系统,202505
20250507,电动汽车,0,人民网,新型电力系统,202505
20250507,分布式交易,0,人民网,新型电力系统,202505
20250507,微网,0,人民网,新型电力系统,202505
20250507,新型电力系统,13,人民网,新型电力系统,202505
20250507,储能,6,人民网,新型电力系统,202505
20250507,CCHP,0,人民网,新型电力系统,202505
20250507,燃料电池,0,人民网,新型电力系统,202505
20250507,能源物联网,0,人民网,新型电力系统,202505
20250507,能源大数据,0,人民网,新型电力系统,202505
20250507,电力交易,0,人民网,新型电力系统,202505
20250507,能效,0,人民网,新型电力系统,202505
20250507,节能,11,人民网,新型电力系统,202505
20250507,区块链,0,人民网,新型电力系统,202505
20250507,虚拟电厂,23,人民网,新型电力系统,202505
20250507,能量路由器,0,人民网,新型电力系统,202505
20250507,多能流,0,人民网,新型电力系统,202505
20250507,需求侧,1,人民网,新型电力系统,202505
20250507,抽水蓄能,0,人民网,新型电力系统,202505
20250507,电化学储能,0,人民网,新型电力系统,202505
20250508,新闻数量,2,人民网,新型电力系统,202505
20250508,多能互补,0,人民网,新型电力系统,202505
20250508,碳中和,0,人民网,新型电力系统,202505
20250508,碳达峰,0,人民网,新型电力系统,202505
20250508,柔性输电,0,人民网,新型电力系统,202505
20250508,综合能源,0,人民网,新型电力系统,202505
20250508,氢能,0,人民网,新型电力系统,202505
20250508,电动汽车,9,人民网,新型电力系统,202505
20250508,分布式交易,0,人民网,新型电力系统,202505
20250508,微网,0,人民网,新型电力系统,202505
20250508,新型电力系统,2,人民网,新型电力系统,202505
20250508,储能,1,人民网,新型电力系统,202505
20250508,CCHP,0,人民网,新型电力系统,202505
20250508,燃料电池,0,人民网,新型电力系统,202505
20250508,能源物联网,0,人民网,新型电力系统,202505
20250508,能源大数据,0,人民网,新型电力系统,202505
20250508,电力交易,0,人民网,新型电力系统,202505
20250508,能效,0,人民网,新型电力系统,202505
20250508,节能,0,人民网,新型电力系统,202505
20250508,区块链,0,人民网,新型电力系统,202505
20250508,虚拟电厂,0,人民网,新型电力系统,202505
20250508,能量路由器,0,人民网,新型电力系统,202505
20250508,多能流,0,人民网,新型电力系统,202505
20250508,需求侧,0,人民网,新型电力系统,202505
20250508,抽水蓄能,0,人民网,新型电力系统,202505
20250508,电化学储能,0,人民网,新型电力系统,202505
20250509,新闻数量,3,人民网,新型电力系统,202505
20250509,多能互补,0,人民网,新型电力系统,202505
20250509,碳中和,0,人民网,新型电力系统,202505
20250509,碳达峰,0,人民网,新型电力系统,202505
20250509,柔性输电,0,人民网,新型电力系统,202505
20250509,综合能源,0,人民网,新型电力系统,202505
20250509,氢能,0,人民网,新型电力系统,202505
20250509,电动汽车,0,人民网,新型电力系统,202505
20250509,分布式交易,0,人民网,新型电力系统,202505
20250509,微网,0,人民网,新型电力系统,202505
20250509,新型电力系统,6,人民网,新型电力系统,202505
20250509,储能,5,人民网,新型电力系统,202505
20250509,CCHP,0,人民网,新型电力系统,202505
20250509,燃料电池,0,人民网,新型电力系统,202505
20250509,能源物联网,0,人民网,新型电力系统,202505
20250509,能源大数据,0,人民网,新型电力系统,202505
20250509,电力交易,0,人民网,新型电力系统,202505
20250509,能效,0,人民网,新型电力系统,202505
20250509,节能,0,人民网,新型电力系统,202505
20250509,区块链,0,人民网,新型电力系统,202505
20250509,虚拟电厂,0,人民网,新型电力系统,202505
20250509,能量路由器,0,人民网,新型电力系统,202505
20250509,多能流,0,人民网,新型电力系统,202505
20250509,需求侧,0,人民网,新型电力系统,202505
20250509,抽水蓄能,0,人民网,新型电力系统,202505
20250509,电化学储能,0,人民网,新型电力系统,202505
20250510,新闻数量,1,人民网,新型电力系统,202505
20250510,多能互补,0,人民网,新型电力系统,202505
20250510,碳中和,0,人民网,新型电力系统,202505
20250510,碳达峰,0,人民网,新型电力系统,202505
20250510,柔性输电,0,人民网,新型电力系统,202505
20250510,综合能源,0,人民网,新型电力系统,202505
20250510,氢能,0,人民网,新型电力系统,202505
20250510,电动汽车,0,人民网,新型电力系统,202505
20250510,分布式交易,0,人民网,新型电力系统,202505
20250510,微网,0,人民网,新型电力系统,202505
20250510,新型电力系统,2,人民网,新型电力系统,202505
20250510,储能,2,人民网,新型电力系统,202505
20250510,CCHP,0,人民网,新型电力系统,202505
20250510,燃料电池,0,人民网,新型电力系统,202505
20250510,能源物联网,0,人民网,新型电力系统,202505
20250510,能源大数据,0,人民网,新型电力系统,202505
20250510,电力交易,0,人民网,新型电力系统,202505
20250510,能效,0,人民网,新型电力系统,202505
20250510,节能,0,人民网,新型电力系统,202505
20250510,区块链,0,人民网,新型电力系统,202505
20250510,虚拟电厂,0,人民网,新型电力系统,202505
20250510,能量路由器,0,人民网,新型电力系统,202505
20250510,多能流,0,人民网,新型电力系统,202505
20250510,需求侧,0,人民网,新型电力系统,202505
20250510,抽水蓄能,0,人民网,新型电力系统,202505
20250510,电化学储能,0,人民网,新型电力系统,202505
20250512,新闻数量,1,人民网,新型电力系统,202505
20250512,多能互补,0,人民网,新型电力系统,202505
20250512,碳中和,0,人民网,新型电力系统,202505
20250512,碳达峰,0,人民网,新型电力系统,202505
20250512,柔性输电,0,人民网,新型电力系统,202505
20250512,综合能源,0,人民网,新型电力系统,202505
20250512,氢能,0,人民网,新型电力系统,202505
20250512,电动汽车,0,人民网,新型电力系统,202505
20250512,分布式交易,0,人民网,新型电力系统,202505
20250512,微网,0,人民网,新型电力系统,202505
20250512,新型电力系统,1,人民网,新型电力系统,202505
20250512,储能,1,人民网,新型电力系统,202505
20250512,CCHP,0,人民网,新型电力系统,202505
20250512,燃料电池,0,人民网,新型电力系统,202505
20250512,能源物联网,0,人民网,新型电力系统,202505
20250512,能源大数据,0,人民网,新型电力系统,202505
20250512,电力交易,0,人民网,新型电力系统,202505
20250512,能效,0,人民网,新型电力系统,202505
20250512,节能,1,人民网,新型电力系统,202505
20250512,区块链,0,人民网,新型电力系统,202505
20250512,虚拟电厂,0,人民网,新型电力系统,202505
20250512,能量路由器,0,人民网,新型电力系统,202505
20250512,多能流,0,人民网,新型电力系统,202505
20250512,需求侧,0,人民网,新型电力系统,202505
20250512,抽水蓄能,0,人民网,新型电力系统,202505
20250512,电化学储能,0,人民网,新型电力系统,202505
20250513,新闻数量,6,人民网,新型电力系统,202505
20250513,多能互补,0,人民网,新型电力系统,202505
20250513,碳中和,0,人民网,新型电力系统,202505
20250513,碳达峰,1,人民网,新型电力系统,202505
20250513,柔性输电,0,人民网,新型电力系统,202505
20250513,综合能源,1,人民网,新型电力系统,202505
20250513,氢能,0,人民网,新型电力系统,202505
20250513,电动汽车,0,人民网,新型电力系统,202505
20250513,分布式交易,0,人民网,新型电力系统,202505
20250513,微网,0,人民网,新型电力系统,202505
20250513,新型电力系统,9,人民网,新型电力系统,202505
20250513,储能,63,人民网,新型电力系统,202505
20250513,CCHP,0,人民网,新型电力系统,202505
20250513,燃料电池,0,人民网,新型电力系统,202505
20250513,能源物联网,0,人民网,新型电力系统,202505
20250513,能源大数据,0,人民网,新型电力系统,202505
20250513,电力交易,0,人民网,新型电力系统,202505
20250513,能效,0,人民网,新型电力系统,202505
20250513,节能,1,人民网,新型电力系统,202505
20250513,区块链,0,人民网,新型电力系统,202505
20250513,虚拟电厂,0,人民网,新型电力系统,202505
20250513,能量路由器,0,人民网,新型电力系统,202505
20250513,多能流,0,人民网,新型电力系统,202505
20250513,需求侧,0,人民网,新型电力系统,202505
20250513,抽水蓄能,0,人民网,新型电力系统,202505
20250513,电化学储能,0,人民网,新型电力系统,202505
20250514,新闻数量,1,人民网,新型电力系统,202505
20250514,多能互补,1,人民网,新型电力系统,202505
20250514,碳中和,0,人民网,新型电力系统,202505
20250514,碳达峰,0,人民网,新型电力系统,202505
20250514,柔性输电,0,人民网,新型电力系统,202505
20250514,综合能源,0,人民网,新型电力系统,202505
20250514,氢能,0,人民网,新型电力系统,202505
20250514,电动汽车,0,人民网,新型电力系统,202505
20250514,分布式交易,0,人民网,新型电力系统,202505
20250514,微网,0,人民网,新型电力系统,202505
20250514,新型电力系统,1,人民网,新型电力系统,202505
20250514,储能,0,人民网,新型电力系统,202505
20250514,CCHP,0,人民网,新型电力系统,202505
20250514,燃料电池,0,人民网,新型电力系统,202505
20250514,能源物联网,0,人民网,新型电力系统,202505
20250514,能源大数据,0,人民网,新型电力系统,202505
20250514,电力交易,1,人民网,新型电力系统,202505
20250514,能效,0,人民网,新型电力系统,202505
20250514,节能,0,人民网,新型电力系统,202505
20250514,区块链,0,人民网,新型电力系统,202505
20250514,虚拟电厂,0,人民网,新型电力系统,202505
20250514,能量路由器,0,人民网,新型电力系统,202505
20250514,多能流,0,人民网,新型电力系统,202505
20250514,需求侧,0,人民网,新型电力系统,202505
20250514,抽水蓄能,0,人民网,新型电力系统,202505
20250514,电化学储能,0,人民网,新型电力系统,202505
20250515,新闻数量,6,人民网,新型电力系统,202505
20250515,多能互补,1,人民网,新型电力系统,202505
20250515,碳中和,2,人民网,新型电力系统,202505
20250515,碳达峰,2,人民网,新型电力系统,202505
20250515,柔性输电,0,人民网,新型电力系统,202505
20250515,综合能源,2,人民网,新型电力系统,202505
20250515,氢能,10,人民网,新型电力系统,202505
20250515,电动汽车,16,人民网,新型电力系统,202505
20250515,分布式交易,0,人民网,新型电力系统,202505
20250515,微网,0,人民网,新型电力系统,202505
20250515,新型电力系统,8,人民网,新型电力系统,202505
20250515,储能,75,人民网,新型电力系统,202505
20250515,CCHP,0,人民网,新型电力系统,202505
20250515,燃料电池,0,人民网,新型电力系统,202505
20250515,能源物联网,0,人民网,新型电力系统,202505
20250515,能源大数据,0,人民网,新型电力系统,202505
20250515,电力交易,0,人民网,新型电力系统,202505
20250515,能效,1,人民网,新型电力系统,202505
20250515,节能,7,人民网,新型电力系统,202505
20250515,区块链,1,人民网,新型电力系统,202505
20250515,虚拟电厂,2,人民网,新型电力系统,202505
20250515,能量路由器,0,人民网,新型电力系统,202505
20250515,多能流,0,人民网,新型电力系统,202505
20250515,需求侧,0,人民网,新型电力系统,202505
20250515,抽水蓄能,2,人民网,新型电力系统,202505
20250515,电化学储能,1,人民网,新型电力系统,202505
20250516,新闻数量,4,人民网,新型电力系统,202505
20250516,多能互补,0,人民网,新型电力系统,202505
20250516,碳中和,0,人民网,新型电力系统,202505
20250516,碳达峰,1,人民网,新型电力系统,202505
20250516,柔性输电,0,人民网,新型电力系统,202505
20250516,综合能源,0,人民网,新型电力系统,202505
20250516,氢能,0,人民网,新型电力系统,202505
20250516,电动汽车,2,人民网,新型电力系统,202505
20250516,分布式交易,0,人民网,新型电力系统,202505
20250516,微网,0,人民网,新型电力系统,202505
20250516,新型电力系统,6,人民网,新型电力系统,202505
20250516,储能,5,人民网,新型电力系统,202505
20250516,CCHP,0,人民网,新型电力系统,202505
20250516,燃料电池,0,人民网,新型电力系统,202505
20250516,能源物联网,0,人民网,新型电力系统,202505
20250516,能源大数据,0,人民网,新型电力系统,202505
20250516,电力交易,0,人民网,新型电力系统,202505
20250516,能效,0,人民网,新型电力系统,202505
20250516,节能,2,人民网,新型电力系统,202505
20250516,区块链,0,人民网,新型电力系统,202505
20250516,虚拟电厂,1,人民网,新型电力系统,202505
20250516,能量路由器,0,人民网,新型电力系统,202505
20250516,多能流,0,人民网,新型电力系统,202505
20250516,需求侧,0,人民网,新型电力系统,202505
20250516,抽水蓄能,0,人民网,新型电力系统,202505
20250516,电化学储能,0,人民网,新型电力系统,202505
20250517,新闻数量,1,人民网,新型电力系统,202505
20250517,多能互补,0,人民网,新型电力系统,202505
20250517,碳中和,0,人民网,新型电力系统,202505
20250517,碳达峰,0,人民网,新型电力系统,202505
20250517,柔性输电,0,人民网,新型电力系统,202505
20250517,综合能源,1,人民网,新型电力系统,202505
20250517,氢能,0,人民网,新型电力系统,202505
20250517,电动汽车,0,人民网,新型电力系统,202505
20250517,分布式交易,0,人民网,新型电力系统,202505
20250517,微网,0,人民网,新型电力系统,202505
20250517,新型电力系统,1,人民网,新型电力系统,202505
20250517,储能,2,人民网,新型电力系统,202505
20250517,CCHP,0,人民网,新型电力系统,202505
20250517,燃料电池,0,人民网,新型电力系统,202505
20250517,能源物联网,0,人民网,新型电力系统,202505
20250517,能源大数据,0,人民网,新型电力系统,202505
20250517,电力交易,0,人民网,新型电力系统,202505
20250517,能效,0,人民网,新型电力系统,202505
20250517,节能,1,人民网,新型电力系统,202505
20250517,区块链,0,人民网,新型电力系统,202505
20250517,虚拟电厂,0,人民网,新型电力系统,202505
20250517,能量路由器,0,人民网,新型电力系统,202505
20250517,多能流,0,人民网,新型电力系统,202505
20250517,需求侧,0,人民网,新型电力系统,202505
20250517,抽水蓄能,6,人民网,新型电力系统,202505
20250517,电化学储能,0,人民网,新型电力系统,202505
20250518,新闻数量,1,人民网,新型电力系统,202505
20250518,多能互补,0,人民网,新型电力系统,202505
20250518,碳中和,0,人民网,新型电力系统,202505
20250518,碳达峰,0,人民网,新型电力系统,202505
20250518,柔性输电,0,人民网,新型电力系统,202505
20250518,综合能源,0,人民网,新型电力系统,202505
20250518,氢能,0,人民网,新型电力系统,202505
20250518,电动汽车,0,人民网,新型电力系统,202505
20250518,分布式交易,0,人民网,新型电力系统,202505
20250518,微网,0,人民网,新型电力系统,202505
20250518,新型电力系统,1,人民网,新型电力系统,202505
20250518,储能,0,人民网,新型电力系统,202505
20250518,CCHP,0,人民网,新型电力系统,202505
20250518,燃料电池,0,人民网,新型电力系统,202505
20250518,能源物联网,0,人民网,新型电力系统,202505
20250518,能源大数据,0,人民网,新型电力系统,202505
20250518,电力交易,0,人民网,新型电力系统,202505
20250518,能效,0,人民网,新型电力系统,202505
20250518,节能,0,人民网,新型电力系统,202505
20250518,区块链,0,人民网,新型电力系统,202505
20250518,虚拟电厂,0,人民网,新型电力系统,202505
20250518,能量路由器,0,人民网,新型电力系统,202505
20250518,多能流,0,人民网,新型电力系统,202505
20250518,需求侧,0,人民网,新型电力系统,202505
20250518,抽水蓄能,0,人民网,新型电力系统,202505
20250518,电化学储能,0,人民网,新型电力系统,202505
20250519,新闻数量,1,人民网,新型电力系统,202505
20250519,多能互补,0,人民网,新型电力系统,202505
20250519,碳中和,0,人民网,新型电力系统,202505
20250519,碳达峰,0,人民网,新型电力系统,202505
20250519,柔性输电,0,人民网,新型电力系统,202505
20250519,综合能源,0,人民网,新型电力系统,202505
20250519,氢能,0,人民网,新型电力系统,202505
20250519,电动汽车,0,人民网,新型电力系统,202505
20250519,分布式交易,0,人民网,新型电力系统,202505
20250519,微网,0,人民网,新型电力系统,202505
20250519,新型电力系统,1,人民网,新型电力系统,202505
20250519,储能,18,人民网,新型电力系统,202505
20250519,CCHP,0,人民网,新型电力系统,202505
20250519,燃料电池,0,人民网,新型电力系统,202505
20250519,能源物联网,0,人民网,新型电力系统,202505
20250519,能源大数据,0,人民网,新型电力系统,202505
20250519,电力交易,0,人民网,新型电力系统,202505
20250519,能效,0,人民网,新型电力系统,202505
20250519,节能,0,人民网,新型电力系统,202505
20250519,区块链,0,人民网,新型电力系统,202505
20250519,虚拟电厂,0,人民网,新型电力系统,202505
20250519,能量路由器,0,人民网,新型电力系统,202505
20250519,多能流,0,人民网,新型电力系统,202505
20250519,需求侧,0,人民网,新型电力系统,202505
20250519,抽水蓄能,0,人民网,新型电力系统,202505
20250519,电化学储能,0,人民网,新型电力系统,202505
20250520,新闻数量,3,人民网,新型电力系统,202505
20250520,多能互补,0,人民网,新型电力系统,202505
20250520,碳中和,1,人民网,新型电力系统,202505
20250520,碳达峰,9,人民网,新型电力系统,202505
20250520,柔性输电,0,人民网,新型电力系统,202505
20250520,综合能源,0,人民网,新型电力系统,202505
20250520,氢能,1,人民网,新型电力系统,202505
20250520,电动汽车,0,人民网,新型电力系统,202505
20250520,分布式交易,0,人民网,新型电力系统,202505
20250520,微网,0,人民网,新型电力系统,202505
20250520,新型电力系统,3,人民网,新型电力系统,202505
20250520,储能,3,人民网,新型电力系统,202505
20250520,CCHP,0,人民网,新型电力系统,202505
20250520,燃料电池,0,人民网,新型电力系统,202505
20250520,能源物联网,0,人民网,新型电力系统,202505
20250520,能源大数据,0,人民网,新型电力系统,202505
20250520,电力交易,0,人民网,新型电力系统,202505
20250520,能效,0,人民网,新型电力系统,202505
20250520,节能,6,人民网,新型电力系统,202505
20250520,区块链,0,人民网,新型电力系统,202505
20250520,虚拟电厂,0,人民网,新型电力系统,202505
20250520,能量路由器,0,人民网,新型电力系统,202505
20250520,多能流,0,人民网,新型电力系统,202505
20250520,需求侧,0,人民网,新型电力系统,202505
20250520,抽水蓄能,0,人民网,新型电力系统,202505
20250520,电化学储能,0,人民网,新型电力系统,202505
20250521,新闻数量,7,人民网,新型电力系统,202505
20250521,多能互补,1,人民网,新型电力系统,202505
20250521,碳中和,1,人民网,新型电力系统,202505
20250521,碳达峰,1,人民网,新型电力系统,202505
20250521,柔性输电,0,人民网,新型电力系统,202505
20250521,综合能源,1,人民网,新型电力系统,202505
20250521,氢能,2,人民网,新型电力系统,202505
20250521,电动汽车,3,人民网,新型电力系统,202505
20250521,分布式交易,0,人民网,新型电力系统,202505
20250521,微网,0,人民网,新型电力系统,202505
20250521,新型电力系统,26,人民网,新型电力系统,202505
20250521,储能,7,人民网,新型电力系统,202505
20250521,CCHP,0,人民网,新型电力系统,202505
20250521,燃料电池,0,人民网,新型电力系统,202505
20250521,能源物联网,0,人民网,新型电力系统,202505
20250521,能源大数据,0,人民网,新型电力系统,202505
20250521,电力交易,0,人民网,新型电力系统,202505
20250521,能效,1,人民网,新型电力系统,202505
20250521,节能,5,人民网,新型电力系统,202505
20250521,区块链,0,人民网,新型电力系统,202505
20250521,虚拟电厂,0,人民网,新型电力系统,202505
20250521,能量路由器,0,人民网,新型电力系统,202505
20250521,多能流,0,人民网,新型电力系统,202505
20250521,需求侧,0,人民网,新型电力系统,202505
20250521,抽水蓄能,0,人民网,新型电力系统,202505
20250521,电化学储能,0,人民网,新型电力系统,202505
20250522,新闻数量,3,人民网,新型电力系统,202505
20250522,多能互补,0,人民网,新型电力系统,202505
20250522,碳中和,0,人民网,新型电力系统,202505
20250522,碳达峰,0,人民网,新型电力系统,202505
20250522,柔性输电,0,人民网,新型电力系统,202505
20250522,综合能源,0,人民网,新型电力系统,202505
20250522,氢能,0,人民网,新型电力系统,202505
20250522,电动汽车,0,人民网,新型电力系统,202505
20250522,分布式交易,0,人民网,新型电力系统,202505
20250522,微网,0,人民网,新型电力系统,202505
20250522,新型电力系统,6,人民网,新型电力系统,202505
20250522,储能,23,人民网,新型电力系统,202505
20250522,CCHP,0,人民网,新型电力系统,202505
20250522,燃料电池,0,人民网,新型电力系统,202505
20250522,能源物联网,0,人民网,新型电力系统,202505
20250522,能源大数据,0,人民网,新型电力系统,202505
20250522,电力交易,0,人民网,新型电力系统,202505
20250522,能效,0,人民网,新型电力系统,202505
20250522,节能,1,人民网,新型电力系统,202505
20250522,区块链,0,人民网,新型电力系统,202505
20250522,虚拟电厂,14,人民网,新型电力系统,202505
20250522,能量路由器,0,人民网,新型电力系统,202505
20250522,多能流,0,人民网,新型电力系统,202505
20250522,需求侧,0,人民网,新型电力系统,202505
20250522,抽水蓄能,0,人民网,新型电力系统,202505
20250522,电化学储能,0,人民网,新型电力系统,202505
20250523,新闻数量,5,人民网,新型电力系统,202505
20250523,多能互补,0,人民网,新型电力系统,202505
20250523,碳中和,0,人民网,新型电力系统,202505
20250523,碳达峰,0,人民网,新型电力系统,202505
20250523,柔性输电,0,人民网,新型电力系统,202505
20250523,综合能源,2,人民网,新型电力系统,202505
20250523,氢能,0,人民网,新型电力系统,202505
20250523,电动汽车,0,人民网,新型电力系统,202505
20250523,分布式交易,0,人民网,新型电力系统,202505
20250523,微网,0,人民网,新型电力系统,202505
20250523,新型电力系统,8,人民网,新型电力系统,202505
20250523,储能,4,人民网,新型电力系统,202505
20250523,CCHP,0,人民网,新型电力系统,202505
20250523,燃料电池,0,人民网,新型电力系统,202505
20250523,能源物联网,0,人民网,新型电力系统,202505
20250523,能源大数据,0,人民网,新型电力系统,202505
20250523,电力交易,0,人民网,新型电力系统,202505
20250523,能效,0,人民网,新型电力系统,202505
20250523,节能,4,人民网,新型电力系统,202505
20250523,区块链,0,人民网,新型电力系统,202505
20250523,虚拟电厂,0,人民网,新型电力系统,202505
20250523,能量路由器,0,人民网,新型电力系统,202505
20250523,多能流,0,人民网,新型电力系统,202505
20250523,需求侧,0,人民网,新型电力系统,202505
20250523,抽水蓄能,1,人民网,新型电力系统,202505
20250523,电化学储能,0,人民网,新型电力系统,202505
20250524,新闻数量,1,人民网,新型电力系统,202505
20250524,多能互补,0,人民网,新型电力系统,202505
20250524,碳中和,0,人民网,新型电力系统,202505
20250524,碳达峰,0,人民网,新型电力系统,202505
20250524,柔性输电,0,人民网,新型电力系统,202505
20250524,综合能源,0,人民网,新型电力系统,202505
20250524,氢能,0,人民网,新型电力系统,202505
20250524,电动汽车,0,人民网,新型电力系统,202505
20250524,分布式交易,0,人民网,新型电力系统,202505
20250524,微网,0,人民网,新型电力系统,202505
20250524,新型电力系统,1,人民网,新型电力系统,202505
20250524,储能,0,人民网,新型电力系统,202505
20250524,CCHP,0,人民网,新型电力系统,202505
20250524,燃料电池,0,人民网,新型电力系统,202505
20250524,能源物联网,0,人民网,新型电力系统,202505
20250524,能源大数据,0,人民网,新型电力系统,202505
20250524,电力交易,0,人民网,新型电力系统,202505
20250524,能效,0,人民网,新型电力系统,202505
20250524,节能,0,人民网,新型电力系统,202505
20250524,区块链,0,人民网,新型电力系统,202505
20250524,虚拟电厂,0,人民网,新型电力系统,202505
20250524,能量路由器,0,人民网,新型电力系统,202505
20250524,多能流,0,人民网,新型电力系统,202505
20250524,需求侧,0,人民网,新型电力系统,202505
20250524,抽水蓄能,0,人民网,新型电力系统,202505
20250524,电化学储能,0,人民网,新型电力系统,202505
20250526,新闻数量,1,人民网,新型电力系统,202505
20250526,多能互补,0,人民网,新型电力系统,202505
20250526,碳中和,0,人民网,新型电力系统,202505
20250526,碳达峰,0,人民网,新型电力系统,202505
20250526,柔性输电,0,人民网,新型电力系统,202505
20250526,综合能源,0,人民网,新型电力系统,202505
20250526,氢能,0,人民网,新型电力系统,202505
20250526,电动汽车,0,人民网,新型电力系统,202505
20250526,分布式交易,0,人民网,新型电力系统,202505
20250526,微网,0,人民网,新型电力系统,202505
20250526,新型电力系统,1,人民网,新型电力系统,202505
20250526,储能,0,人民网,新型电力系统,202505
20250526,CCHP,0,人民网,新型电力系统,202505
20250526,燃料电池,0,人民网,新型电力系统,202505
20250526,能源物联网,0,人民网,新型电力系统,202505
20250526,能源大数据,0,人民网,新型电力系统,202505
20250526,电力交易,0,人民网,新型电力系统,202505
20250526,能效,0,人民网,新型电力系统,202505
20250526,节能,0,人民网,新型电力系统,202505
20250526,区块链,0,人民网,新型电力系统,202505
20250526,虚拟电厂,0,人民网,新型电力系统,202505
20250526,能量路由器,0,人民网,新型电力系统,202505
20250526,多能流,0,人民网,新型电力系统,202505
20250526,需求侧,0,人民网,新型电力系统,202505
20250526,抽水蓄能,0,人民网,新型电力系统,202505
20250526,电化学储能,0,人民网,新型电力系统,202505
20250527,新闻数量,4,人民网,新型电力系统,202505
20250527,多能互补,1,人民网,新型电力系统,202505
20250527,碳中和,1,人民网,新型电力系统,202505
20250527,碳达峰,0,人民网,新型电力系统,202505
20250527,柔性输电,0,人民网,新型电力系统,202505
20250527,综合能源,0,人民网,新型电力系统,202505
20250527,氢能,0,人民网,新型电力系统,202505
20250527,电动汽车,0,人民网,新型电力系统,202505
20250527,分布式交易,0,人民网,新型电力系统,202505
20250527,微网,0,人民网,新型电力系统,202505
20250527,新型电力系统,11,人民网,新型电力系统,202505
20250527,储能,51,人民网,新型电力系统,202505
20250527,CCHP,0,人民网,新型电力系统,202505
20250527,燃料电池,0,人民网,新型电力系统,202505
20250527,能源物联网,0,人民网,新型电力系统,202505
20250527,能源大数据,0,人民网,新型电力系统,202505
20250527,电力交易,0,人民网,新型电力系统,202505
20250527,能效,0,人民网,新型电力系统,202505
20250527,节能,0,人民网,新型电力系统,202505
20250527,区块链,0,人民网,新型电力系统,202505
20250527,虚拟电厂,0,人民网,新型电力系统,202505
20250527,能量路由器,0,人民网,新型电力系统,202505
20250527,多能流,0,人民网,新型电力系统,202505
20250527,需求侧,0,人民网,新型电力系统,202505
20250527,抽水蓄能,1,人民网,新型电力系统,202505
20250527,电化学储能,1,人民网,新型电力系统,202505
20250528,新闻数量,4,人民网,新型电力系统,202505
20250528,多能互补,0,人民网,新型电力系统,202505
20250528,碳中和,0,人民网,新型电力系统,202505
20250528,碳达峰,0,人民网,新型电力系统,202505
20250528,柔性输电,0,人民网,新型电力系统,202505
20250528,综合能源,0,人民网,新型电力系统,202505
20250528,氢能,0,人民网,新型电力系统,202505
20250528,电动汽车,0,人民网,新型电力系统,202505
20250528,分布式交易,0,人民网,新型电力系统,202505
20250528,微网,0,人民网,新型电力系统,202505
20250528,新型电力系统,6,人民网,新型电力系统,202505
20250528,储能,10,人民网,新型电力系统,202505
20250528,CCHP,0,人民网,新型电力系统,202505
20250528,燃料电池,0,人民网,新型电力系统,202505
20250528,能源物联网,0,人民网,新型电力系统,202505
20250528,能源大数据,0,人民网,新型电力系统,202505
20250528,电力交易,0,人民网,新型电力系统,202505
20250528,能效,0,人民网,新型电力系统,202505
20250528,节能,0,人民网,新型电力系统,202505
20250528,区块链,0,人民网,新型电力系统,202505
20250528,虚拟电厂,0,人民网,新型电力系统,202505
20250528,能量路由器,0,人民网,新型电力系统,202505
20250528,多能流,0,人民网,新型电力系统,202505
20250528,需求侧,0,人民网,新型电力系统,202505
20250528,抽水蓄能,0,人民网,新型电力系统,202505
20250528,电化学储能,0,人民网,新型电力系统,202505
20250529,新闻数量,6,人民网,新型电力系统,202505
20250529,多能互补,0,人民网,新型电力系统,202505
20250529,碳中和,0,人民网,新型电力系统,202505
20250529,碳达峰,0,人民网,新型电力系统,202505
20250529,柔性输电,0,人民网,新型电力系统,202505
20250529,综合能源,0,人民网,新型电力系统,202505
20250529,氢能,0,人民网,新型电力系统,202505
20250529,电动汽车,0,人民网,新型电力系统,202505
20250529,分布式交易,0,人民网,新型电力系统,202505
20250529,微网,0,人民网,新型电力系统,202505
20250529,新型电力系统,8,人民网,新型电力系统,202505
20250529,储能,17,人民网,新型电力系统,202505
20250529,CCHP,0,人民网,新型电力系统,202505
20250529,燃料电池,0,人民网,新型电力系统,202505
20250529,能源物联网,0,人民网,新型电力系统,202505
20250529,能源大数据,0,人民网,新型电力系统,202505
20250529,电力交易,0,人民网,新型电力系统,202505
20250529,能效,0,人民网,新型电力系统,202505
20250529,节能,2,人民网,新型电力系统,202505
20250529,区块链,0,人民网,新型电力系统,202505
20250529,虚拟电厂,0,人民网,新型电力系统,202505
20250529,能量路由器,0,人民网,新型电力系统,202505
20250529,多能流,0,人民网,新型电力系统,202505
20250529,需求侧,0,人民网,新型电力系统,202505
20250529,抽水蓄能,20,人民网,新型电力系统,202505
20250529,电化学储能,0,人民网,新型电力系统,202505
20250530,新闻数量,8,人民网,新型电力系统,202505
20250530,多能互补,2,人民网,新型电力系统,202505
20250530,碳中和,2,人民网,新型电力系统,202505
20250530,碳达峰,2,人民网,新型电力系统,202505
20250530,柔性输电,0,人民网,新型电力系统,202505
20250530,综合能源,7,人民网,新型电力系统,202505
20250530,氢能,1,人民网,新型电力系统,202505
20250530,电动汽车,0,人民网,新型电力系统,202505
20250530,分布式交易,0,人民网,新型电力系统,202505
20250530,微网,0,人民网,新型电力系统,202505
20250530,新型电力系统,11,人民网,新型电力系统,202505
20250530,储能,30,人民网,新型电力系统,202505
20250530,CCHP,0,人民网,新型电力系统,202505
20250530,燃料电池,0,人民网,新型电力系统,202505
20250530,能源物联网,0,人民网,新型电力系统,202505
20250530,能源大数据,0,人民网,新型电力系统,202505
20250530,电力交易,0,人民网,新型电力系统,202505
20250530,能效,0,人民网,新型电力系统,202505
20250530,节能,6,人民网,新型电力系统,202505
20250530,区块链,0,人民网,新型电力系统,202505
20250530,虚拟电厂,3,人民网,新型电力系统,202505
20250530,能量路由器,0,人民网,新型电力系统,202505
20250530,多能流,0,人民网,新型电力系统,202505
20250530,需求侧,0,人民网,新型电力系统,202505
20250530,抽水蓄能,33,人民网,新型电力系统,202505
20250530,电化学储能,0,人民网,新型电力系统,202505
20250531,新闻数量,1,人民网,新型电力系统,202505
20250531,多能互补,0,人民网,新型电力系统,202505
20250531,碳中和,0,人民网,新型电力系统,202505
20250531,碳达峰,0,人民网,新型电力系统,202505
20250531,柔性输电,0,人民网,新型电力系统,202505
20250531,综合能源,0,人民网,新型电力系统,202505
20250531,氢能,0,人民网,新型电力系统,202505
20250531,电动汽车,0,人民网,新型电力系统,202505
20250531,分布式交易,0,人民网,新型电力系统,202505
20250531,微网,0,人民网,新型电力系统,202505
20250531,新型电力系统,2,人民网,新型电力系统,202505
20250531,储能,6,人民网,新型电力系统,202505
20250531,CCHP,0,人民网,新型电力系统,202505
20250531,燃料电池,0,人民网,新型电力系统,202505
20250531,能源物联网,0,人民网,新型电力系统,202505
20250531,能源大数据,0,人民网,新型电力系统,202505
20250531,电力交易,0,人民网,新型电力系统,202505
20250531,能效,0,人民网,新型电力系统,202505
20250531,节能,0,人民网,新型电力系统,202505
20250531,区块链,0,人民网,新型电力系统,202505
20250531,虚拟电厂,0,人民网,新型电力系统,202505
20250531,能量路由器,0,人民网,新型电力系统,202505
20250531,多能流,0,人民网,新型电力系统,202505
20250531,需求侧,0,人民网,新型电力系统,202505
20250531,抽水蓄能,0,人民网,新型电力系统,202505
20250531,电化学储能,0,人民网,新型电力系统,202505
20250601,新闻数量,2,人民网,新型电力系统,202506
20250601,多能互补,0,人民网,新型电力系统,202506
20250601,碳中和,0,人民网,新型电力系统,202506
20250601,碳达峰,0,人民网,新型电力系统,202506
20250601,柔性输电,0,人民网,新型电力系统,202506
20250601,综合能源,0,人民网,新型电力系统,202506
20250601,氢能,0,人民网,新型电力系统,202506
20250601,电动汽车,0,人民网,新型电力系统,202506
20250601,分布式交易,0,人民网,新型电力系统,202506
20250601,微网,0,人民网,新型电力系统,202506
20250601,新型电力系统,2,人民网,新型电力系统,202506
20250601,储能,20,人民网,新型电力系统,202506
20250601,CCHP,0,人民网,新型电力系统,202506
20250601,燃料电池,0,人民网,新型电力系统,202506
20250601,能源物联网,0,人民网,新型电力系统,202506
20250601,能源大数据,0,人民网,新型电力系统,202506
20250601,电力交易,0,人民网,新型电力系统,202506
20250601,能效,0,人民网,新型电力系统,202506
20250601,节能,1,人民网,新型电力系统,202506
20250601,区块链,0,人民网,新型电力系统,202506
20250601,虚拟电厂,0,人民网,新型电力系统,202506
20250601,能量路由器,0,人民网,新型电力系统,202506
20250601,多能流,0,人民网,新型电力系统,202506
20250601,需求侧,0,人民网,新型电力系统,202506
20250601,抽水蓄能,1,人民网,新型电力系统,202506
20250601,电化学储能,0,人民网,新型电力系统,202506
20250602,新闻数量,2,人民网,新型电力系统,202506
20250602,多能互补,1,人民网,新型电力系统,202506
20250602,碳中和,0,人民网,新型电力系统,202506
20250602,碳达峰,0,人民网,新型电力系统,202506
20250602,柔性输电,0,人民网,新型电力系统,202506
20250602,综合能源,0,人民网,新型电力系统,202506
20250602,氢能,1,人民网,新型电力系统,202506
20250602,电动汽车,0,人民网,新型电力系统,202506
20250602,分布式交易,0,人民网,新型电力系统,202506
20250602,微网,0,人民网,新型电力系统,202506
20250602,新型电力系统,4,人民网,新型电力系统,202506
20250602,储能,46,人民网,新型电力系统,202506
20250602,CCHP,0,人民网,新型电力系统,202506
20250602,燃料电池,0,人民网,新型电力系统,202506
20250602,能源物联网,0,人民网,新型电力系统,202506
20250602,能源大数据,0,人民网,新型电力系统,202506
20250602,电力交易,1,人民网,新型电力系统,202506
20250602,能效,0,人民网,新型电力系统,202506
20250602,节能,4,人民网,新型电力系统,202506
20250602,区块链,0,人民网,新型电力系统,202506
20250602,虚拟电厂,0,人民网,新型电力系统,202506
20250602,能量路由器,0,人民网,新型电力系统,202506
20250602,多能流,0,人民网,新型电力系统,202506
20250602,需求侧,0,人民网,新型电力系统,202506
20250602,抽水蓄能,0,人民网,新型电力系统,202506
20250602,电化学储能,0,人民网,新型电力系统,202506
20250603,新闻数量,5,人民网,新型电力系统,202506
20250603,多能互补,0,人民网,新型电力系统,202506
20250603,碳中和,0,人民网,新型电力系统,202506
20250603,碳达峰,0,人民网,新型电力系统,202506
20250603,柔性输电,0,人民网,新型电力系统,202506
20250603,综合能源,0,人民网,新型电力系统,202506
20250603,氢能,0,人民网,新型电力系统,202506
20250603,电动汽车,1,人民网,新型电力系统,202506
20250603,分布式交易,0,人民网,新型电力系统,202506
20250603,微网,0,人民网,新型电力系统,202506
20250603,新型电力系统,7,人民网,新型电力系统,202506
20250603,储能,111,人民网,新型电力系统,202506
20250603,CCHP,0,人民网,新型电力系统,202506
20250603,燃料电池,0,人民网,新型电力系统,202506
20250603,能源物联网,0,人民网,新型电力系统,202506
20250603,能源大数据,0,人民网,新型电力系统,202506
20250603,电力交易,0,人民网,新型电力系统,202506
20250603,能效,0,人民网,新型电力系统,202506
20250603,节能,0,人民网,新型电力系统,202506
20250603,区块链,0,人民网,新型电力系统,202506
20250603,虚拟电厂,11,人民网,新型电力系统,202506
20250603,能量路由器,0,人民网,新型电力系统,202506
20250603,多能流,0,人民网,新型电力系统,202506
20250603,需求侧,1,人民网,新型电力系统,202506
20250603,抽水蓄能,3,人民网,新型电力系统,202506
20250603,电化学储能,2,人民网,新型电力系统,202506
20250604,新闻数量,4,人民网,新型电力系统,202506
20250604,多能互补,0,人民网,新型电力系统,202506
20250604,碳中和,0,人民网,新型电力系统,202506
20250604,碳达峰,0,人民网,新型电力系统,202506
20250604,柔性输电,0,人民网,新型电力系统,202506
20250604,综合能源,0,人民网,新型电力系统,202506
20250604,氢能,0,人民网,新型电力系统,202506
20250604,电动汽车,0,人民网,新型电力系统,202506
20250604,分布式交易,0,人民网,新型电力系统,202506
20250604,微网,0,人民网,新型电力系统,202506
20250604,新型电力系统,7,人民网,新型电力系统,202506
20250604,储能,2,人民网,新型电力系统,202506
20250604,CCHP,0,人民网,新型电力系统,202506
20250604,燃料电池,0,人民网,新型电力系统,202506
20250604,能源物联网,0,人民网,新型电力系统,202506
20250604,能源大数据,0,人民网,新型电力系统,202506
20250604,电力交易,0,人民网,新型电力系统,202506
20250604,能效,0,人民网,新型电力系统,202506
20250604,节能,0,人民网,新型电力系统,202506
20250604,区块链,0,人民网,新型电力系统,202506
20250604,虚拟电厂,0,人民网,新型电力系统,202506
20250604,能量路由器,0,人民网,新型电力系统,202506
20250604,多能流,0,人民网,新型电力系统,202506
20250604,需求侧,0,人民网,新型电力系统,202506
20250604,抽水蓄能,1,人民网,新型电力系统,202506
20250604,电化学储能,0,人民网,新型电力系统,202506
20250605,新闻数量,2,人民网,新型电力系统,202506
20250605,多能互补,0,人民网,新型电力系统,202506
20250605,碳中和,0,人民网,新型电力系统,202506
20250605,碳达峰,0,人民网,新型电力系统,202506
20250605,柔性输电,0,人民网,新型电力系统,202506
20250605,综合能源,0,人民网,新型电力系统,202506
20250605,氢能,0,人民网,新型电力系统,202506
20250605,电动汽车,0,人民网,新型电力系统,202506
20250605,分布式交易,0,人民网,新型电力系统,202506
20250605,微网,0,人民网,新型电力系统,202506
20250605,新型电力系统,2,人民网,新型电力系统,202506
20250605,储能,0,人民网,新型电力系统,202506
20250605,CCHP,0,人民网,新型电力系统,202506
20250605,燃料电池,0,人民网,新型电力系统,202506
20250605,能源物联网,0,人民网,新型电力系统,202506
20250605,能源大数据,0,人民网,新型电力系统,202506
20250605,电力交易,0,人民网,新型电力系统,202506
20250605,能效,0,人民网,新型电力系统,202506
20250605,节能,2,人民网,新型电力系统,202506
20250605,区块链,0,人民网,新型电力系统,202506
20250605,虚拟电厂,0,人民网,新型电力系统,202506
20250605,能量路由器,0,人民网,新型电力系统,202506
20250605,多能流,0,人民网,新型电力系统,202506
20250605,需求侧,0,人民网,新型电力系统,202506
20250605,抽水蓄能,0,人民网,新型电力系统,202506
20250605,电化学储能,0,人民网,新型电力系统,202506
20250606,新闻数量,5,人民网,新型电力系统,202506
20250606,多能互补,0,人民网,新型电力系统,202506
20250606,碳中和,4,人民网,新型电力系统,202506
20250606,碳达峰,0,人民网,新型电力系统,202506
20250606,柔性输电,0,人民网,新型电力系统,202506
20250606,综合能源,0,人民网,新型电力系统,202506
20250606,氢能,0,人民网,新型电力系统,202506
20250606,电动汽车,0,人民网,新型电力系统,202506
20250606,分布式交易,0,人民网,新型电力系统,202506
20250606,微网,1,人民网,新型电力系统,202506
20250606,新型电力系统,6,人民网,新型电力系统,202506
20250606,储能,18,人民网,新型电力系统,202506
20250606,CCHP,0,人民网,新型电力系统,202506
20250606,燃料电池,0,人民网,新型电力系统,202506
20250606,能源物联网,0,人民网,新型电力系统,202506
20250606,能源大数据,0,人民网,新型电力系统,202506
20250606,电力交易,0,人民网,新型电力系统,202506
20250606,能效,0,人民网,新型电力系统,202506
20250606,节能,3,人民网,新型电力系统,202506
20250606,区块链,0,人民网,新型电力系统,202506
20250606,虚拟电厂,8,人民网,新型电力系统,202506
20250606,能量路由器,0,人民网,新型电力系统,202506
20250606,多能流,0,人民网,新型电力系统,202506
20250606,需求侧,0,人民网,新型电力系统,202506
20250606,抽水蓄能,3,人民网,新型电力系统,202506
20250606,电化学储能,0,人民网,新型电力系统,202506
20250608,新闻数量,3,人民网,新型电力系统,202506
20250608,多能互补,0,人民网,新型电力系统,202506
20250608,碳中和,0,人民网,新型电力系统,202506
20250608,碳达峰,0,人民网,新型电力系统,202506
20250608,柔性输电,0,人民网,新型电力系统,202506
20250608,综合能源,0,人民网,新型电力系统,202506
20250608,氢能,0,人民网,新型电力系统,202506
20250608,电动汽车,0,人民网,新型电力系统,202506
20250608,分布式交易,0,人民网,新型电力系统,202506
20250608,微网,0,人民网,新型电力系统,202506
20250608,新型电力系统,4,人民网,新型电力系统,202506
20250608,储能,1,人民网,新型电力系统,202506
20250608,CCHP,0,人民网,新型电力系统,202506
20250608,燃料电池,0,人民网,新型电力系统,202506
20250608,能源物联网,0,人民网,新型电力系统,202506
20250608,能源大数据,0,人民网,新型电力系统,202506
20250608,电力交易,0,人民网,新型电力系统,202506
20250608,能效,0,人民网,新型电力系统,202506
20250608,节能,0,人民网,新型电力系统,202506
20250608,区块链,0,人民网,新型电力系统,202506
20250608,虚拟电厂,0,人民网,新型电力系统,202506
20250608,能量路由器,0,人民网,新型电力系统,202506
20250608,多能流,0,人民网,新型电力系统,202506
20250608,需求侧,0,人民网,新型电力系统,202506
20250608,抽水蓄能,2,人民网,新型电力系统,202506
20250608,电化学储能,0,人民网,新型电力系统,202506
20250609,新闻数量,4,人民网,新型电力系统,202506
20250609,多能互补,1,人民网,新型电力系统,202506
20250609,碳中和,0,人民网,新型电力系统,202506
20250609,碳达峰,0,人民网,新型电力系统,202506
20250609,柔性输电,0,人民网,新型电力系统,202506
20250609,综合能源,1,人民网,新型电力系统,202506
20250609,氢能,0,人民网,新型电力系统,202506
20250609,电动汽车,0,人民网,新型电力系统,202506
20250609,分布式交易,0,人民网,新型电力系统,202506
20250609,微网,0,人民网,新型电力系统,202506
20250609,新型电力系统,4,人民网,新型电力系统,202506
20250609,储能,7,人民网,新型电力系统,202506
20250609,CCHP,0,人民网,新型电力系统,202506
20250609,燃料电池,0,人民网,新型电力系统,202506
20250609,能源物联网,0,人民网,新型电力系统,202506
20250609,能源大数据,0,人民网,新型电力系统,202506
20250609,电力交易,2,人民网,新型电力系统,202506
20250609,能效,1,人民网,新型电力系统,202506
20250609,节能,3,人民网,新型电力系统,202506
20250609,区块链,0,人民网,新型电力系统,202506
20250609,虚拟电厂,0,人民网,新型电力系统,202506
20250609,能量路由器,0,人民网,新型电力系统,202506
20250609,多能流,0,人民网,新型电力系统,202506
20250609,需求侧,0,人民网,新型电力系统,202506
20250609,抽水蓄能,0,人民网,新型电力系统,202506
20250609,电化学储能,0,人民网,新型电力系统,202506
20250610,新闻数量,2,人民网,新型电力系统,202506
20250610,多能互补,0,人民网,新型电力系统,202506
20250610,碳中和,0,人民网,新型电力系统,202506
20250610,碳达峰,0,人民网,新型电力系统,202506
20250610,柔性输电,0,人民网,新型电力系统,202506
20250610,综合能源,0,人民网,新型电力系统,202506
20250610,氢能,0,人民网,新型电力系统,202506
20250610,电动汽车,0,人民网,新型电力系统,202506
20250610,分布式交易,0,人民网,新型电力系统,202506
20250610,微网,0,人民网,新型电力系统,202506
20250610,新型电力系统,4,人民网,新型电力系统,202506
20250610,储能,27,人民网,新型电力系统,202506
20250610,CCHP,0,人民网,新型电力系统,202506
20250610,燃料电池,0,人民网,新型电力系统,202506
20250610,能源物联网,0,人民网,新型电力系统,202506
20250610,能源大数据,0,人民网,新型电力系统,202506
20250610,电力交易,0,人民网,新型电力系统,202506
20250610,能效,0,人民网,新型电力系统,202506
20250610,节能,1,人民网,新型电力系统,202506
20250610,区块链,1,人民网,新型电力系统,202506
20250610,虚拟电厂,0,人民网,新型电力系统,202506
20250610,能量路由器,0,人民网,新型电力系统,202506
20250610,多能流,0,人民网,新型电力系统,202506
20250610,需求侧,0,人民网,新型电力系统,202506
20250610,抽水蓄能,0,人民网,新型电力系统,202506
20250610,电化学储能,0,人民网,新型电力系统,202506
20250611,新闻数量,5,人民网,新型电力系统,202506
20250611,多能互补,2,人民网,新型电力系统,202506
20250611,碳中和,1,人民网,新型电力系统,202506
20250611,碳达峰,0,人民网,新型电力系统,202506
20250611,柔性输电,0,人民网,新型电力系统,202506
20250611,综合能源,1,人民网,新型电力系统,202506
20250611,氢能,6,人民网,新型电力系统,202506
20250611,电动汽车,0,人民网,新型电力系统,202506
20250611,分布式交易,0,人民网,新型电力系统,202506
20250611,微网,0,人民网,新型电力系统,202506
20250611,新型电力系统,5,人民网,新型电力系统,202506
20250611,储能,12,人民网,新型电力系统,202506
20250611,CCHP,0,人民网,新型电力系统,202506
20250611,燃料电池,1,人民网,新型电力系统,202506
20250611,能源物联网,0,人民网,新型电力系统,202506
20250611,能源大数据,0,人民网,新型电力系统,202506
20250611,电力交易,0,人民网,新型电力系统,202506
20250611,能效,0,人民网,新型电力系统,202506
20250611,节能,1,人民网,新型电力系统,202506
20250611,区块链,1,人民网,新型电力系统,202506
20250611,虚拟电厂,1,人民网,新型电力系统,202506
20250611,能量路由器,0,人民网,新型电力系统,202506
20250611,多能流,0,人民网,新型电力系统,202506
20250611,需求侧,0,人民网,新型电力系统,202506
20250611,抽水蓄能,0,人民网,新型电力系统,202506
20250611,电化学储能,0,人民网,新型电力系统,202506
20250612,新闻数量,3,人民网,新型电力系统,202506
20250612,多能互补,0,人民网,新型电力系统,202506
20250612,碳中和,0,人民网,新型电力系统,202506
20250612,碳达峰,0,人民网,新型电力系统,202506
20250612,柔性输电,0,人民网,新型电力系统,202506
20250612,综合能源,0,人民网,新型电力系统,202506
20250612,氢能,0,人民网,新型电力系统,202506
20250612,电动汽车,1,人民网,新型电力系统,202506
20250612,分布式交易,0,人民网,新型电力系统,202506
20250612,微网,0,人民网,新型电力系统,202506
20250612,新型电力系统,3,人民网,新型电力系统,202506
20250612,储能,0,人民网,新型电力系统,202506
20250612,CCHP,0,人民网,新型电力系统,202506
20250612,燃料电池,0,人民网,新型电力系统,202506
20250612,能源物联网,0,人民网,新型电力系统,202506
20250612,能源大数据,0,人民网,新型电力系统,202506
20250612,电力交易,0,人民网,新型电力系统,202506
20250612,能效,0,人民网,新型电力系统,202506
20250612,节能,1,人民网,新型电力系统,202506
20250612,区块链,0,人民网,新型电力系统,202506
20250612,虚拟电厂,0,人民网,新型电力系统,202506
20250612,能量路由器,0,人民网,新型电力系统,202506
20250612,多能流,0,人民网,新型电力系统,202506
20250612,需求侧,0,人民网,新型电力系统,202506
20250612,抽水蓄能,0,人民网,新型电力系统,202506
20250612,电化学储能,0,人民网,新型电力系统,202506
20250613,新闻数量,4,人民网,新型电力系统,202506
20250613,多能互补,0,人民网,新型电力系统,202506
20250613,碳中和,0,人民网,新型电力系统,202506
20250613,碳达峰,0,人民网,新型电力系统,202506
20250613,柔性输电,0,人民网,新型电力系统,202506
20250613,综合能源,0,人民网,新型电力系统,202506
20250613,氢能,3,人民网,新型电力系统,202506
20250613,电动汽车,0,人民网,新型电力系统,202506
20250613,分布式交易,0,人民网,新型电力系统,202506
20250613,微网,0,人民网,新型电力系统,202506
20250613,新型电力系统,5,人民网,新型电力系统,202506
20250613,储能,5,人民网,新型电力系统,202506
20250613,CCHP,0,人民网,新型电力系统,202506
20250613,燃料电池,0,人民网,新型电力系统,202506
20250613,能源物联网,0,人民网,新型电力系统,202506
20250613,能源大数据,1,人民网,新型电力系统,202506
20250613,电力交易,0,人民网,新型电力系统,202506
20250613,能效,0,人民网,新型电力系统,202506
20250613,节能,2,人民网,新型电力系统,202506
20250613,区块链,0,人民网,新型电力系统,202506
20250613,虚拟电厂,1,人民网,新型电力系统,202506
20250613,能量路由器,0,人民网,新型电力系统,202506
20250613,多能流,0,人民网,新型电力系统,202506
20250613,需求侧,1,人民网,新型电力系统,202506
20250613,抽水蓄能,1,人民网,新型电力系统,202506
20250613,电化学储能,1,人民网,新型电力系统,202506
20250614,新闻数量,1,人民网,新型电力系统,202506
20250614,多能互补,1,人民网,新型电力系统,202506
20250614,碳中和,0,人民网,新型电力系统,202506
20250614,碳达峰,0,人民网,新型电力系统,202506
20250614,柔性输电,0,人民网,新型电力系统,202506
20250614,综合能源,0,人民网,新型电力系统,202506
20250614,氢能,0,人民网,新型电力系统,202506
20250614,电动汽车,0,人民网,新型电力系统,202506
20250614,分布式交易,0,人民网,新型电力系统,202506
20250614,微网,0,人民网,新型电力系统,202506
20250614,新型电力系统,1,人民网,新型电力系统,202506
20250614,储能,9,人民网,新型电力系统,202506
20250614,CCHP,0,人民网,新型电力系统,202506
20250614,燃料电池,0,人民网,新型电力系统,202506
20250614,能源物联网,0,人民网,新型电力系统,202506
20250614,能源大数据,0,人民网,新型电力系统,202506
20250614,电力交易,0,人民网,新型电力系统,202506
20250614,能效,1,人民网,新型电力系统,202506
20250614,节能,1,人民网,新型电力系统,202506
20250614,区块链,0,人民网,新型电力系统,202506
20250614,虚拟电厂,0,人民网,新型电力系统,202506
20250614,能量路由器,0,人民网,新型电力系统,202506
20250614,多能流,0,人民网,新型电力系统,202506
20250614,需求侧,0,人民网,新型电力系统,202506
20250614,抽水蓄能,0,人民网,新型电力系统,202506
20250614,电化学储能,0,人民网,新型电力系统,202506
20250616,新闻数量,5,人民网,新型电力系统,202506
20250616,多能互补,0,人民网,新型电力系统,202506
20250616,碳中和,2,人民网,新型电力系统,202506
20250616,碳达峰,1,人民网,新型电力系统,202506
20250616,柔性输电,0,人民网,新型电力系统,202506
20250616,综合能源,0,人民网,新型电力系统,202506
20250616,氢能,0,人民网,新型电力系统,202506
20250616,电动汽车,0,人民网,新型电力系统,202506
20250616,分布式交易,0,人民网,新型电力系统,202506
20250616,微网,0,人民网,新型电力系统,202506
20250616,新型电力系统,11,人民网,新型电力系统,202506
20250616,储能,26,人民网,新型电力系统,202506
20250616,CCHP,0,人民网,新型电力系统,202506
20250616,燃料电池,0,人民网,新型电力系统,202506
20250616,能源物联网,0,人民网,新型电力系统,202506
20250616,能源大数据,0,人民网,新型电力系统,202506
20250616,电力交易,0,人民网,新型电力系统,202506
20250616,能效,0,人民网,新型电力系统,202506
20250616,节能,0,人民网,新型电力系统,202506
20250616,区块链,0,人民网,新型电力系统,202506
20250616,虚拟电厂,0,人民网,新型电力系统,202506
20250616,能量路由器,0,人民网,新型电力系统,202506
20250616,多能流,0,人民网,新型电力系统,202506
20250616,需求侧,0,人民网,新型电力系统,202506
20250616,抽水蓄能,3,人民网,新型电力系统,202506
20250616,电化学储能,0,人民网,新型电力系统,202506
20250617,新闻数量,3,人民网,新型电力系统,202506
20250617,多能互补,0,人民网,新型电力系统,202506
20250617,碳中和,0,人民网,新型电力系统,202506
20250617,碳达峰,0,人民网,新型电力系统,202506
20250617,柔性输电,0,人民网,新型电力系统,202506
20250617,综合能源,1,人民网,新型电力系统,202506
20250617,氢能,0,人民网,新型电力系统,202506
20250617,电动汽车,0,人民网,新型电力系统,202506
20250617,分布式交易,0,人民网,新型电力系统,202506
20250617,微网,0,人民网,新型电力系统,202506
20250617,新型电力系统,3,人民网,新型电力系统,202506
20250617,储能,0,人民网,新型电力系统,202506
20250617,CCHP,0,人民网,新型电力系统,202506
20250617,燃料电池,0,人民网,新型电力系统,202506
20250617,能源物联网,0,人民网,新型电力系统,202506
20250617,能源大数据,0,人民网,新型电力系统,202506
20250617,电力交易,0,人民网,新型电力系统,202506
20250617,能效,0,人民网,新型电力系统,202506
20250617,节能,0,人民网,新型电力系统,202506
20250617,区块链,0,人民网,新型电力系统,202506
20250617,虚拟电厂,0,人民网,新型电力系统,202506
20250617,能量路由器,0,人民网,新型电力系统,202506
20250617,多能流,0,人民网,新型电力系统,202506
20250617,需求侧,0,人民网,新型电力系统,202506
20250617,抽水蓄能,6,人民网,新型电力系统,202506
20250617,电化学储能,0,人民网,新型电力系统,202506
20250618,新闻数量,1,人民网,新型电力系统,202506
20250618,多能互补,0,人民网,新型电力系统,202506
20250618,碳中和,0,人民网,新型电力系统,202506
20250618,碳达峰,0,人民网,新型电力系统,202506
20250618,柔性输电,0,人民网,新型电力系统,202506
20250618,综合能源,0,人民网,新型电力系统,202506
20250618,氢能,0,人民网,新型电力系统,202506
20250618,电动汽车,0,人民网,新型电力系统,202506
20250618,分布式交易,0,人民网,新型电力系统,202506
20250618,微网,0,人民网,新型电力系统,202506
20250618,新型电力系统,1,人民网,新型电力系统,202506
20250618,储能,0,人民网,新型电力系统,202506
20250618,CCHP,0,人民网,新型电力系统,202506
20250618,燃料电池,0,人民网,新型电力系统,202506
20250618,能源物联网,0,人民网,新型电力系统,202506
20250618,能源大数据,0,人民网,新型电力系统,202506
20250618,电力交易,0,人民网,新型电力系统,202506
20250618,能效,0,人民网,新型电力系统,202506
20250618,节能,0,人民网,新型电力系统,202506
20250618,区块链,0,人民网,新型电力系统,202506
20250618,虚拟电厂,0,人民网,新型电力系统,202506
20250618,能量路由器,0,人民网,新型电力系统,202506
20250618,多能流,0,人民网,新型电力系统,202506
20250618,需求侧,0,人民网,新型电力系统,202506
20250618,抽水蓄能,0,人民网,新型电力系统,202506
20250618,电化学储能,0,人民网,新型电力系统,202506
20250619,新闻数量,1,人民网,新型电力系统,202506
20250619,多能互补,0,人民网,新型电力系统,202506
20250619,碳中和,0,人民网,新型电力系统,202506
20250619,碳达峰,0,人民网,新型电力系统,202506
20250619,柔性输电,0,人民网,新型电力系统,202506
20250619,综合能源,0,人民网,新型电力系统,202506
20250619,氢能,0,人民网,新型电力系统,202506
20250619,电动汽车,0,人民网,新型电力系统,202506
20250619,分布式交易,0,人民网,新型电力系统,202506
20250619,微网,0,人民网,新型电力系统,202506
20250619,新型电力系统,22,人民网,新型电力系统,202506
20250619,储能,1,人民网,新型电力系统,202506
20250619,CCHP,0,人民网,新型电力系统,202506
20250619,燃料电池,0,人民网,新型电力系统,202506
20250619,能源物联网,0,人民网,新型电力系统,202506
20250619,能源大数据,0,人民网,新型电力系统,202506
20250619,电力交易,0,人民网,新型电力系统,202506
20250619,能效,0,人民网,新型电力系统,202506
20250619,节能,0,人民网,新型电力系统,202506
20250619,区块链,0,人民网,新型电力系统,202506
20250619,虚拟电厂,0,人民网,新型电力系统,202506
20250619,能量路由器,0,人民网,新型电力系统,202506
20250619,多能流,0,人民网,新型电力系统,202506
20250619,需求侧,0,人民网,新型电力系统,202506
20250619,抽水蓄能,1,人民网,新型电力系统,202506
20250619,电化学储能,0,人民网,新型电力系统,202506
20250620,新闻数量,18,人民网,新型电力系统,202506
20250620,多能互补,0,人民网,新型电力系统,202506
20250620,碳中和,0,人民网,新型电力系统,202506
20250620,碳达峰,0,人民网,新型电力系统,202506
20250620,柔性输电,0,人民网,新型电力系统,202506
20250620,综合能源,0,人民网,新型电力系统,202506
20250620,氢能,1,人民网,新型电力系统,202506
20250620,电动汽车,12,人民网,新型电力系统,202506
20250620,分布式交易,0,人民网,新型电力系统,202506
20250620,微网,0,人民网,新型电力系统,202506
20250620,新型电力系统,19,人民网,新型电力系统,202506
20250620,储能,34,人民网,新型电力系统,202506
20250620,CCHP,0,人民网,新型电力系统,202506
20250620,燃料电池,0,人民网,新型电力系统,202506
20250620,能源物联网,0,人民网,新型电力系统,202506
20250620,能源大数据,0,人民网,新型电力系统,202506
20250620,电力交易,16,人民网,新型电力系统,202506
20250620,能效,0,人民网,新型电力系统,202506
20250620,节能,10,人民网,新型电力系统,202506
20250620,区块链,0,人民网,新型电力系统,202506
20250620,虚拟电厂,4,人民网,新型电力系统,202506
20250620,能量路由器,0,人民网,新型电力系统,202506
20250620,多能流,0,人民网,新型电力系统,202506
20250620,需求侧,0,人民网,新型电力系统,202506
20250620,抽水蓄能,1,人民网,新型电力系统,202506
20250620,电化学储能,2,人民网,新型电力系统,202506
20250621,新闻数量,2,人民网,新型电力系统,202506
20250621,多能互补,0,人民网,新型电力系统,202506
20250621,碳中和,0,人民网,新型电力系统,202506
20250621,碳达峰,0,人民网,新型电力系统,202506
20250621,柔性输电,0,人民网,新型电力系统,202506
20250621,综合能源,0,人民网,新型电力系统,202506
20250621,氢能,0,人民网,新型电力系统,202506
20250621,电动汽车,0,人民网,新型电力系统,202506
20250621,分布式交易,0,人民网,新型电力系统,202506
20250621,微网,0,人民网,新型电力系统,202506
20250621,新型电力系统,2,人民网,新型电力系统,202506
20250621,储能,0,人民网,新型电力系统,202506
20250621,CCHP,0,人民网,新型电力系统,202506
20250621,燃料电池,0,人民网,新型电力系统,202506
20250621,能源物联网,0,人民网,新型电力系统,202506
20250621,能源大数据,0,人民网,新型电力系统,202506
20250621,电力交易,0,人民网,新型电力系统,202506
20250621,能效,0,人民网,新型电力系统,202506
20250621,节能,0,人民网,新型电力系统,202506
20250621,区块链,0,人民网,新型电力系统,202506
20250621,虚拟电厂,0,人民网,新型电力系统,202506
20250621,能量路由器,0,人民网,新型电力系统,202506
20250621,多能流,0,人民网,新型电力系统,202506
20250621,需求侧,0,人民网,新型电力系统,202506
20250621,抽水蓄能,0,人民网,新型电力系统,202506
20250621,电化学储能,0,人民网,新型电力系统,202506
20250622,新闻数量,4,人民网,新型电力系统,202506
20250622,多能互补,0,人民网,新型电力系统,202506
20250622,碳中和,0,人民网,新型电力系统,202506
20250622,碳达峰,0,人民网,新型电力系统,202506
20250622,柔性输电,0,人民网,新型电力系统,202506
20250622,综合能源,0,人民网,新型电力系统,202506
20250622,氢能,8,人民网,新型电力系统,202506
20250622,电动汽车,0,人民网,新型电力系统,202506
20250622,分布式交易,0,人民网,新型电力系统,202506
20250622,微网,0,人民网,新型电力系统,202506
20250622,新型电力系统,4,人民网,新型电力系统,202506
20250622,储能,41,人民网,新型电力系统,202506
20250622,CCHP,0,人民网,新型电力系统,202506
20250622,燃料电池,1,人民网,新型电力系统,202506
20250622,能源物联网,0,人民网,新型电力系统,202506
20250622,能源大数据,0,人民网,新型电力系统,202506
20250622,电力交易,0,人民网,新型电力系统,202506
20250622,能效,0,人民网,新型电力系统,202506
20250622,节能,1,人民网,新型电力系统,202506
20250622,区块链,0,人民网,新型电力系统,202506
20250622,虚拟电厂,0,人民网,新型电力系统,202506
20250622,能量路由器,0,人民网,新型电力系统,202506
20250622,多能流,0,人民网,新型电力系统,202506
20250622,需求侧,0,人民网,新型电力系统,202506
20250622,抽水蓄能,0,人民网,新型电力系统,202506
20250622,电化学储能,1,人民网,新型电力系统,202506
20250623,新闻数量,1,人民网,新型电力系统,202506
20250623,多能互补,0,人民网,新型电力系统,202506
20250623,碳中和,0,人民网,新型电力系统,202506
20250623,碳达峰,0,人民网,新型电力系统,202506
20250623,柔性输电,0,人民网,新型电力系统,202506
20250623,综合能源,0,人民网,新型电力系统,202506
20250623,氢能,0,人民网,新型电力系统,202506
20250623,电动汽车,0,人民网,新型电力系统,202506
20250623,分布式交易,0,人民网,新型电力系统,202506
20250623,微网,0,人民网,新型电力系统,202506
20250623,新型电力系统,1,人民网,新型电力系统,202506
20250623,储能,33,人民网,新型电力系统,202506
20250623,CCHP,0,人民网,新型电力系统,202506
20250623,燃料电池,0,人民网,新型电力系统,202506
20250623,能源物联网,0,人民网,新型电力系统,202506
20250623,能源大数据,0,人民网,新型电力系统,202506
20250623,电力交易,0,人民网,新型电力系统,202506
20250623,能效,0,人民网,新型电力系统,202506
20250623,节能,4,人民网,新型电力系统,202506
20250623,区块链,0,人民网,新型电力系统,202506
20250623,虚拟电厂,0,人民网,新型电力系统,202506
20250623,能量路由器,0,人民网,新型电力系统,202506
20250623,多能流,0,人民网,新型电力系统,202506
20250623,需求侧,0,人民网,新型电力系统,202506
20250623,抽水蓄能,0,人民网,新型电力系统,202506
20250623,电化学储能,1,人民网,新型电力系统,202506
20250624,新闻数量,3,人民网,新型电力系统,202506
20250624,多能互补,1,人民网,新型电力系统,202506
20250624,碳中和,1,人民网,新型电力系统,202506
20250624,碳达峰,1,人民网,新型电力系统,202506
20250624,柔性输电,0,人民网,新型电力系统,202506
20250624,综合能源,1,人民网,新型电力系统,202506
20250624,氢能,0,人民网,新型电力系统,202506
20250624,电动汽车,0,人民网,新型电力系统,202506
20250624,分布式交易,0,人民网,新型电力系统,202506
20250624,微网,0,人民网,新型电力系统,202506
20250624,新型电力系统,4,人民网,新型电力系统,202506
20250624,储能,9,人民网,新型电力系统,202506
20250624,CCHP,0,人民网,新型电力系统,202506
20250624,燃料电池,0,人民网,新型电力系统,202506
20250624,能源物联网,0,人民网,新型电力系统,202506
20250624,能源大数据,0,人民网,新型电力系统,202506
20250624,电力交易,2,人民网,新型电力系统,202506
20250624,能效,0,人民网,新型电力系统,202506
20250624,节能,1,人民网,新型电力系统,202506
20250624,区块链,0,人民网,新型电力系统,202506
20250624,虚拟电厂,0,人民网,新型电力系统,202506
20250624,能量路由器,0,人民网,新型电力系统,202506
20250624,多能流,0,人民网,新型电力系统,202506
20250624,需求侧,0,人民网,新型电力系统,202506
20250624,抽水蓄能,0,人民网,新型电力系统,202506
20250624,电化学储能,2,人民网,新型电力系统,202506
20250625,新闻数量,3,人民网,新型电力系统,202506
20250625,多能互补,0,人民网,新型电力系统,202506
20250625,碳中和,0,人民网,新型电力系统,202506
20250625,碳达峰,0,人民网,新型电力系统,202506
20250625,柔性输电,0,人民网,新型电力系统,202506
20250625,综合能源,0,人民网,新型电力系统,202506
20250625,氢能,0,人民网,新型电力系统,202506
20250625,电动汽车,0,人民网,新型电力系统,202506
20250625,分布式交易,0,人民网,新型电力系统,202506
20250625,微网,0,人民网,新型电力系统,202506
20250625,新型电力系统,3,人民网,新型电力系统,202506
20250625,储能,14,人民网,新型电力系统,202506
20250625,CCHP,0,人民网,新型电力系统,202506
20250625,燃料电池,0,人民网,新型电力系统,202506
20250625,能源物联网,0,人民网,新型电力系统,202506
20250625,能源大数据,0,人民网,新型电力系统,202506
20250625,电力交易,0,人民网,新型电力系统,202506
20250625,能效,0,人民网,新型电力系统,202506
20250625,节能,0,人民网,新型电力系统,202506
20250625,区块链,0,人民网,新型电力系统,202506
20250625,虚拟电厂,0,人民网,新型电力系统,202506
20250625,能量路由器,0,人民网,新型电力系统,202506
20250625,多能流,0,人民网,新型电力系统,202506
20250625,需求侧,0,人民网,新型电力系统,202506
20250625,抽水蓄能,1,人民网,新型电力系统,202506
20250625,电化学储能,0,人民网,新型电力系统,202506
20250626,新闻数量,5,人民网,新型电力系统,202506
20250626,多能互补,1,人民网,新型电力系统,202506
20250626,碳中和,1,人民网,新型电力系统,202506
20250626,碳达峰,1,人民网,新型电力系统,202506
20250626,柔性输电,0,人民网,新型电力系统,202506
20250626,综合能源,0,人民网,新型电力系统,202506
20250626,氢能,2,人民网,新型电力系统,202506
20250626,电动汽车,0,人民网,新型电力系统,202506
20250626,分布式交易,0,人民网,新型电力系统,202506
20250626,微网,0,人民网,新型电力系统,202506
20250626,新型电力系统,6,人民网,新型电力系统,202506
20250626,储能,0,人民网,新型电力系统,202506
20250626,CCHP,0,人民网,新型电力系统,202506
20250626,燃料电池,0,人民网,新型电力系统,202506
20250626,能源物联网,0,人民网,新型电力系统,202506
20250626,能源大数据,0,人民网,新型电力系统,202506
20250626,电力交易,0,人民网,新型电力系统,202506
20250626,能效,1,人民网,新型电力系统,202506
20250626,节能,1,人民网,新型电力系统,202506
20250626,区块链,0,人民网,新型电力系统,202506
20250626,虚拟电厂,0,人民网,新型电力系统,202506
20250626,能量路由器,0,人民网,新型电力系统,202506
20250626,多能流,0,人民网,新型电力系统,202506
20250626,需求侧,0,人民网,新型电力系统,202506
20250626,抽水蓄能,0,人民网,新型电力系统,202506
20250626,电化学储能,0,人民网,新型电力系统,202506
20250627,新闻数量,5,人民网,新型电力系统,202506
20250627,多能互补,0,人民网,新型电力系统,202506
20250627,碳中和,0,人民网,新型电力系统,202506
20250627,碳达峰,0,人民网,新型电力系统,202506
20250627,柔性输电,0,人民网,新型电力系统,202506
20250627,综合能源,0,人民网,新型电力系统,202506
20250627,氢能,1,人民网,新型电力系统,202506
20250627,电动汽车,0,人民网,新型电力系统,202506
20250627,分布式交易,0,人民网,新型电力系统,202506
20250627,微网,0,人民网,新型电力系统,202506
20250627,新型电力系统,5,人民网,新型电力系统,202506
20250627,储能,10,人民网,新型电力系统,202506
20250627,CCHP,0,人民网,新型电力系统,202506
20250627,燃料电池,0,人民网,新型电力系统,202506
20250627,能源物联网,0,人民网,新型电力系统,202506
20250627,能源大数据,1,人民网,新型电力系统,202506
20250627,电力交易,0,人民网,新型电力系统,202506
20250627,能效,0,人民网,新型电力系统,202506
20250627,节能,0,人民网,新型电力系统,202506
20250627,区块链,0,人民网,新型电力系统,202506
20250627,虚拟电厂,0,人民网,新型电力系统,202506
20250627,能量路由器,0,人民网,新型电力系统,202506
20250627,多能流,0,人民网,新型电力系统,202506
20250627,需求侧,0,人民网,新型电力系统,202506
20250627,抽水蓄能,1,人民网,新型电力系统,202506
20250627,电化学储能,0,人民网,新型电力系统,202506
20250628,新闻数量,3,人民网,新型电力系统,202506
20250628,多能互补,0,人民网,新型电力系统,202506
20250628,碳中和,0,人民网,新型电力系统,202506
20250628,碳达峰,0,人民网,新型电力系统,202506
20250628,柔性输电,0,人民网,新型电力系统,202506
20250628,综合能源,0,人民网,新型电力系统,202506
20250628,氢能,0,人民网,新型电力系统,202506
20250628,电动汽车,0,人民网,新型电力系统,202506
20250628,分布式交易,0,人民网,新型电力系统,202506
20250628,微网,0,人民网,新型电力系统,202506
20250628,新型电力系统,3,人民网,新型电力系统,202506
20250628,储能,0,人民网,新型电力系统,202506
20250628,CCHP,0,人民网,新型电力系统,202506
20250628,燃料电池,0,人民网,新型电力系统,202506
20250628,能源物联网,0,人民网,新型电力系统,202506
20250628,能源大数据,0,人民网,新型电力系统,202506
20250628,电力交易,0,人民网,新型电力系统,202506
20250628,能效,0,人民网,新型电力系统,202506
20250628,节能,0,人民网,新型电力系统,202506
20250628,区块链,0,人民网,新型电力系统,202506
20250628,虚拟电厂,0,人民网,新型电力系统,202506
20250628,能量路由器,0,人民网,新型电力系统,202506
20250628,多能流,0,人民网,新型电力系统,202506
20250628,需求侧,0,人民网,新型电力系统,202506
20250628,抽水蓄能,0,人民网,新型电力系统,202506
20250628,电化学储能,0,人民网,新型电力系统,202506
20250629,新闻数量,1,人民网,新型电力系统,202506
20250629,多能互补,0,人民网,新型电力系统,202506
20250629,碳中和,0,人民网,新型电力系统,202506
20250629,碳达峰,0,人民网,新型电力系统,202506
20250629,柔性输电,0,人民网,新型电力系统,202506
20250629,综合能源,0,人民网,新型电力系统,202506
20250629,氢能,1,人民网,新型电力系统,202506
20250629,电动汽车,0,人民网,新型电力系统,202506
20250629,分布式交易,0,人民网,新型电力系统,202506
20250629,微网,0,人民网,新型电力系统,202506
20250629,新型电力系统,1,人民网,新型电力系统,202506
20250629,储能,1,人民网,新型电力系统,202506
20250629,CCHP,0,人民网,新型电力系统,202506
20250629,燃料电池,0,人民网,新型电力系统,202506
20250629,能源物联网,0,人民网,新型电力系统,202506
20250629,能源大数据,0,人民网,新型电力系统,202506
20250629,电力交易,0,人民网,新型电力系统,202506
20250629,能效,0,人民网,新型电力系统,202506
20250629,节能,0,人民网,新型电力系统,202506
20250629,区块链,0,人民网,新型电力系统,202506
20250629,虚拟电厂,0,人民网,新型电力系统,202506
20250629,能量路由器,0,人民网,新型电力系统,202506
20250629,多能流,0,人民网,新型电力系统,202506
20250629,需求侧,0,人民网,新型电力系统,202506
20250629,抽水蓄能,0,人民网,新型电力系统,202506
20250629,电化学储能,0,人民网,新型电力系统,202506
20250630,新闻数量,4,人民网,新型电力系统,202506
20250630,多能互补,0,人民网,新型电力系统,202506
20250630,碳中和,0,人民网,新型电力系统,202506
20250630,碳达峰,0,人民网,新型电力系统,202506
20250630,柔性输电,0,人民网,新型电力系统,202506
20250630,综合能源,0,人民网,新型电力系统,202506
20250630,氢能,0,人民网,新型电力系统,202506
20250630,电动汽车,0,人民网,新型电力系统,202506
20250630,分布式交易,0,人民网,新型电力系统,202506
20250630,微网,0,人民网,新型电力系统,202506
20250630,新型电力系统,9,人民网,新型电力系统,202506
20250630,储能,128,人民网,新型电力系统,202506
20250630,CCHP,0,人民网,新型电力系统,202506
20250630,燃料电池,0,人民网,新型电力系统,202506
20250630,能源物联网,0,人民网,新型电力系统,202506
20250630,能源大数据,0,人民网,新型电力系统,202506
20250630,电力交易,1,人民网,新型电力系统,202506
20250630,能效,0,人民网,新型电力系统,202506
20250630,节能,2,人民网,新型电力系统,202506
20250630,区块链,0,人民网,新型电力系统,202506
20250630,虚拟电厂,1,人民网,新型电力系统,202506
20250630,能量路由器,0,人民网,新型电力系统,202506
20250630,多能流,0,人民网,新型电力系统,202506
20250630,需求侧,0,人民网,新型电力系统,202506
20250630,抽水蓄能,7,人民网,新型电力系统,202506
20250630,电化学储能,3,人民网,新型电力系统,202506
20250701,新闻数量,3,人民网,新型电力系统,202507
20250701,多能互补,0,人民网,新型电力系统,202507
20250701,碳中和,0,人民网,新型电力系统,202507
20250701,碳达峰,0,人民网,新型电力系统,202507
20250701,柔性输电,0,人民网,新型电力系统,202507
20250701,综合能源,0,人民网,新型电力系统,202507
20250701,氢能,0,人民网,新型电力系统,202507
20250701,电动汽车,0,人民网,新型电力系统,202507
20250701,分布式交易,0,人民网,新型电力系统,202507
20250701,微网,0,人民网,新型电力系统,202507
20250701,新型电力系统,5,人民网,新型电力系统,202507
20250701,储能,7,人民网,新型电力系统,202507
20250701,CCHP,0,人民网,新型电力系统,202507
20250701,燃料电池,0,人民网,新型电力系统,202507
20250701,能源物联网,0,人民网,新型电力系统,202507
20250701,能源大数据,0,人民网,新型电力系统,202507
20250701,电力交易,2,人民网,新型电力系统,202507
20250701,能效,0,人民网,新型电力系统,202507
20250701,节能,0,人民网,新型电力系统,202507
20250701,区块链,0,人民网,新型电力系统,202507
20250701,虚拟电厂,0,人民网,新型电力系统,202507
20250701,能量路由器,0,人民网,新型电力系统,202507
20250701,多能流,0,人民网,新型电力系统,202507
20250701,需求侧,0,人民网,新型电力系统,202507
20250701,抽水蓄能,0,人民网,新型电力系统,202507
20250701,电化学储能,0,人民网,新型电力系统,202507
20250702,新闻数量,5,人民网,新型电力系统,202507
20250702,多能互补,1,人民网,新型电力系统,202507
20250702,碳中和,0,人民网,新型电力系统,202507
20250702,碳达峰,2,人民网,新型电力系统,202507
20250702,柔性输电,0,人民网,新型电力系统,202507
20250702,综合能源,0,人民网,新型电力系统,202507
20250702,氢能,0,人民网,新型电力系统,202507
20250702,电动汽车,0,人民网,新型电力系统,202507
20250702,分布式交易,0,人民网,新型电力系统,202507
20250702,微网,0,人民网,新型电力系统,202507
20250702,新型电力系统,13,人民网,新型电力系统,202507
20250702,储能,1,人民网,新型电力系统,202507
20250702,CCHP,0,人民网,新型电力系统,202507
20250702,燃料电池,0,人民网,新型电力系统,202507
20250702,能源物联网,0,人民网,新型电力系统,202507
20250702,能源大数据,0,人民网,新型电力系统,202507
20250702,电力交易,0,人民网,新型电力系统,202507
20250702,能效,0,人民网,新型电力系统,202507
20250702,节能,2,人民网,新型电力系统,202507
20250702,区块链,0,人民网,新型电力系统,202507
20250702,虚拟电厂,0,人民网,新型电力系统,202507
20250702,能量路由器,0,人民网,新型电力系统,202507
20250702,多能流,0,人民网,新型电力系统,202507
20250702,需求侧,0,人民网,新型电力系统,202507
20250702,抽水蓄能,4,人民网,新型电力系统,202507
20250702,电化学储能,0,人民网,新型电力系统,202507
20250703,新闻数量,3,人民网,新型电力系统,202507
20250703,多能互补,0,人民网,新型电力系统,202507
20250703,碳中和,0,人民网,新型电力系统,202507
20250703,碳达峰,0,人民网,新型电力系统,202507
20250703,柔性输电,0,人民网,新型电力系统,202507
20250703,综合能源,0,人民网,新型电力系统,202507
20250703,氢能,0,人民网,新型电力系统,202507
20250703,电动汽车,0,人民网,新型电力系统,202507
20250703,分布式交易,0,人民网,新型电力系统,202507
20250703,微网,0,人民网,新型电力系统,202507
20250703,新型电力系统,6,人民网,新型电力系统,202507
20250703,储能,0,人民网,新型电力系统,202507
20250703,CCHP,0,人民网,新型电力系统,202507
20250703,燃料电池,0,人民网,新型电力系统,202507
20250703,能源物联网,0,人民网,新型电力系统,202507
20250703,能源大数据,0,人民网,新型电力系统,202507
20250703,电力交易,2,人民网,新型电力系统,202507
20250703,能效,0,人民网,新型电力系统,202507
20250703,节能,0,人民网,新型电力系统,202507
20250703,区块链,0,人民网,新型电力系统,202507
20250703,虚拟电厂,0,人民网,新型电力系统,202507
20250703,能量路由器,0,人民网,新型电力系统,202507
20250703,多能流,0,人民网,新型电力系统,202507
20250703,需求侧,0,人民网,新型电力系统,202507
20250703,抽水蓄能,0,人民网,新型电力系统,202507
20250703,电化学储能,0,人民网,新型电力系统,202507
20250704,新闻数量,4,人民网,新型电力系统,202507
20250704,多能互补,0,人民网,新型电力系统,202507
20250704,碳中和,0,人民网,新型电力系统,202507
20250704,碳达峰,0,人民网,新型电力系统,202507
20250704,柔性输电,0,人民网,新型电力系统,202507
20250704,综合能源,0,人民网,新型电力系统,202507
20250704,氢能,0,人民网,新型电力系统,202507
20250704,电动汽车,0,人民网,新型电力系统,202507
20250704,分布式交易,0,人民网,新型电力系统,202507
20250704,微网,0,人民网,新型电力系统,202507
20250704,新型电力系统,5,人民网,新型电力系统,202507
20250704,储能,10,人民网,新型电力系统,202507
20250704,CCHP,0,人民网,新型电力系统,202507
20250704,燃料电池,0,人民网,新型电力系统,202507
20250704,能源物联网,0,人民网,新型电力系统,202507
20250704,能源大数据,0,人民网,新型电力系统,202507
20250704,电力交易,0,人民网,新型电力系统,202507
20250704,能效,0,人民网,新型电力系统,202507
20250704,节能,0,人民网,新型电力系统,202507
20250704,区块链,0,人民网,新型电力系统,202507
20250704,虚拟电厂,0,人民网,新型电力系统,202507
20250704,能量路由器,0,人民网,新型电力系统,202507
20250704,多能流,0,人民网,新型电力系统,202507
20250704,需求侧,0,人民网,新型电力系统,202507
20250704,抽水蓄能,0,人民网,新型电力系统,202507
20250704,电化学储能,1,人民网,新型电力系统,202507
20250707,新闻数量,2,人民网,新型电力系统,202507
20250707,多能互补,0,人民网,新型电力系统,202507
20250707,碳中和,0,人民网,新型电力系统,202507
20250707,碳达峰,0,人民网,新型电力系统,202507
20250707,柔性输电,0,人民网,新型电力系统,202507
20250707,综合能源,0,人民网,新型电力系统,202507
20250707,氢能,0,人民网,新型电力系统,202507
20250707,电动汽车,0,人民网,新型电力系统,202507
20250707,分布式交易,0,人民网,新型电力系统,202507
20250707,微网,0,人民网,新型电力系统,202507
20250707,新型电力系统,5,人民网,新型电力系统,202507
20250707,储能,0,人民网,新型电力系统,202507
20250707,CCHP,0,人民网,新型电力系统,202507
20250707,燃料电池,0,人民网,新型电力系统,202507
20250707,能源物联网,0,人民网,新型电力系统,202507
20250707,能源大数据,0,人民网,新型电力系统,202507
20250707,电力交易,0,人民网,新型电力系统,202507
20250707,能效,0,人民网,新型电力系统,202507
20250707,节能,0,人民网,新型电力系统,202507
20250707,区块链,0,人民网,新型电力系统,202507
20250707,虚拟电厂,0,人民网,新型电力系统,202507
20250707,能量路由器,0,人民网,新型电力系统,202507
20250707,多能流,0,人民网,新型电力系统,202507
20250707,需求侧,0,人民网,新型电力系统,202507
20250707,抽水蓄能,0,人民网,新型电力系统,202507
20250707,电化学储能,0,人民网,新型电力系统,202507
20250708,新闻数量,3,人民网,新型电力系统,202507
20250708,多能互补,0,人民网,新型电力系统,202507
20250708,碳中和,0,人民网,新型电力系统,202507
20250708,碳达峰,0,人民网,新型电力系统,202507
20250708,柔性输电,0,人民网,新型电力系统,202507
20250708,综合能源,0,人民网,新型电力系统,202507
20250708,氢能,0,人民网,新型电力系统,202507
20250708,电动汽车,0,人民网,新型电力系统,202507
20250708,分布式交易,0,人民网,新型电力系统,202507
20250708,微网,0,人民网,新型电力系统,202507
20250708,新型电力系统,3,人民网,新型电力系统,202507
20250708,储能,0,人民网,新型电力系统,202507
20250708,CCHP,0,人民网,新型电力系统,202507
20250708,燃料电池,0,人民网,新型电力系统,202507
20250708,能源物联网,0,人民网,新型电力系统,202507
20250708,能源大数据,0,人民网,新型电力系统,202507
20250708,电力交易,0,人民网,新型电力系统,202507
20250708,能效,0,人民网,新型电力系统,202507
20250708,节能,0,人民网,新型电力系统,202507
20250708,区块链,0,人民网,新型电力系统,202507
20250708,虚拟电厂,0,人民网,新型电力系统,202507
20250708,能量路由器,0,人民网,新型电力系统,202507
20250708,多能流,0,人民网,新型电力系统,202507
20250708,需求侧,1,人民网,新型电力系统,202507
20250708,抽水蓄能,0,人民网,新型电力系统,202507
20250708,电化学储能,0,人民网,新型电力系统,202507
20250709,新闻数量,6,人民网,新型电力系统,202507
20250709,多能互补,0,人民网,新型电力系统,202507
20250709,碳中和,0,人民网,新型电力系统,202507
20250709,碳达峰,0,人民网,新型电力系统,202507
20250709,柔性输电,0,人民网,新型电力系统,202507
20250709,综合能源,0,人民网,新型电力系统,202507
20250709,氢能,0,人民网,新型电力系统,202507
20250709,电动汽车,10,人民网,新型电力系统,202507
20250709,分布式交易,0,人民网,新型电力系统,202507
20250709,微网,0,人民网,新型电力系统,202507
20250709,新型电力系统,6,人民网,新型电力系统,202507
20250709,储能,3,人民网,新型电力系统,202507
20250709,CCHP,0,人民网,新型电力系统,202507
20250709,燃料电池,0,人民网,新型电力系统,202507
20250709,能源物联网,0,人民网,新型电力系统,202507
20250709,能源大数据,0,人民网,新型电力系统,202507
20250709,电力交易,0,人民网,新型电力系统,202507
20250709,能效,0,人民网,新型电力系统,202507
20250709,节能,0,人民网,新型电力系统,202507
20250709,区块链,0,人民网,新型电力系统,202507
20250709,虚拟电厂,0,人民网,新型电力系统,202507
20250709,能量路由器,0,人民网,新型电力系统,202507
20250709,多能流,0,人民网,新型电力系统,202507
20250709,需求侧,0,人民网,新型电力系统,202507
20250709,抽水蓄能,0,人民网,新型电力系统,202507
20250709,电化学储能,0,人民网,新型电力系统,202507
20250710,新闻数量,2,人民网,新型电力系统,202507
20250710,多能互补,1,人民网,新型电力系统,202507
20250710,碳中和,2,人民网,新型电力系统,202507
20250710,碳达峰,1,人民网,新型电力系统,202507
20250710,柔性输电,0,人民网,新型电力系统,202507
20250710,综合能源,0,人民网,新型电力系统,202507
20250710,氢能,0,人民网,新型电力系统,202507
20250710,电动汽车,0,人民网,新型电力系统,202507
20250710,分布式交易,0,人民网,新型电力系统,202507
20250710,微网,0,人民网,新型电力系统,202507
20250710,新型电力系统,2,人民网,新型电力系统,202507
20250710,储能,3,人民网,新型电力系统,202507
20250710,CCHP,0,人民网,新型电力系统,202507
20250710,燃料电池,0,人民网,新型电力系统,202507
20250710,能源物联网,0,人民网,新型电力系统,202507
20250710,能源大数据,0,人民网,新型电力系统,202507
20250710,电力交易,0,人民网,新型电力系统,202507
20250710,能效,0,人民网,新型电力系统,202507
20250710,节能,3,人民网,新型电力系统,202507
20250710,区块链,0,人民网,新型电力系统,202507
20250710,虚拟电厂,0,人民网,新型电力系统,202507
20250710,能量路由器,0,人民网,新型电力系统,202507
20250710,多能流,0,人民网,新型电力系统,202507
20250710,需求侧,0,人民网,新型电力系统,202507
20250710,抽水蓄能,0,人民网,新型电力系统,202507
20250710,电化学储能,0,人民网,新型电力系统,202507
20250711,新闻数量,1,人民网,新型电力系统,202507
20250711,多能互补,0,人民网,新型电力系统,202507
20250711,碳中和,0,人民网,新型电力系统,202507
20250711,碳达峰,0,人民网,新型电力系统,202507
20250711,柔性输电,0,人民网,新型电力系统,202507
20250711,综合能源,0,人民网,新型电力系统,202507
20250711,氢能,0,人民网,新型电力系统,202507
20250711,电动汽车,0,人民网,新型电力系统,202507
20250711,分布式交易,0,人民网,新型电力系统,202507
20250711,微网,0,人民网,新型电力系统,202507
20250711,新型电力系统,2,人民网,新型电力系统,202507
20250711,储能,1,人民网,新型电力系统,202507
20250711,CCHP,0,人民网,新型电力系统,202507
20250711,燃料电池,0,人民网,新型电力系统,202507
20250711,能源物联网,0,人民网,新型电力系统,202507
20250711,能源大数据,0,人民网,新型电力系统,202507
20250711,电力交易,0,人民网,新型电力系统,202507
20250711,能效,0,人民网,新型电力系统,202507
20250711,节能,0,人民网,新型电力系统,202507
20250711,区块链,0,人民网,新型电力系统,202507
20250711,虚拟电厂,1,人民网,新型电力系统,202507
20250711,能量路由器,0,人民网,新型电力系统,202507
20250711,多能流,0,人民网,新型电力系统,202507
20250711,需求侧,0,人民网,新型电力系统,202507
20250711,抽水蓄能,0,人民网,新型电力系统,202507
20250711,电化学储能,0,人民网,新型电力系统,202507
20250712,新闻数量,9,人民网,新型电力系统,202507
20250712,多能互补,0,人民网,新型电力系统,202507
20250712,碳中和,1,人民网,新型电力系统,202507
20250712,碳达峰,2,人民网,新型电力系统,202507
20250712,柔性输电,0,人民网,新型电力系统,202507
20250712,综合能源,0,人民网,新型电力系统,202507
20250712,氢能,0,人民网,新型电力系统,202507
20250712,电动汽车,0,人民网,新型电力系统,202507
20250712,分布式交易,0,人民网,新型电力系统,202507
20250712,微网,0,人民网,新型电力系统,202507
20250712,新型电力系统,9,人民网,新型电力系统,202507
20250712,储能,1,人民网,新型电力系统,202507
20250712,CCHP,0,人民网,新型电力系统,202507
20250712,燃料电池,0,人民网,新型电力系统,202507
20250712,能源物联网,0,人民网,新型电力系统,202507
20250712,能源大数据,0,人民网,新型电力系统,202507
20250712,电力交易,36,人民网,新型电力系统,202507
20250712,能效,0,人民网,新型电力系统,202507
20250712,节能,1,人民网,新型电力系统,202507
20250712,区块链,0,人民网,新型电力系统,202507
20250712,虚拟电厂,0,人民网,新型电力系统,202507
20250712,能量路由器,0,人民网,新型电力系统,202507
20250712,多能流,0,人民网,新型电力系统,202507
20250712,需求侧,0,人民网,新型电力系统,202507
20250712,抽水蓄能,0,人民网,新型电力系统,202507
20250712,电化学储能,0,人民网,新型电力系统,202507
20250713,新闻数量,4,人民网,新型电力系统,202507
20250713,多能互补,0,人民网,新型电力系统,202507
20250713,碳中和,0,人民网,新型电力系统,202507
20250713,碳达峰,0,人民网,新型电力系统,202507
20250713,柔性输电,0,人民网,新型电力系统,202507
20250713,综合能源,0,人民网,新型电力系统,202507
20250713,氢能,1,人民网,新型电力系统,202507
20250713,电动汽车,0,人民网,新型电力系统,202507
20250713,分布式交易,0,人民网,新型电力系统,202507
20250713,微网,0,人民网,新型电力系统,202507
20250713,新型电力系统,5,人民网,新型电力系统,202507
20250713,储能,17,人民网,新型电力系统,202507
20250713,CCHP,0,人民网,新型电力系统,202507
20250713,燃料电池,0,人民网,新型电力系统,202507
20250713,能源物联网,0,人民网,新型电力系统,202507
20250713,能源大数据,0,人民网,新型电力系统,202507
20250713,电力交易,2,人民网,新型电力系统,202507
20250713,能效,0,人民网,新型电力系统,202507
20250713,节能,0,人民网,新型电力系统,202507
20250713,区块链,0,人民网,新型电力系统,202507
20250713,虚拟电厂,0,人民网,新型电力系统,202507
20250713,能量路由器,0,人民网,新型电力系统,202507
20250713,多能流,0,人民网,新型电力系统,202507
20250713,需求侧,0,人民网,新型电力系统,202507
20250713,抽水蓄能,0,人民网,新型电力系统,202507
20250713,电化学储能,1,人民网,新型电力系统,202507
20250714,新闻数量,9,人民网,新型电力系统,202507
20250714,多能互补,0,人民网,新型电力系统,202507
20250714,碳中和,0,人民网,新型电力系统,202507
20250714,碳达峰,0,人民网,新型电力系统,202507
20250714,柔性输电,0,人民网,新型电力系统,202507
20250714,综合能源,0,人民网,新型电力系统,202507
20250714,氢能,0,人民网,新型电力系统,202507
20250714,电动汽车,0,人民网,新型电力系统,202507
20250714,分布式交易,0,人民网,新型电力系统,202507
20250714,微网,0,人民网,新型电力系统,202507
20250714,新型电力系统,15,人民网,新型电力系统,202507
20250714,储能,1,人民网,新型电力系统,202507
20250714,CCHP,0,人民网,新型电力系统,202507
20250714,燃料电池,0,人民网,新型电力系统,202507
20250714,能源物联网,0,人民网,新型电力系统,202507
20250714,能源大数据,0,人民网,新型电力系统,202507
20250714,电力交易,20,人民网,新型电力系统,202507
20250714,能效,0,人民网,新型电力系统,202507
20250714,节能,0,人民网,新型电力系统,202507
20250714,区块链,0,人民网,新型电力系统,202507
20250714,虚拟电厂,0,人民网,新型电力系统,202507
20250714,能量路由器,0,人民网,新型电力系统,202507
20250714,多能流,0,人民网,新型电力系统,202507
20250714,需求侧,1,人民网,新型电力系统,202507
20250714,抽水蓄能,0,人民网,新型电力系统,202507
20250714,电化学储能,0,人民网,新型电力系统,202507
20250715,新闻数量,5,人民网,新型电力系统,202507
20250715,多能互补,0,人民网,新型电力系统,202507
20250715,碳中和,0,人民网,新型电力系统,202507
20250715,碳达峰,0,人民网,新型电力系统,202507
20250715,柔性输电,0,人民网,新型电力系统,202507
20250715,综合能源,0,人民网,新型电力系统,202507
20250715,氢能,0,人民网,新型电力系统,202507
20250715,电动汽车,0,人民网,新型电力系统,202507
20250715,分布式交易,0,人民网,新型电力系统,202507
20250715,微网,0,人民网,新型电力系统,202507
20250715,新型电力系统,7,人民网,新型电力系统,202507
20250715,储能,3,人民网,新型电力系统,202507
20250715,CCHP,0,人民网,新型电力系统,202507
20250715,燃料电池,0,人民网,新型电力系统,202507
20250715,能源物联网,0,人民网,新型电力系统,202507
20250715,能源大数据,0,人民网,新型电力系统,202507
20250715,电力交易,0,人民网,新型电力系统,202507
20250715,能效,0,人民网,新型电力系统,202507
20250715,节能,0,人民网,新型电力系统,202507
20250715,区块链,0,人民网,新型电力系统,202507
20250715,虚拟电厂,0,人民网,新型电力系统,202507
20250715,能量路由器,0,人民网,新型电力系统,202507
20250715,多能流,0,人民网,新型电力系统,202507
20250715,需求侧,0,人民网,新型电力系统,202507
20250715,抽水蓄能,6,人民网,新型电力系统,202507
20250715,电化学储能,0,人民网,新型电力系统,202507
20250717,新闻数量,6,人民网,新型电力系统,202507
20250717,多能互补,0,人民网,新型电力系统,202507
20250717,碳中和,0,人民网,新型电力系统,202507
20250717,碳达峰,0,人民网,新型电力系统,202507
20250717,柔性输电,0,人民网,新型电力系统,202507
20250717,综合能源,0,人民网,新型电力系统,202507
20250717,氢能,0,人民网,新型电力系统,202507
20250717,电动汽车,0,人民网,新型电力系统,202507
20250717,分布式交易,0,人民网,新型电力系统,202507
20250717,微网,0,人民网,新型电力系统,202507
20250717,新型电力系统,6,人民网,新型电力系统,202507
20250717,储能,5,人民网,新型电力系统,202507
20250717,CCHP,0,人民网,新型电力系统,202507
20250717,燃料电池,0,人民网,新型电力系统,202507
20250717,能源物联网,0,人民网,新型电力系统,202507
20250717,能源大数据,0,人民网,新型电力系统,202507
20250717,电力交易,1,人民网,新型电力系统,202507
20250717,能效,1,人民网,新型电力系统,202507
20250717,节能,7,人民网,新型电力系统,202507
20250717,区块链,0,人民网,新型电力系统,202507
20250717,虚拟电厂,6,人民网,新型电力系统,202507
20250717,能量路由器,0,人民网,新型电力系统,202507
20250717,多能流,0,人民网,新型电力系统,202507
20250717,需求侧,2,人民网,新型电力系统,202507
20250717,抽水蓄能,9,人民网,新型电力系统,202507
20250717,电化学储能,0,人民网,新型电力系统,202507
20250718,新闻数量,1,人民网,新型电力系统,202507
20250718,多能互补,0,人民网,新型电力系统,202507
20250718,碳中和,0,人民网,新型电力系统,202507
20250718,碳达峰,0,人民网,新型电力系统,202507
20250718,柔性输电,0,人民网,新型电力系统,202507
20250718,综合能源,0,人民网,新型电力系统,202507
20250718,氢能,0,人民网,新型电力系统,202507
20250718,电动汽车,0,人民网,新型电力系统,202507
20250718,分布式交易,0,人民网,新型电力系统,202507
20250718,微网,0,人民网,新型电力系统,202507
20250718,新型电力系统,1,人民网,新型电力系统,202507
20250718,储能,14,人民网,新型电力系统,202507
20250718,CCHP,0,人民网,新型电力系统,202507
20250718,燃料电池,0,人民网,新型电力系统,202507
20250718,能源物联网,0,人民网,新型电力系统,202507
20250718,能源大数据,0,人民网,新型电力系统,202507
20250718,电力交易,0,人民网,新型电力系统,202507
20250718,能效,0,人民网,新型电力系统,202507
20250718,节能,0,人民网,新型电力系统,202507
20250718,区块链,0,人民网,新型电力系统,202507
20250718,虚拟电厂,0,人民网,新型电力系统,202507
20250718,能量路由器,0,人民网,新型电力系统,202507
20250718,多能流,0,人民网,新型电力系统,202507
20250718,需求侧,0,人民网,新型电力系统,202507
20250718,抽水蓄能,0,人民网,新型电力系统,202507
20250718,电化学储能,0,人民网,新型电力系统,202507
20250719,新闻数量,1,人民网,新型电力系统,202507
20250719,多能互补,0,人民网,新型电力系统,202507
20250719,碳中和,0,人民网,新型电力系统,202507
20250719,碳达峰,0,人民网,新型电力系统,202507
20250719,柔性输电,0,人民网,新型电力系统,202507
20250719,综合能源,0,人民网,新型电力系统,202507
20250719,氢能,0,人民网,新型电力系统,202507
20250719,电动汽车,0,人民网,新型电力系统,202507
20250719,分布式交易,0,人民网,新型电力系统,202507
20250719,微网,0,人民网,新型电力系统,202507
20250719,新型电力系统,1,人民网,新型电力系统,202507
20250719,储能,0,人民网,新型电力系统,202507
20250719,CCHP,0,人民网,新型电力系统,202507
20250719,燃料电池,0,人民网,新型电力系统,202507
20250719,能源物联网,0,人民网,新型电力系统,202507
20250719,能源大数据,0,人民网,新型电力系统,202507
20250719,电力交易,0,人民网,新型电力系统,202507
20250719,能效,0,人民网,新型电力系统,202507
20250719,节能,0,人民网,新型电力系统,202507
20250719,区块链,0,人民网,新型电力系统,202507
20250719,虚拟电厂,0,人民网,新型电力系统,202507
20250719,能量路由器,0,人民网,新型电力系统,202507
20250719,多能流,0,人民网,新型电力系统,202507
20250719,需求侧,0,人民网,新型电力系统,202507
20250719,抽水蓄能,0,人民网,新型电力系统,202507
20250719,电化学储能,0,人民网,新型电力系统,202507
20250721,新闻数量,1,人民网,新型电力系统,202507
20250721,多能互补,0,人民网,新型电力系统,202507
20250721,碳中和,0,人民网,新型电力系统,202507
20250721,碳达峰,0,人民网,新型电力系统,202507
20250721,柔性输电,0,人民网,新型电力系统,202507
20250721,综合能源,0,人民网,新型电力系统,202507
20250721,氢能,0,人民网,新型电力系统,202507
20250721,电动汽车,0,人民网,新型电力系统,202507
20250721,分布式交易,0,人民网,新型电力系统,202507
20250721,微网,0,人民网,新型电力系统,202507
20250721,新型电力系统,2,人民网,新型电力系统,202507
20250721,储能,11,人民网,新型电力系统,202507
20250721,CCHP,0,人民网,新型电力系统,202507
20250721,燃料电池,0,人民网,新型电力系统,202507
20250721,能源物联网,0,人民网,新型电力系统,202507
20250721,能源大数据,0,人民网,新型电力系统,202507
20250721,电力交易,0,人民网,新型电力系统,202507
20250721,能效,0,人民网,新型电力系统,202507
20250721,节能,1,人民网,新型电力系统,202507
20250721,区块链,0,人民网,新型电力系统,202507
20250721,虚拟电厂,0,人民网,新型电力系统,202507
20250721,能量路由器,0,人民网,新型电力系统,202507
20250721,多能流,0,人民网,新型电力系统,202507
20250721,需求侧,0,人民网,新型电力系统,202507
20250721,抽水蓄能,0,人民网,新型电力系统,202507
20250721,电化学储能,0,人民网,新型电力系统,202507
20250722,新闻数量,1,人民网,新型电力系统,202507
20250722,多能互补,0,人民网,新型电力系统,202507
20250722,碳中和,0,人民网,新型电力系统,202507
20250722,碳达峰,0,人民网,新型电力系统,202507
20250722,柔性输电,0,人民网,新型电力系统,202507
20250722,综合能源,0,人民网,新型电力系统,202507
20250722,氢能,0,人民网,新型电力系统,202507
20250722,电动汽车,0,人民网,新型电力系统,202507
20250722,分布式交易,0,人民网,新型电力系统,202507
20250722,微网,0,人民网,新型电力系统,202507
20250722,新型电力系统,1,人民网,新型电力系统,202507
20250722,储能,11,人民网,新型电力系统,202507
20250722,CCHP,0,人民网,新型电力系统,202507
20250722,燃料电池,0,人民网,新型电力系统,202507
20250722,能源物联网,0,人民网,新型电力系统,202507
20250722,能源大数据,0,人民网,新型电力系统,202507
20250722,电力交易,0,人民网,新型电力系统,202507
20250722,能效,0,人民网,新型电力系统,202507
20250722,节能,1,人民网,新型电力系统,202507
20250722,区块链,0,人民网,新型电力系统,202507
20250722,虚拟电厂,0,人民网,新型电力系统,202507
20250722,能量路由器,0,人民网,新型电力系统,202507
20250722,多能流,0,人民网,新型电力系统,202507
20250722,需求侧,0,人民网,新型电力系统,202507
20250722,抽水蓄能,0,人民网,新型电力系统,202507
20250722,电化学储能,0,人民网,新型电力系统,202507
20250723,新闻数量,5,人民网,新型电力系统,202507
20250723,多能互补,2,人民网,新型电力系统,202507
20250723,碳中和,0,人民网,新型电力系统,202507
20250723,碳达峰,0,人民网,新型电力系统,202507
20250723,柔性输电,0,人民网,新型电力系统,202507
20250723,综合能源,1,人民网,新型电力系统,202507
20250723,氢能,0,人民网,新型电力系统,202507
20250723,电动汽车,0,人民网,新型电力系统,202507
20250723,分布式交易,0,人民网,新型电力系统,202507
20250723,微网,0,人民网,新型电力系统,202507
20250723,新型电力系统,7,人民网,新型电力系统,202507
20250723,储能,7,人民网,新型电力系统,202507
20250723,CCHP,0,人民网,新型电力系统,202507
20250723,燃料电池,0,人民网,新型电力系统,202507
20250723,能源物联网,0,人民网,新型电力系统,202507
20250723,能源大数据,0,人民网,新型电力系统,202507
20250723,电力交易,11,人民网,新型电力系统,202507
20250723,能效,0,人民网,新型电力系统,202507
20250723,节能,5,人民网,新型电力系统,202507
20250723,区块链,0,人民网,新型电力系统,202507
20250723,虚拟电厂,0,人民网,新型电力系统,202507
20250723,能量路由器,0,人民网,新型电力系统,202507
20250723,多能流,0,人民网,新型电力系统,202507
20250723,需求侧,0,人民网,新型电力系统,202507
20250723,抽水蓄能,4,人民网,新型电力系统,202507
20250723,电化学储能,0,人民网,新型电力系统,202507
20250724,新闻数量,5,人民网,新型电力系统,202507
20250724,多能互补,0,人民网,新型电力系统,202507
20250724,碳中和,0,人民网,新型电力系统,202507
20250724,碳达峰,0,人民网,新型电力系统,202507
20250724,柔性输电,0,人民网,新型电力系统,202507
20250724,综合能源,0,人民网,新型电力系统,202507
20250724,氢能,0,人民网,新型电力系统,202507
20250724,电动汽车,0,人民网,新型电力系统,202507
20250724,分布式交易,0,人民网,新型电力系统,202507
20250724,微网,0,人民网,新型电力系统,202507
20250724,新型电力系统,7,人民网,新型电力系统,202507
20250724,储能,0,人民网,新型电力系统,202507
20250724,CCHP,0,人民网,新型电力系统,202507
20250724,燃料电池,0,人民网,新型电力系统,202507
20250724,能源物联网,0,人民网,新型电力系统,202507
20250724,能源大数据,1,人民网,新型电力系统,202507
20250724,电力交易,0,人民网,新型电力系统,202507
20250724,能效,0,人民网,新型电力系统,202507
20250724,节能,0,人民网,新型电力系统,202507
20250724,区块链,0,人民网,新型电力系统,202507
20250724,虚拟电厂,0,人民网,新型电力系统,202507
20250724,能量路由器,0,人民网,新型电力系统,202507
20250724,多能流,0,人民网,新型电力系统,202507
20250724,需求侧,0,人民网,新型电力系统,202507
20250724,抽水蓄能,5,人民网,新型电力系统,202507
20250724,电化学储能,0,人民网,新型电力系统,202507
20250725,新闻数量,1,人民网,新型电力系统,202507
20250725,多能互补,0,人民网,新型电力系统,202507
20250725,碳中和,0,人民网,新型电力系统,202507
20250725,碳达峰,0,人民网,新型电力系统,202507
20250725,柔性输电,0,人民网,新型电力系统,202507
20250725,综合能源,0,人民网,新型电力系统,202507
20250725,氢能,0,人民网,新型电力系统,202507
20250725,电动汽车,0,人民网,新型电力系统,202507
20250725,分布式交易,0,人民网,新型电力系统,202507
20250725,微网,0,人民网,新型电力系统,202507
20250725,新型电力系统,1,人民网,新型电力系统,202507
20250725,储能,13,人民网,新型电力系统,202507
20250725,CCHP,0,人民网,新型电力系统,202507
20250725,燃料电池,0,人民网,新型电力系统,202507
20250725,能源物联网,0,人民网,新型电力系统,202507
20250725,能源大数据,0,人民网,新型电力系统,202507
20250725,电力交易,0,人民网,新型电力系统,202507
20250725,能效,0,人民网,新型电力系统,202507
20250725,节能,0,人民网,新型电力系统,202507
20250725,区块链,0,人民网,新型电力系统,202507
20250725,虚拟电厂,5,人民网,新型电力系统,202507
20250725,能量路由器,0,人民网,新型电力系统,202507
20250725,多能流,0,人民网,新型电力系统,202507
20250725,需求侧,1,人民网,新型电力系统,202507
20250725,抽水蓄能,0,人民网,新型电力系统,202507
20250725,电化学储能,1,人民网,新型电力系统,202507
20250727,新闻数量,5,人民网,新型电力系统,202507
20250727,多能互补,5,人民网,新型电力系统,202507
20250727,碳中和,0,人民网,新型电力系统,202507
20250727,碳达峰,0,人民网,新型电力系统,202507
20250727,柔性输电,0,人民网,新型电力系统,202507
20250727,综合能源,0,人民网,新型电力系统,202507
20250727,氢能,5,人民网,新型电力系统,202507
20250727,电动汽车,0,人民网,新型电力系统,202507
20250727,分布式交易,0,人民网,新型电力系统,202507
20250727,微网,0,人民网,新型电力系统,202507
20250727,新型电力系统,5,人民网,新型电力系统,202507
20250727,储能,20,人民网,新型电力系统,202507
20250727,CCHP,0,人民网,新型电力系统,202507
20250727,燃料电池,5,人民网,新型电力系统,202507
20250727,能源物联网,0,人民网,新型电力系统,202507
20250727,能源大数据,0,人民网,新型电力系统,202507
20250727,电力交易,0,人民网,新型电力系统,202507
20250727,能效,0,人民网,新型电力系统,202507
20250727,节能,5,人民网,新型电力系统,202507
20250727,区块链,0,人民网,新型电力系统,202507
20250727,虚拟电厂,0,人民网,新型电力系统,202507
20250727,能量路由器,0,人民网,新型电力系统,202507
20250727,多能流,0,人民网,新型电力系统,202507
20250727,需求侧,0,人民网,新型电力系统,202507
20250727,抽水蓄能,0,人民网,新型电力系统,202507
20250727,电化学储能,0,人民网,新型电力系统,202507
20250728,新闻数量,7,人民网,新型电力系统,202507
20250728,多能互补,0,人民网,新型电力系统,202507
20250728,碳中和,0,人民网,新型电力系统,202507
20250728,碳达峰,0,人民网,新型电力系统,202507
20250728,柔性输电,0,人民网,新型电力系统,202507
20250728,综合能源,0,人民网,新型电力系统,202507
20250728,氢能,2,人民网,新型电力系统,202507
20250728,电动汽车,1,人民网,新型电力系统,202507
20250728,分布式交易,0,人民网,新型电力系统,202507
20250728,微网,1,人民网,新型电力系统,202507
20250728,新型电力系统,15,人民网,新型电力系统,202507
20250728,储能,6,人民网,新型电力系统,202507
20250728,CCHP,0,人民网,新型电力系统,202507
20250728,燃料电池,0,人民网,新型电力系统,202507
20250728,能源物联网,0,人民网,新型电力系统,202507
20250728,能源大数据,0,人民网,新型电力系统,202507
20250728,电力交易,0,人民网,新型电力系统,202507
20250728,能效,0,人民网,新型电力系统,202507
20250728,节能,0,人民网,新型电力系统,202507
20250728,区块链,0,人民网,新型电力系统,202507
20250728,虚拟电厂,0,人民网,新型电力系统,202507
20250728,能量路由器,0,人民网,新型电力系统,202507
20250728,多能流,0,人民网,新型电力系统,202507
20250728,需求侧,1,人民网,新型电力系统,202507
20250728,抽水蓄能,0,人民网,新型电力系统,202507
20250728,电化学储能,0,人民网,新型电力系统,202507
20250729,新闻数量,7,人民网,新型电力系统,202507
20250729,多能互补,0,人民网,新型电力系统,202507
20250729,碳中和,2,人民网,新型电力系统,202507
20250729,碳达峰,0,人民网,新型电力系统,202507
20250729,柔性输电,0,人民网,新型电力系统,202507
20250729,综合能源,0,人民网,新型电力系统,202507
20250729,氢能,1,人民网,新型电力系统,202507
20250729,电动汽车,0,人民网,新型电力系统,202507
20250729,分布式交易,0,人民网,新型电力系统,202507
20250729,微网,0,人民网,新型电力系统,202507
20250729,新型电力系统,7,人民网,新型电力系统,202507
20250729,储能,6,人民网,新型电力系统,202507
20250729,CCHP,0,人民网,新型电力系统,202507
20250729,燃料电池,0,人民网,新型电力系统,202507
20250729,能源物联网,0,人民网,新型电力系统,202507
20250729,能源大数据,0,人民网,新型电力系统,202507
20250729,电力交易,0,人民网,新型电力系统,202507
20250729,能效,3,人民网,新型电力系统,202507
20250729,节能,2,人民网,新型电力系统,202507
20250729,区块链,0,人民网,新型电力系统,202507
20250729,虚拟电厂,1,人民网,新型电力系统,202507
20250729,能量路由器,0,人民网,新型电力系统,202507
20250729,多能流,0,人民网,新型电力系统,202507
20250729,需求侧,1,人民网,新型电力系统,202507
20250729,抽水蓄能,0,人民网,新型电力系统,202507
20250729,电化学储能,0,人民网,新型电力系统,202507
20250730,新闻数量,3,人民网,新型电力系统,202507
20250730,多能互补,0,人民网,新型电力系统,202507
20250730,碳中和,0,人民网,新型电力系统,202507
20250730,碳达峰,0,人民网,新型电力系统,202507
20250730,柔性输电,0,人民网,新型电力系统,202507
20250730,综合能源,0,人民网,新型电力系统,202507
20250730,氢能,0,人民网,新型电力系统,202507
20250730,电动汽车,0,人民网,新型电力系统,202507
20250730,分布式交易,0,人民网,新型电力系统,202507
20250730,微网,0,人民网,新型电力系统,202507
20250730,新型电力系统,4,人民网,新型电力系统,202507
20250730,储能,0,人民网,新型电力系统,202507
20250730,CCHP,0,人民网,新型电力系统,202507
20250730,燃料电池,0,人民网,新型电力系统,202507
20250730,能源物联网,0,人民网,新型电力系统,202507
20250730,能源大数据,0,人民网,新型电力系统,202507
20250730,电力交易,0,人民网,新型电力系统,202507
20250730,能效,0,人民网,新型电力系统,202507
20250730,节能,0,人民网,新型电力系统,202507
20250730,区块链,0,人民网,新型电力系统,202507
20250730,虚拟电厂,0,人民网,新型电力系统,202507
20250730,能量路由器,0,人民网,新型电力系统,202507
20250730,多能流,0,人民网,新型电力系统,202507
20250730,需求侧,0,人民网,新型电力系统,202507
20250730,抽水蓄能,0,人民网,新型电力系统,202507
20250730,电化学储能,0,人民网,新型电力系统,202507
20250731,新闻数量,13,人民网,新型电力系统,202507
20250731,多能互补,0,人民网,新型电力系统,202507
20250731,碳中和,13,人民网,新型电力系统,202507
20250731,碳达峰,14,人民网,新型电力系统,202507
20250731,柔性输电,0,人民网,新型电力系统,202507
20250731,综合能源,0,人民网,新型电力系统,202507
20250731,氢能,2,人民网,新型电力系统,202507
20250731,电动汽车,1,人民网,新型电力系统,202507
20250731,分布式交易,0,人民网,新型电力系统,202507
20250731,微网,0,人民网,新型电力系统,202507
20250731,新型电力系统,16,人民网,新型电力系统,202507
20250731,储能,44,人民网,新型电力系统,202507
20250731,CCHP,0,人民网,新型电力系统,202507
20250731,燃料电池,0,人民网,新型电力系统,202507
20250731,能源物联网,0,人民网,新型电力系统,202507
20250731,能源大数据,0,人民网,新型电力系统,202507
20250731,电力交易,0,人民网,新型电力系统,202507
20250731,能效,0,人民网,新型电力系统,202507
20250731,节能,2,人民网,新型电力系统,202507
20250731,区块链,8,人民网,新型电力系统,202507
20250731,虚拟电厂,0,人民网,新型电力系统,202507
20250731,能量路由器,0,人民网,新型电力系统,202507
20250731,多能流,0,人民网,新型电力系统,202507
20250731,需求侧,0,人民网,新型电力系统,202507
20250731,抽水蓄能,2,人民网,新型电力系统,202507
20250731,电化学储能,1,人民网,新型电力系统,202507
20250801,新闻数量,1,人民网,新型电力系统,202508
20250801,多能互补,0,人民网,新型电力系统,202508
20250801,碳中和,0,人民网,新型电力系统,202508
20250801,碳达峰,0,人民网,新型电力系统,202508
20250801,柔性输电,0,人民网,新型电力系统,202508
20250801,综合能源,0,人民网,新型电力系统,202508
20250801,氢能,0,人民网,新型电力系统,202508
20250801,电动汽车,0,人民网,新型电力系统,202508
20250801,分布式交易,0,人民网,新型电力系统,202508
20250801,微网,0,人民网,新型电力系统,202508
20250801,新型电力系统,1,人民网,新型电力系统,202508
20250801,储能,0,人民网,新型电力系统,202508
20250801,CCHP,0,人民网,新型电力系统,202508
20250801,燃料电池,0,人民网,新型电力系统,202508
20250801,能源物联网,0,人民网,新型电力系统,202508
20250801,能源大数据,0,人民网,新型电力系统,202508
20250801,电力交易,0,人民网,新型电力系统,202508
20250801,能效,0,人民网,新型电力系统,202508
20250801,节能,0,人民网,新型电力系统,202508
20250801,区块链,0,人民网,新型电力系统,202508
20250801,虚拟电厂,0,人民网,新型电力系统,202508
20250801,能量路由器,0,人民网,新型电力系统,202508
20250801,多能流,0,人民网,新型电力系统,202508
20250801,需求侧,0,人民网,新型电力系统,202508
20250801,抽水蓄能,0,人民网,新型电力系统,202508
20250801,电化学储能,0,人民网,新型电力系统,202508
20250802,新闻数量,1,人民网,新型电力系统,202508
20250802,多能互补,0,人民网,新型电力系统,202508
20250802,碳中和,0,人民网,新型电力系统,202508
20250802,碳达峰,0,人民网,新型电力系统,202508
20250802,柔性输电,0,人民网,新型电力系统,202508
20250802,综合能源,0,人民网,新型电力系统,202508
20250802,氢能,0,人民网,新型电力系统,202508
20250802,电动汽车,0,人民网,新型电力系统,202508
20250802,分布式交易,0,人民网,新型电力系统,202508
20250802,微网,0,人民网,新型电力系统,202508
20250802,新型电力系统,1,人民网,新型电力系统,202508
20250802,储能,0,人民网,新型电力系统,202508
20250802,CCHP,0,人民网,新型电力系统,202508
20250802,燃料电池,0,人民网,新型电力系统,202508
20250802,能源物联网,0,人民网,新型电力系统,202508
20250802,能源大数据,0,人民网,新型电力系统,202508
20250802,电力交易,0,人民网,新型电力系统,202508
20250802,能效,0,人民网,新型电力系统,202508
20250802,节能,0,人民网,新型电力系统,202508
20250802,区块链,0,人民网,新型电力系统,202508
20250802,虚拟电厂,0,人民网,新型电力系统,202508
20250802,能量路由器,0,人民网,新型电力系统,202508
20250802,多能流,0,人民网,新型电力系统,202508
20250802,需求侧,0,人民网,新型电力系统,202508
20250802,抽水蓄能,0,人民网,新型电力系统,202508
20250802,电化学储能,0,人民网,新型电力系统,202508
20250804,新闻数量,3,人民网,新型电力系统,202508
20250804,多能互补,0,人民网,新型电力系统,202508
20250804,碳中和,0,人民网,新型电力系统,202508
20250804,碳达峰,0,人民网,新型电力系统,202508
20250804,柔性输电,0,人民网,新型电力系统,202508
20250804,综合能源,0,人民网,新型电力系统,202508
20250804,氢能,7,人民网,新型电力系统,202508
20250804,电动汽车,0,人民网,新型电力系统,202508
20250804,分布式交易,0,人民网,新型电力系统,202508
20250804,微网,0,人民网,新型电力系统,202508
20250804,新型电力系统,4,人民网,新型电力系统,202508
20250804,储能,0,人民网,新型电力系统,202508
20250804,CCHP,0,人民网,新型电力系统,202508
20250804,燃料电池,0,人民网,新型电力系统,202508
20250804,能源物联网,0,人民网,新型电力系统,202508
20250804,能源大数据,0,人民网,新型电力系统,202508
20250804,电力交易,0,人民网,新型电力系统,202508
20250804,能效,0,人民网,新型电力系统,202508
20250804,节能,0,人民网,新型电力系统,202508
20250804,区块链,0,人民网,新型电力系统,202508
20250804,虚拟电厂,0,人民网,新型电力系统,202508
20250804,能量路由器,0,人民网,新型电力系统,202508
20250804,多能流,0,人民网,新型电力系统,202508
20250804,需求侧,0,人民网,新型电力系统,202508
20250804,抽水蓄能,0,人民网,新型电力系统,202508
20250804,电化学储能,0,人民网,新型电力系统,202508
20250805,新闻数量,5,人民网,新型电力系统,202508
20250805,多能互补,2,人民网,新型电力系统,202508
20250805,碳中和,0,人民网,新型电力系统,202508
20250805,碳达峰,0,人民网,新型电力系统,202508
20250805,柔性输电,0,人民网,新型电力系统,202508
20250805,综合能源,0,人民网,新型电力系统,202508
20250805,氢能,0,人民网,新型电力系统,202508
20250805,电动汽车,1,人民网,新型电力系统,202508
20250805,分布式交易,0,人民网,新型电力系统,202508
20250805,微网,0,人民网,新型电力系统,202508
20250805,新型电力系统,11,人民网,新型电力系统,202508
20250805,储能,3,人民网,新型电力系统,202508
20250805,CCHP,0,人民网,新型电力系统,202508
20250805,燃料电池,0,人民网,新型电力系统,202508
20250805,能源物联网,0,人民网,新型电力系统,202508
20250805,能源大数据,0,人民网,新型电力系统,202508
20250805,电力交易,0,人民网,新型电力系统,202508
20250805,能效,1,人民网,新型电力系统,202508
20250805,节能,5,人民网,新型电力系统,202508
20250805,区块链,0,人民网,新型电力系统,202508
20250805,虚拟电厂,2,人民网,新型电力系统,202508
20250805,能量路由器,0,人民网,新型电力系统,202508
20250805,多能流,0,人民网,新型电力系统,202508
20250805,需求侧,0,人民网,新型电力系统,202508
20250805,抽水蓄能,4,人民网,新型电力系统,202508
20250805,电化学储能,0,人民网,新型电力系统,202508
20250806,新闻数量,11,人民网,新型电力系统,202508
20250806,多能互补,0,人民网,新型电力系统,202508
20250806,碳中和,0,人民网,新型电力系统,202508
20250806,碳达峰,0,人民网,新型电力系统,202508
20250806,柔性输电,0,人民网,新型电力系统,202508
20250806,综合能源,0,人民网,新型电力系统,202508
20250806,氢能,1,人民网,新型电力系统,202508
20250806,电动汽车,0,人民网,新型电力系统,202508
20250806,分布式交易,0,人民网,新型电力系统,202508
20250806,微网,0,人民网,新型电力系统,202508
20250806,新型电力系统,13,人民网,新型电力系统,202508
20250806,储能,28,人民网,新型电力系统,202508
20250806,CCHP,0,人民网,新型电力系统,202508
20250806,燃料电池,0,人民网,新型电力系统,202508
20250806,能源物联网,0,人民网,新型电力系统,202508
20250806,能源大数据,2,人民网,新型电力系统,202508
20250806,电力交易,1,人民网,新型电力系统,202508
20250806,能效,0,人民网,新型电力系统,202508
20250806,节能,0,人民网,新型电力系统,202508
20250806,区块链,0,人民网,新型电力系统,202508
20250806,虚拟电厂,2,人民网,新型电力系统,202508
20250806,能量路由器,0,人民网,新型电力系统,202508
20250806,多能流,0,人民网,新型电力系统,202508
20250806,需求侧,0,人民网,新型电力系统,202508
20250806,抽水蓄能,10,人民网,新型电力系统,202508
20250806,电化学储能,0,人民网,新型电力系统,202508
20250807,新闻数量,2,人民网,新型电力系统,202508
20250807,多能互补,0,人民网,新型电力系统,202508
20250807,碳中和,0,人民网,新型电力系统,202508
20250807,碳达峰,0,人民网,新型电力系统,202508
20250807,柔性输电,0,人民网,新型电力系统,202508
20250807,综合能源,1,人民网,新型电力系统,202508
20250807,氢能,0,人民网,新型电力系统,202508
20250807,电动汽车,0,人民网,新型电力系统,202508
20250807,分布式交易,0,人民网,新型电力系统,202508
20250807,微网,0,人民网,新型电力系统,202508
20250807,新型电力系统,2,人民网,新型电力系统,202508
20250807,储能,17,人民网,新型电力系统,202508
20250807,CCHP,0,人民网,新型电力系统,202508
20250807,燃料电池,0,人民网,新型电力系统,202508
20250807,能源物联网,0,人民网,新型电力系统,202508
20250807,能源大数据,0,人民网,新型电力系统,202508
20250807,电力交易,0,人民网,新型电力系统,202508
20250807,能效,0,人民网,新型电力系统,202508
20250807,节能,0,人民网,新型电力系统,202508
20250807,区块链,0,人民网,新型电力系统,202508
20250807,虚拟电厂,0,人民网,新型电力系统,202508
20250807,能量路由器,0,人民网,新型电力系统,202508
20250807,多能流,0,人民网,新型电力系统,202508
20250807,需求侧,0,人民网,新型电力系统,202508
20250807,抽水蓄能,0,人民网,新型电力系统,202508
20250807,电化学储能,0,人民网,新型电力系统,202508
20250808,新闻数量,4,人民网,新型电力系统,202508
20250808,多能互补,0,人民网,新型电力系统,202508
20250808,碳中和,1,人民网,新型电力系统,202508
20250808,碳达峰,0,人民网,新型电力系统,202508
20250808,柔性输电,0,人民网,新型电力系统,202508
20250808,综合能源,0,人民网,新型电力系统,202508
20250808,氢能,0,人民网,新型电力系统,202508
20250808,电动汽车,1,人民网,新型电力系统,202508
20250808,分布式交易,0,人民网,新型电力系统,202508
20250808,微网,0,人民网,新型电力系统,202508
20250808,新型电力系统,10,人民网,新型电力系统,202508
20250808,储能,2,人民网,新型电力系统,202508
20250808,CCHP,0,人民网,新型电力系统,202508
20250808,燃料电池,0,人民网,新型电力系统,202508
20250808,能源物联网,0,人民网,新型电力系统,202508
20250808,能源大数据,0,人民网,新型电力系统,202508
20250808,电力交易,0,人民网,新型电力系统,202508
20250808,能效,0,人民网,新型电力系统,202508
20250808,节能,4,人民网,新型电力系统,202508
20250808,区块链,1,人民网,新型电力系统,202508
20250808,虚拟电厂,39,人民网,新型电力系统,202508
20250808,能量路由器,0,人民网,新型电力系统,202508
20250808,多能流,0,人民网,新型电力系统,202508
20250808,需求侧,0,人民网,新型电力系统,202508
20250808,抽水蓄能,0,人民网,新型电力系统,202508
20250808,电化学储能,0,人民网,新型电力系统,202508
20250809,新闻数量,2,人民网,新型电力系统,202508
20250809,多能互补,0,人民网,新型电力系统,202508
20250809,碳中和,0,人民网,新型电力系统,202508
20250809,碳达峰,0,人民网,新型电力系统,202508
20250809,柔性输电,0,人民网,新型电力系统,202508
20250809,综合能源,2,人民网,新型电力系统,202508
20250809,氢能,1,人民网,新型电力系统,202508
20250809,电动汽车,0,人民网,新型电力系统,202508
20250809,分布式交易,0,人民网,新型电力系统,202508
20250809,微网,1,人民网,新型电力系统,202508
20250809,新型电力系统,2,人民网,新型电力系统,202508
20250809,储能,3,人民网,新型电力系统,202508
20250809,CCHP,0,人民网,新型电力系统,202508
20250809,燃料电池,0,人民网,新型电力系统,202508
20250809,能源物联网,0,人民网,新型电力系统,202508
20250809,能源大数据,0,人民网,新型电力系统,202508
20250809,电力交易,0,人民网,新型电力系统,202508
20250809,能效,0,人民网,新型电力系统,202508
20250809,节能,0,人民网,新型电力系统,202508
20250809,区块链,0,人民网,新型电力系统,202508
20250809,虚拟电厂,0,人民网,新型电力系统,202508
20250809,能量路由器,0,人民网,新型电力系统,202508
20250809,多能流,0,人民网,新型电力系统,202508
20250809,需求侧,0,人民网,新型电力系统,202508
20250809,抽水蓄能,0,人民网,新型电力系统,202508
20250809,电化学储能,0,人民网,新型电力系统,202508
20250811,新闻数量,2,人民网,新型电力系统,202508
20250811,多能互补,0,人民网,新型电力系统,202508
20250811,碳中和,0,人民网,新型电力系统,202508
20250811,碳达峰,0,人民网,新型电力系统,202508
20250811,柔性输电,0,人民网,新型电力系统,202508
20250811,综合能源,0,人民网,新型电力系统,202508
20250811,氢能,5,人民网,新型电力系统,202508
20250811,电动汽车,0,人民网,新型电力系统,202508
20250811,分布式交易,0,人民网,新型电力系统,202508
20250811,微网,0,人民网,新型电力系统,202508
20250811,新型电力系统,2,人民网,新型电力系统,202508
20250811,储能,7,人民网,新型电力系统,202508
20250811,CCHP,0,人民网,新型电力系统,202508
20250811,燃料电池,0,人民网,新型电力系统,202508
20250811,能源物联网,0,人民网,新型电力系统,202508
20250811,能源大数据,0,人民网,新型电力系统,202508
20250811,电力交易,0,人民网,新型电力系统,202508
20250811,能效,0,人民网,新型电力系统,202508
20250811,节能,1,人民网,新型电力系统,202508
20250811,区块链,0,人民网,新型电力系统,202508
20250811,虚拟电厂,0,人民网,新型电力系统,202508
20250811,能量路由器,0,人民网,新型电力系统,202508
20250811,多能流,0,人民网,新型电力系统,202508
20250811,需求侧,0,人民网,新型电力系统,202508
20250811,抽水蓄能,0,人民网,新型电力系统,202508
20250811,电化学储能,0,人民网,新型电力系统,202508
20250812,新闻数量,2,人民网,新型电力系统,202508
20250812,多能互补,0,人民网,新型电力系统,202508
20250812,碳中和,1,人民网,新型电力系统,202508
20250812,碳达峰,0,人民网,新型电力系统,202508
20250812,柔性输电,0,人民网,新型电力系统,202508
20250812,综合能源,1,人民网,新型电力系统,202508
20250812,氢能,0,人民网,新型电力系统,202508
20250812,电动汽车,0,人民网,新型电力系统,202508
20250812,分布式交易,0,人民网,新型电力系统,202508
20250812,微网,0,人民网,新型电力系统,202508
20250812,新型电力系统,3,人民网,新型电力系统,202508
20250812,储能,1,人民网,新型电力系统,202508
20250812,CCHP,0,人民网,新型电力系统,202508
20250812,燃料电池,0,人民网,新型电力系统,202508
20250812,能源物联网,0,人民网,新型电力系统,202508
20250812,能源大数据,0,人民网,新型电力系统,202508
20250812,电力交易,1,人民网,新型电力系统,202508
20250812,能效,0,人民网,新型电力系统,202508
20250812,节能,0,人民网,新型电力系统,202508
20250812,区块链,0,人民网,新型电力系统,202508
20250812,虚拟电厂,4,人民网,新型电力系统,202508
20250812,能量路由器,0,人民网,新型电力系统,202508
20250812,多能流,0,人民网,新型电力系统,202508
20250812,需求侧,0,人民网,新型电力系统,202508
20250812,抽水蓄能,0,人民网,新型电力系统,202508
20250812,电化学储能,0,人民网,新型电力系统,202508
20250813,新闻数量,4,人民网,新型电力系统,202508
20250813,多能互补,0,人民网,新型电力系统,202508
20250813,碳中和,0,人民网,新型电力系统,202508
20250813,碳达峰,0,人民网,新型电力系统,202508
20250813,柔性输电,0,人民网,新型电力系统,202508
20250813,综合能源,0,人民网,新型电力系统,202508
20250813,氢能,6,人民网,新型电力系统,202508
20250813,电动汽车,0,人民网,新型电力系统,202508
20250813,分布式交易,0,人民网,新型电力系统,202508
20250813,微网,0,人民网,新型电力系统,202508
20250813,新型电力系统,9,人民网,新型电力系统,202508
20250813,储能,10,人民网,新型电力系统,202508
20250813,CCHP,0,人民网,新型电力系统,202508
20250813,燃料电池,1,人民网,新型电力系统,202508
20250813,能源物联网,0,人民网,新型电力系统,202508
20250813,能源大数据,0,人民网,新型电力系统,202508
20250813,电力交易,1,人民网,新型电力系统,202508
20250813,能效,0,人民网,新型电力系统,202508
20250813,节能,1,人民网,新型电力系统,202508
20250813,区块链,0,人民网,新型电力系统,202508
20250813,虚拟电厂,1,人民网,新型电力系统,202508
20250813,能量路由器,0,人民网,新型电力系统,202508
20250813,多能流,0,人民网,新型电力系统,202508
20250813,需求侧,0,人民网,新型电力系统,202508
20250813,抽水蓄能,5,人民网,新型电力系统,202508
20250813,电化学储能,0,人民网,新型电力系统,202508
20250814,新闻数量,8,人民网,新型电力系统,202508
20250814,多能互补,0,人民网,新型电力系统,202508
20250814,碳中和,1,人民网,新型电力系统,202508
20250814,碳达峰,1,人民网,新型电力系统,202508
20250814,柔性输电,0,人民网,新型电力系统,202508
20250814,综合能源,4,人民网,新型电力系统,202508
20250814,氢能,1,人民网,新型电力系统,202508
20250814,电动汽车,0,人民网,新型电力系统,202508
20250814,分布式交易,0,人民网,新型电力系统,202508
20250814,微网,0,人民网,新型电力系统,202508
20250814,新型电力系统,11,人民网,新型电力系统,202508
20250814,储能,12,人民网,新型电力系统,202508
20250814,CCHP,0,人民网,新型电力系统,202508
20250814,燃料电池,0,人民网,新型电力系统,202508
20250814,能源物联网,0,人民网,新型电力系统,202508
20250814,能源大数据,0,人民网,新型电力系统,202508
20250814,电力交易,1,人民网,新型电力系统,202508
20250814,能效,2,人民网,新型电力系统,202508
20250814,节能,4,人民网,新型电力系统,202508
20250814,区块链,0,人民网,新型电力系统,202508
20250814,虚拟电厂,6,人民网,新型电力系统,202508
20250814,能量路由器,0,人民网,新型电力系统,202508
20250814,多能流,0,人民网,新型电力系统,202508
20250814,需求侧,0,人民网,新型电力系统,202508
20250814,抽水蓄能,0,人民网,新型电力系统,202508
20250814,电化学储能,0,人民网,新型电力系统,202508
20250815,新闻数量,5,人民网,新型电力系统,202508
20250815,多能互补,2,人民网,新型电力系统,202508
20250815,碳中和,0,人民网,新型电力系统,202508
20250815,碳达峰,2,人民网,新型电力系统,202508
20250815,柔性输电,0,人民网,新型电力系统,202508
20250815,综合能源,0,人民网,新型电力系统,202508
20250815,氢能,0,人民网,新型电力系统,202508
20250815,电动汽车,0,人民网,新型电力系统,202508
20250815,分布式交易,0,人民网,新型电力系统,202508
20250815,微网,0,人民网,新型电力系统,202508
20250815,新型电力系统,12,人民网,新型电力系统,202508
20250815,储能,10,人民网,新型电力系统,202508
20250815,CCHP,0,人民网,新型电力系统,202508
20250815,燃料电池,1,人民网,新型电力系统,202508
20250815,能源物联网,0,人民网,新型电力系统,202508
20250815,能源大数据,0,人民网,新型电力系统,202508
20250815,电力交易,0,人民网,新型电力系统,202508
20250815,能效,0,人民网,新型电力系统,202508
20250815,节能,3,人民网,新型电力系统,202508
20250815,区块链,0,人民网,新型电力系统,202508
20250815,虚拟电厂,22,人民网,新型电力系统,202508
20250815,能量路由器,0,人民网,新型电力系统,202508
20250815,多能流,0,人民网,新型电力系统,202508
20250815,需求侧,1,人民网,新型电力系统,202508
20250815,抽水蓄能,4,人民网,新型电力系统,202508
20250815,电化学储能,1,人民网,新型电力系统,202508
20250816,新闻数量,2,人民网,新型电力系统,202508
20250816,多能互补,0,人民网,新型电力系统,202508
20250816,碳中和,2,人民网,新型电力系统,202508
20250816,碳达峰,2,人民网,新型电力系统,202508
20250816,柔性输电,0,人民网,新型电力系统,202508
20250816,综合能源,0,人民网,新型电力系统,202508
20250816,氢能,1,人民网,新型电力系统,202508
20250816,电动汽车,0,人民网,新型电力系统,202508
20250816,分布式交易,0,人民网,新型电力系统,202508
20250816,微网,0,人民网,新型电力系统,202508
20250816,新型电力系统,2,人民网,新型电力系统,202508
20250816,储能,0,人民网,新型电力系统,202508
20250816,CCHP,0,人民网,新型电力系统,202508
20250816,燃料电池,0,人民网,新型电力系统,202508
20250816,能源物联网,0,人民网,新型电力系统,202508
20250816,能源大数据,0,人民网,新型电力系统,202508
20250816,电力交易,0,人民网,新型电力系统,202508
20250816,能效,0,人民网,新型电力系统,202508
20250816,节能,2,人民网,新型电力系统,202508
20250816,区块链,0,人民网,新型电力系统,202508
20250816,虚拟电厂,0,人民网,新型电力系统,202508
20250816,能量路由器,0,人民网,新型电力系统,202508
20250816,多能流,0,人民网,新型电力系统,202508
20250816,需求侧,0,人民网,新型电力系统,202508
20250816,抽水蓄能,0,人民网,新型电力系统,202508
20250816,电化学储能,0,人民网,新型电力系统,202508
20250817,新闻数量,3,人民网,新型电力系统,202508
20250817,多能互补,0,人民网,新型电力系统,202508
20250817,碳中和,0,人民网,新型电力系统,202508
20250817,碳达峰,2,人民网,新型电力系统,202508
20250817,柔性输电,0,人民网,新型电力系统,202508
20250817,综合能源,0,人民网,新型电力系统,202508
20250817,氢能,2,人民网,新型电力系统,202508
20250817,电动汽车,1,人民网,新型电力系统,202508
20250817,分布式交易,0,人民网,新型电力系统,202508
20250817,微网,0,人民网,新型电力系统,202508
20250817,新型电力系统,4,人民网,新型电力系统,202508
20250817,储能,5,人民网,新型电力系统,202508
20250817,CCHP,0,人民网,新型电力系统,202508
20250817,燃料电池,0,人民网,新型电力系统,202508
20250817,能源物联网,0,人民网,新型电力系统,202508
20250817,能源大数据,0,人民网,新型电力系统,202508
20250817,电力交易,0,人民网,新型电力系统,202508
20250817,能效,1,人民网,新型电力系统,202508
20250817,节能,4,人民网,新型电力系统,202508
20250817,区块链,0,人民网,新型电力系统,202508
20250817,虚拟电厂,0,人民网,新型电力系统,202508
20250817,能量路由器,0,人民网,新型电力系统,202508
20250817,多能流,0,人民网,新型电力系统,202508
20250817,需求侧,0,人民网,新型电力系统,202508
20250817,抽水蓄能,3,人民网,新型电力系统,202508
20250817,电化学储能,0,人民网,新型电力系统,202508
20250818,新闻数量,5,人民网,新型电力系统,202508
20250818,多能互补,0,人民网,新型电力系统,202508
20250818,碳中和,5,人民网,新型电力系统,202508
20250818,碳达峰,5,人民网,新型电力系统,202508
20250818,柔性输电,0,人民网,新型电力系统,202508
20250818,综合能源,0,人民网,新型电力系统,202508
20250818,氢能,3,人民网,新型电力系统,202508
20250818,电动汽车,2,人民网,新型电力系统,202508
20250818,分布式交易,0,人民网,新型电力系统,202508
20250818,微网,0,人民网,新型电力系统,202508
20250818,新型电力系统,10,人民网,新型电力系统,202508
20250818,储能,6,人民网,新型电力系统,202508
20250818,CCHP,0,人民网,新型电力系统,202508
20250818,燃料电池,0,人民网,新型电力系统,202508
20250818,能源物联网,0,人民网,新型电力系统,202508
20250818,能源大数据,0,人民网,新型电力系统,202508
20250818,电力交易,0,人民网,新型电力系统,202508
20250818,能效,0,人民网,新型电力系统,202508
20250818,节能,1,人民网,新型电力系统,202508
20250818,区块链,0,人民网,新型电力系统,202508
20250818,虚拟电厂,0,人民网,新型电力系统,202508
20250818,能量路由器,0,人民网,新型电力系统,202508
20250818,多能流,0,人民网,新型电力系统,202508
20250818,需求侧,3,人民网,新型电力系统,202508
20250818,抽水蓄能,0,人民网,新型电力系统,202508
20250818,电化学储能,0,人民网,新型电力系统,202508
20250819,新闻数量,1,人民网,新型电力系统,202508
20250819,多能互补,0,人民网,新型电力系统,202508
20250819,碳中和,0,人民网,新型电力系统,202508
20250819,碳达峰,1,人民网,新型电力系统,202508
20250819,柔性输电,0,人民网,新型电力系统,202508
20250819,综合能源,0,人民网,新型电力系统,202508
20250819,氢能,0,人民网,新型电力系统,202508
20250819,电动汽车,0,人民网,新型电力系统,202508
20250819,分布式交易,0,人民网,新型电力系统,202508
20250819,微网,0,人民网,新型电力系统,202508
20250819,新型电力系统,1,人民网,新型电力系统,202508
20250819,储能,0,人民网,新型电力系统,202508
20250819,CCHP,0,人民网,新型电力系统,202508
20250819,燃料电池,0,人民网,新型电力系统,202508
20250819,能源物联网,0,人民网,新型电力系统,202508
20250819,能源大数据,0,人民网,新型电力系统,202508
20250819,电力交易,0,人民网,新型电力系统,202508
20250819,能效,0,人民网,新型电力系统,202508
20250819,节能,0,人民网,新型电力系统,202508
20250819,区块链,0,人民网,新型电力系统,202508
20250819,虚拟电厂,0,人民网,新型电力系统,202508
20250819,能量路由器,0,人民网,新型电力系统,202508
20250819,多能流,0,人民网,新型电力系统,202508
20250819,需求侧,0,人民网,新型电力系统,202508
20250819,抽水蓄能,0,人民网,新型电力系统,202508
20250819,电化学储能,0,人民网,新型电力系统,202508
20250820,新闻数量,11,人民网,新型电力系统,202508
20250820,多能互补,0,人民网,新型电力系统,202508
20250820,碳中和,9,人民网,新型电力系统,202508
20250820,碳达峰,3,人民网,新型电力系统,202508
20250820,柔性输电,0,人民网,新型电力系统,202508
20250820,综合能源,0,人民网,新型电力系统,202508
20250820,氢能,3,人民网,新型电力系统,202508
20250820,电动汽车,3,人民网,新型电力系统,202508
20250820,分布式交易,0,人民网,新型电力系统,202508
20250820,微网,0,人民网,新型电力系统,202508
20250820,新型电力系统,23,人民网,新型电力系统,202508
20250820,储能,31,人民网,新型电力系统,202508
20250820,CCHP,0,人民网,新型电力系统,202508
20250820,燃料电池,1,人民网,新型电力系统,202508
20250820,能源物联网,0,人民网,新型电力系统,202508
20250820,能源大数据,0,人民网,新型电力系统,202508
20250820,电力交易,0,人民网,新型电力系统,202508
20250820,能效,0,人民网,新型电力系统,202508
20250820,节能,3,人民网,新型电力系统,202508
20250820,区块链,0,人民网,新型电力系统,202508
20250820,虚拟电厂,1,人民网,新型电力系统,202508
20250820,能量路由器,0,人民网,新型电力系统,202508
20250820,多能流,0,人民网,新型电力系统,202508
20250820,需求侧,0,人民网,新型电力系统,202508
20250820,抽水蓄能,0,人民网,新型电力系统,202508
20250820,电化学储能,0,人民网,新型电力系统,202508
20250821,新闻数量,2,人民网,新型电力系统,202508
20250821,多能互补,0,人民网,新型电力系统,202508
20250821,碳中和,0,人民网,新型电力系统,202508
20250821,碳达峰,0,人民网,新型电力系统,202508
20250821,柔性输电,0,人民网,新型电力系统,202508
20250821,综合能源,0,人民网,新型电力系统,202508
20250821,氢能,0,人民网,新型电力系统,202508
20250821,电动汽车,0,人民网,新型电力系统,202508
20250821,分布式交易,0,人民网,新型电力系统,202508
20250821,微网,0,人民网,新型电力系统,202508
20250821,新型电力系统,4,人民网,新型电力系统,202508
20250821,储能,19,人民网,新型电力系统,202508
20250821,CCHP,0,人民网,新型电力系统,202508
20250821,燃料电池,0,人民网,新型电力系统,202508
20250821,能源物联网,0,人民网,新型电力系统,202508
20250821,能源大数据,0,人民网,新型电力系统,202508
20250821,电力交易,0,人民网,新型电力系统,202508
20250821,能效,0,人民网,新型电力系统,202508
20250821,节能,0,人民网,新型电力系统,202508
20250821,区块链,0,人民网,新型电力系统,202508
20250821,虚拟电厂,0,人民网,新型电力系统,202508
20250821,能量路由器,0,人民网,新型电力系统,202508
20250821,多能流,0,人民网,新型电力系统,202508
20250821,需求侧,0,人民网,新型电力系统,202508
20250821,抽水蓄能,0,人民网,新型电力系统,202508
20250821,电化学储能,0,人民网,新型电力系统,202508
20250822,新闻数量,6,人民网,新型电力系统,202508
20250822,多能互补,2,人民网,新型电力系统,202508
20250822,碳中和,0,人民网,新型电力系统,202508
20250822,碳达峰,0,人民网,新型电力系统,202508
20250822,柔性输电,0,人民网,新型电力系统,202508
20250822,综合能源,0,人民网,新型电力系统,202508
20250822,氢能,0,人民网,新型电力系统,202508
20250822,电动汽车,2,人民网,新型电力系统,202508
20250822,分布式交易,0,人民网,新型电力系统,202508
20250822,微网,0,人民网,新型电力系统,202508
20250822,新型电力系统,8,人民网,新型电力系统,202508
20250822,储能,1,人民网,新型电力系统,202508
20250822,CCHP,0,人民网,新型电力系统,202508
20250822,燃料电池,0,人民网,新型电力系统,202508
20250822,能源物联网,0,人民网,新型电力系统,202508
20250822,能源大数据,0,人民网,新型电力系统,202508
20250822,电力交易,0,人民网,新型电力系统,202508
20250822,能效,0,人民网,新型电力系统,202508
20250822,节能,10,人民网,新型电力系统,202508
20250822,区块链,0,人民网,新型电力系统,202508
20250822,虚拟电厂,25,人民网,新型电力系统,202508
20250822,能量路由器,0,人民网,新型电力系统,202508
20250822,多能流,0,人民网,新型电力系统,202508
20250822,需求侧,2,人民网,新型电力系统,202508
20250822,抽水蓄能,9,人民网,新型电力系统,202508
20250822,电化学储能,0,人民网,新型电力系统,202508
20250823,新闻数量,4,人民网,新型电力系统,202508
20250823,多能互补,0,人民网,新型电力系统,202508
20250823,碳中和,0,人民网,新型电力系统,202508
20250823,碳达峰,0,人民网,新型电力系统,202508
20250823,柔性输电,0,人民网,新型电力系统,202508
20250823,综合能源,0,人民网,新型电力系统,202508
20250823,氢能,0,人民网,新型电力系统,202508
20250823,电动汽车,1,人民网,新型电力系统,202508
20250823,分布式交易,0,人民网,新型电力系统,202508
20250823,微网,0,人民网,新型电力系统,202508
20250823,新型电力系统,4,人民网,新型电力系统,202508
20250823,储能,14,人民网,新型电力系统,202508
20250823,CCHP,0,人民网,新型电力系统,202508
20250823,燃料电池,0,人民网,新型电力系统,202508
20250823,能源物联网,0,人民网,新型电力系统,202508
20250823,能源大数据,0,人民网,新型电力系统,202508
20250823,电力交易,0,人民网,新型电力系统,202508
20250823,能效,0,人民网,新型电力系统,202508
20250823,节能,3,人民网,新型电力系统,202508
20250823,区块链,0,人民网,新型电力系统,202508
20250823,虚拟电厂,1,人民网,新型电力系统,202508
20250823,能量路由器,0,人民网,新型电力系统,202508
20250823,多能流,0,人民网,新型电力系统,202508
20250823,需求侧,1,人民网,新型电力系统,202508
20250823,抽水蓄能,9,人民网,新型电力系统,202508
20250823,电化学储能,0,人民网,新型电力系统,202508
20250824,新闻数量,4,人民网,新型电力系统,202508
20250824,多能互补,0,人民网,新型电力系统,202508
20250824,碳中和,1,人民网,新型电力系统,202508
20250824,碳达峰,1,人民网,新型电力系统,202508
20250824,柔性输电,0,人民网,新型电力系统,202508
20250824,综合能源,0,人民网,新型电力系统,202508
20250824,氢能,2,人民网,新型电力系统,202508
20250824,电动汽车,0,人民网,新型电力系统,202508
20250824,分布式交易,0,人民网,新型电力系统,202508
20250824,微网,2,人民网,新型电力系统,202508
20250824,新型电力系统,10,人民网,新型电力系统,202508
20250824,储能,12,人民网,新型电力系统,202508
20250824,CCHP,0,人民网,新型电力系统,202508
20250824,燃料电池,0,人民网,新型电力系统,202508
20250824,能源物联网,0,人民网,新型电力系统,202508
20250824,能源大数据,0,人民网,新型电力系统,202508
20250824,电力交易,0,人民网,新型电力系统,202508
20250824,能效,2,人民网,新型电力系统,202508
20250824,节能,2,人民网,新型电力系统,202508
20250824,区块链,1,人民网,新型电力系统,202508
20250824,虚拟电厂,1,人民网,新型电力系统,202508
20250824,能量路由器,0,人民网,新型电力系统,202508
20250824,多能流,0,人民网,新型电力系统,202508
20250824,需求侧,0,人民网,新型电力系统,202508
20250824,抽水蓄能,0,人民网,新型电力系统,202508
20250824,电化学储能,0,人民网,新型电力系统,202508
20250825,新闻数量,4,人民网,新型电力系统,202508
20250825,多能互补,1,人民网,新型电力系统,202508
20250825,碳中和,0,人民网,新型电力系统,202508
20250825,碳达峰,0,人民网,新型电力系统,202508
20250825,柔性输电,0,人民网,新型电力系统,202508
20250825,综合能源,0,人民网,新型电力系统,202508
20250825,氢能,1,人民网,新型电力系统,202508
20250825,电动汽车,0,人民网,新型电力系统,202508
20250825,分布式交易,0,人民网,新型电力系统,202508
20250825,微网,0,人民网,新型电力系统,202508
20250825,新型电力系统,18,人民网,新型电力系统,202508
20250825,储能,10,人民网,新型电力系统,202508
20250825,CCHP,0,人民网,新型电力系统,202508
20250825,燃料电池,0,人民网,新型电力系统,202508
20250825,能源物联网,0,人民网,新型电力系统,202508
20250825,能源大数据,0,人民网,新型电力系统,202508
20250825,电力交易,0,人民网,新型电力系统,202508
20250825,能效,0,人民网,新型电力系统,202508
20250825,节能,1,人民网,新型电力系统,202508
20250825,区块链,0,人民网,新型电力系统,202508
20250825,虚拟电厂,0,人民网,新型电力系统,202508
20250825,能量路由器,0,人民网,新型电力系统,202508
20250825,多能流,0,人民网,新型电力系统,202508
20250825,需求侧,0,人民网,新型电力系统,202508
20250825,抽水蓄能,1,人民网,新型电力系统,202508
20250825,电化学储能,0,人民网,新型电力系统,202508
20250826,新闻数量,3,人民网,新型电力系统,202508
20250826,多能互补,1,人民网,新型电力系统,202508
20250826,碳中和,5,人民网,新型电力系统,202508
20250826,碳达峰,8,人民网,新型电力系统,202508
20250826,柔性输电,0,人民网,新型电力系统,202508
20250826,综合能源,1,人民网,新型电力系统,202508
20250826,氢能,1,人民网,新型电力系统,202508
20250826,电动汽车,0,人民网,新型电力系统,202508
20250826,分布式交易,0,人民网,新型电力系统,202508
20250826,微网,0,人民网,新型电力系统,202508
20250826,新型电力系统,4,人民网,新型电力系统,202508
20250826,储能,3,人民网,新型电力系统,202508
20250826,CCHP,0,人民网,新型电力系统,202508
20250826,燃料电池,0,人民网,新型电力系统,202508
20250826,能源物联网,0,人民网,新型电力系统,202508
20250826,能源大数据,0,人民网,新型电力系统,202508
20250826,电力交易,0,人民网,新型电力系统,202508
20250826,能效,1,人民网,新型电力系统,202508
20250826,节能,7,人民网,新型电力系统,202508
20250826,区块链,0,人民网,新型电力系统,202508
20250826,虚拟电厂,0,人民网,新型电力系统,202508
20250826,能量路由器,0,人民网,新型电力系统,202508
20250826,多能流,0,人民网,新型电力系统,202508
20250826,需求侧,0,人民网,新型电力系统,202508
20250826,抽水蓄能,3,人民网,新型电力系统,202508
20250826,电化学储能,0,人民网,新型电力系统,202508
20250827,新闻数量,2,人民网,新型电力系统,202508
20250827,多能互补,0,人民网,新型电力系统,202508
20250827,碳中和,2,人民网,新型电力系统,202508
20250827,碳达峰,1,人民网,新型电力系统,202508
20250827,柔性输电,0,人民网,新型电力系统,202508
20250827,综合能源,0,人民网,新型电力系统,202508
20250827,氢能,43,人民网,新型电力系统,202508
20250827,电动汽车,0,人民网,新型电力系统,202508
20250827,分布式交易,0,人民网,新型电力系统,202508
20250827,微网,0,人民网,新型电力系统,202508
20250827,新型电力系统,5,人民网,新型电力系统,202508
20250827,储能,11,人民网,新型电力系统,202508
20250827,CCHP,0,人民网,新型电力系统,202508
20250827,燃料电池,8,人民网,新型电力系统,202508
20250827,能源物联网,0,人民网,新型电力系统,202508
20250827,能源大数据,0,人民网,新型电力系统,202508
20250827,电力交易,0,人民网,新型电力系统,202508
20250827,能效,0,人民网,新型电力系统,202508
20250827,节能,0,人民网,新型电力系统,202508
20250827,区块链,0,人民网,新型电力系统,202508
20250827,虚拟电厂,0,人民网,新型电力系统,202508
20250827,能量路由器,0,人民网,新型电力系统,202508
20250827,多能流,0,人民网,新型电力系统,202508
20250827,需求侧,0,人民网,新型电力系统,202508
20250827,抽水蓄能,0,人民网,新型电力系统,202508
20250827,电化学储能,0,人民网,新型电力系统,202508
20250828,新闻数量,7,人民网,新型电力系统,202508
20250828,多能互补,0,人民网,新型电力系统,202508
20250828,碳中和,0,人民网,新型电力系统,202508
20250828,碳达峰,0,人民网,新型电力系统,202508
20250828,柔性输电,0,人民网,新型电力系统,202508
20250828,综合能源,0,人民网,新型电力系统,202508
20250828,氢能,0,人民网,新型电力系统,202508
20250828,电动汽车,0,人民网,新型电力系统,202508
20250828,分布式交易,0,人民网,新型电力系统,202508
20250828,微网,0,人民网,新型电力系统,202508
20250828,新型电力系统,9,人民网,新型电力系统,202508
20250828,储能,16,人民网,新型电力系统,202508
20250828,CCHP,0,人民网,新型电力系统,202508
20250828,燃料电池,0,人民网,新型电力系统,202508
20250828,能源物联网,0,人民网,新型电力系统,202508
20250828,能源大数据,0,人民网,新型电力系统,202508
20250828,电力交易,0,人民网,新型电力系统,202508
20250828,能效,0,人民网,新型电力系统,202508
20250828,节能,1,人民网,新型电力系统,202508
20250828,区块链,0,人民网,新型电力系统,202508
20250828,虚拟电厂,3,人民网,新型电力系统,202508
20250828,能量路由器,0,人民网,新型电力系统,202508
20250828,多能流,0,人民网,新型电力系统,202508
20250828,需求侧,0,人民网,新型电力系统,202508
20250828,抽水蓄能,0,人民网,新型电力系统,202508
20250828,电化学储能,0,人民网,新型电力系统,202508
20250830,新闻数量,9,人民网,新型电力系统,202508
20250830,多能互补,0,人民网,新型电力系统,202508
20250830,碳中和,0,人民网,新型电力系统,202508
20250830,碳达峰,0,人民网,新型电力系统,202508
20250830,柔性输电,0,人民网,新型电力系统,202508
20250830,综合能源,0,人民网,新型电力系统,202508
20250830,氢能,0,人民网,新型电力系统,202508
20250830,电动汽车,9,人民网,新型电力系统,202508
20250830,分布式交易,0,人民网,新型电力系统,202508
20250830,微网,0,人民网,新型电力系统,202508
20250830,新型电力系统,9,人民网,新型电力系统,202508
20250830,储能,45,人民网,新型电力系统,202508
20250830,CCHP,0,人民网,新型电力系统,202508
20250830,燃料电池,0,人民网,新型电力系统,202508
20250830,能源物联网,0,人民网,新型电力系统,202508
20250830,能源大数据,0,人民网,新型电力系统,202508
20250830,电力交易,9,人民网,新型电力系统,202508
20250830,能效,0,人民网,新型电力系统,202508
20250830,节能,0,人民网,新型电力系统,202508
20250830,区块链,0,人民网,新型电力系统,202508
20250830,虚拟电厂,9,人民网,新型电力系统,202508
20250830,能量路由器,0,人民网,新型电力系统,202508
20250830,多能流,0,人民网,新型电力系统,202508
20250830,需求侧,18,人民网,新型电力系统,202508
20250830,抽水蓄能,9,人民网,新型电力系统,202508
20250830,电化学储能,0,人民网,新型电力系统,202508
20250901,新闻数量,3,人民网,新型电力系统,202509
20250901,多能互补,0,人民网,新型电力系统,202509
20250901,碳中和,0,人民网,新型电力系统,202509
20250901,碳达峰,0,人民网,新型电力系统,202509
20250901,柔性输电,0,人民网,新型电力系统,202509
20250901,综合能源,0,人民网,新型电力系统,202509
20250901,氢能,0,人民网,新型电力系统,202509
20250901,电动汽车,1,人民网,新型电力系统,202509
20250901,分布式交易,0,人民网,新型电力系统,202509
20250901,微网,0,人民网,新型电力系统,202509
20250901,新型电力系统,3,人民网,新型电力系统,202509
20250901,储能,5,人民网,新型电力系统,202509
20250901,CCHP,0,人民网,新型电力系统,202509
20250901,燃料电池,0,人民网,新型电力系统,202509
20250901,能源物联网,0,人民网,新型电力系统,202509
20250901,能源大数据,0,人民网,新型电力系统,202509
20250901,电力交易,1,人民网,新型电力系统,202509
20250901,能效,0,人民网,新型电力系统,202509
20250901,节能,0,人民网,新型电力系统,202509
20250901,区块链,0,人民网,新型电力系统,202509
20250901,虚拟电厂,1,人民网,新型电力系统,202509
20250901,能量路由器,0,人民网,新型电力系统,202509
20250901,多能流,0,人民网,新型电力系统,202509
20250901,需求侧,2,人民网,新型电力系统,202509
20250901,抽水蓄能,1,人民网,新型电力系统,202509
20250901,电化学储能,0,人民网,新型电力系统,202509
20250902,新闻数量,2,人民网,新型电力系统,202509
20250902,多能互补,0,人民网,新型电力系统,202509
20250902,碳中和,0,人民网,新型电力系统,202509
20250902,碳达峰,0,人民网,新型电力系统,202509
20250902,柔性输电,0,人民网,新型电力系统,202509
20250902,综合能源,0,人民网,新型电力系统,202509
20250902,氢能,0,人民网,新型电力系统,202509
20250902,电动汽车,0,人民网,新型电力系统,202509
20250902,分布式交易,0,人民网,新型电力系统,202509
20250902,微网,0,人民网,新型电力系统,202509
20250902,新型电力系统,8,人民网,新型电力系统,202509
20250902,储能,1,人民网,新型电力系统,202509
20250902,CCHP,0,人民网,新型电力系统,202509
20250902,燃料电池,0,人民网,新型电力系统,202509
20250902,能源物联网,0,人民网,新型电力系统,202509
20250902,能源大数据,0,人民网,新型电力系统,202509
20250902,电力交易,0,人民网,新型电力系统,202509
20250902,能效,0,人民网,新型电力系统,202509
20250902,节能,0,人民网,新型电力系统,202509
20250902,区块链,0,人民网,新型电力系统,202509
20250902,虚拟电厂,0,人民网,新型电力系统,202509
20250902,能量路由器,0,人民网,新型电力系统,202509
20250902,多能流,0,人民网,新型电力系统,202509
20250902,需求侧,0,人民网,新型电力系统,202509
20250902,抽水蓄能,0,人民网,新型电力系统,202509
20250902,电化学储能,0,人民网,新型电力系统,202509
20250903,新闻数量,9,人民网,新型电力系统,202509
20250903,多能互补,0,人民网,新型电力系统,202509
20250903,碳中和,0,人民网,新型电力系统,202509
20250903,碳达峰,0,人民网,新型电力系统,202509
20250903,柔性输电,0,人民网,新型电力系统,202509
20250903,综合能源,0,人民网,新型电力系统,202509
20250903,氢能,0,人民网,新型电力系统,202509
20250903,电动汽车,0,人民网,新型电力系统,202509
20250903,分布式交易,0,人民网,新型电力系统,202509
20250903,微网,0,人民网,新型电力系统,202509
20250903,新型电力系统,41,人民网,新型电力系统,202509
20250903,储能,543,人民网,新型电力系统,202509
20250903,CCHP,0,人民网,新型电力系统,202509
20250903,燃料电池,0,人民网,新型电力系统,202509
20250903,能源物联网,0,人民网,新型电力系统,202509
20250903,能源大数据,0,人民网,新型电力系统,202509
20250903,电力交易,0,人民网,新型电力系统,202509
20250903,能效,0,人民网,新型电力系统,202509
20250903,节能,8,人民网,新型电力系统,202509
20250903,区块链,0,人民网,新型电力系统,202509
20250903,虚拟电厂,0,人民网,新型电力系统,202509
20250903,能量路由器,0,人民网,新型电力系统,202509
20250903,多能流,0,人民网,新型电力系统,202509
20250903,需求侧,0,人民网,新型电力系统,202509
20250903,抽水蓄能,0,人民网,新型电力系统,202509
20250903,电化学储能,8,人民网,新型电力系统,202509
20250904,新闻数量,3,人民网,新型电力系统,202509
20250904,多能互补,0,人民网,新型电力系统,202509
20250904,碳中和,0,人民网,新型电力系统,202509
20250904,碳达峰,0,人民网,新型电力系统,202509
20250904,柔性输电,0,人民网,新型电力系统,202509
20250904,综合能源,0,人民网,新型电力系统,202509
20250904,氢能,0,人民网,新型电力系统,202509
20250904,电动汽车,0,人民网,新型电力系统,202509
20250904,分布式交易,0,人民网,新型电力系统,202509
20250904,微网,0,人民网,新型电力系统,202509
20250904,新型电力系统,7,人民网,新型电力系统,202509
20250904,储能,86,人民网,新型电力系统,202509
20250904,CCHP,0,人民网,新型电力系统,202509
20250904,燃料电池,0,人民网,新型电力系统,202509
20250904,能源物联网,0,人民网,新型电力系统,202509
20250904,能源大数据,0,人民网,新型电力系统,202509
20250904,电力交易,0,人民网,新型电力系统,202509
20250904,能效,0,人民网,新型电力系统,202509
20250904,节能,1,人民网,新型电力系统,202509
20250904,区块链,0,人民网,新型电力系统,202509
20250904,虚拟电厂,0,人民网,新型电力系统,202509
20250904,能量路由器,0,人民网,新型电力系统,202509
20250904,多能流,0,人民网,新型电力系统,202509
20250904,需求侧,0,人民网,新型电力系统,202509
20250904,抽水蓄能,0,人民网,新型电力系统,202509
20250904,电化学储能,1,人民网,新型电力系统,202509
20250905,新闻数量,4,人民网,新型电力系统,202509
20250905,多能互补,0,人民网,新型电力系统,202509
20250905,碳中和,0,人民网,新型电力系统,202509
20250905,碳达峰,0,人民网,新型电力系统,202509
20250905,柔性输电,0,人民网,新型电力系统,202509
20250905,综合能源,2,人民网,新型电力系统,202509
20250905,氢能,0,人民网,新型电力系统,202509
20250905,电动汽车,3,人民网,新型电力系统,202509
20250905,分布式交易,0,人民网,新型电力系统,202509
20250905,微网,0,人民网,新型电力系统,202509
20250905,新型电力系统,3,人民网,新型电力系统,202509
20250905,储能,5,人民网,新型电力系统,202509
20250905,CCHP,0,人民网,新型电力系统,202509
20250905,燃料电池,0,人民网,新型电力系统,202509
20250905,能源物联网,0,人民网,新型电力系统,202509
20250905,能源大数据,1,人民网,新型电力系统,202509
20250905,电力交易,0,人民网,新型电力系统,202509
20250905,能效,0,人民网,新型电力系统,202509
20250905,节能,0,人民网,新型电力系统,202509
20250905,区块链,0,人民网,新型电力系统,202509
20250905,虚拟电厂,0,人民网,新型电力系统,202509
20250905,能量路由器,0,人民网,新型电力系统,202509
20250905,多能流,0,人民网,新型电力系统,202509
20250905,需求侧,0,人民网,新型电力系统,202509
20250905,抽水蓄能,0,人民网,新型电力系统,202509
20250905,电化学储能,0,人民网,新型电力系统,202509
20250908,新闻数量,6,人民网,新型电力系统,202509
20250908,多能互补,0,人民网,新型电力系统,202509
20250908,碳中和,0,人民网,新型电力系统,202509
20250908,碳达峰,0,人民网,新型电力系统,202509
20250908,柔性输电,0,人民网,新型电力系统,202509
20250908,综合能源,0,人民网,新型电力系统,202509
20250908,氢能,0,人民网,新型电力系统,202509
20250908,电动汽车,0,人民网,新型电力系统,202509
20250908,分布式交易,0,人民网,新型电力系统,202509
20250908,微网,0,人民网,新型电力系统,202509
20250908,新型电力系统,9,人民网,新型电力系统,202509
20250908,储能,2,人民网,新型电力系统,202509
20250908,CCHP,0,人民网,新型电力系统,202509
20250908,燃料电池,0,人民网,新型电力系统,202509
20250908,能源物联网,0,人民网,新型电力系统,202509
20250908,能源大数据,0,人民网,新型电力系统,202509
20250908,电力交易,0,人民网,新型电力系统,202509
20250908,能效,0,人民网,新型电力系统,202509
20250908,节能,0,人民网,新型电力系统,202509
20250908,区块链,2,人民网,新型电力系统,202509
20250908,虚拟电厂,0,人民网,新型电力系统,202509
20250908,能量路由器,0,人民网,新型电力系统,202509
20250908,多能流,0,人民网,新型电力系统,202509
20250908,需求侧,0,人民网,新型电力系统,202509
20250908,抽水蓄能,0,人民网,新型电力系统,202509
20250908,电化学储能,0,人民网,新型电力系统,202509
20250909,新闻数量,4,人民网,新型电力系统,202509
20250909,多能互补,0,人民网,新型电力系统,202509
20250909,碳中和,0,人民网,新型电力系统,202509
20250909,碳达峰,0,人民网,新型电力系统,202509
20250909,柔性输电,0,人民网,新型电力系统,202509
20250909,综合能源,0,人民网,新型电力系统,202509
20250909,氢能,0,人民网,新型电力系统,202509
20250909,电动汽车,2,人民网,新型电力系统,202509
20250909,分布式交易,0,人民网,新型电力系统,202509
20250909,微网,0,人民网,新型电力系统,202509
20250909,新型电力系统,6,人民网,新型电力系统,202509
20250909,储能,3,人民网,新型电力系统,202509
20250909,CCHP,0,人民网,新型电力系统,202509
20250909,燃料电池,0,人民网,新型电力系统,202509
20250909,能源物联网,0,人民网,新型电力系统,202509
20250909,能源大数据,0,人民网,新型电力系统,202509
20250909,电力交易,0,人民网,新型电力系统,202509
20250909,能效,2,人民网,新型电力系统,202509
20250909,节能,0,人民网,新型电力系统,202509
20250909,区块链,0,人民网,新型电力系统,202509
20250909,虚拟电厂,0,人民网,新型电力系统,202509
20250909,能量路由器,0,人民网,新型电力系统,202509
20250909,多能流,0,人民网,新型电力系统,202509
20250909,需求侧,0,人民网,新型电力系统,202509
20250909,抽水蓄能,0,人民网,新型电力系统,202509
20250909,电化学储能,0,人民网,新型电力系统,202509
20250910,新闻数量,3,人民网,新型电力系统,202509
20250910,多能互补,0,人民网,新型电力系统,202509
20250910,碳中和,0,人民网,新型电力系统,202509
20250910,碳达峰,0,人民网,新型电力系统,202509
20250910,柔性输电,0,人民网,新型电力系统,202509
20250910,综合能源,0,人民网,新型电力系统,202509
20250910,氢能,0,人民网,新型电力系统,202509
20250910,电动汽车,0,人民网,新型电力系统,202509
20250910,分布式交易,0,人民网,新型电力系统,202509
20250910,微网,0,人民网,新型电力系统,202509
20250910,新型电力系统,5,人民网,新型电力系统,202509
20250910,储能,0,人民网,新型电力系统,202509
20250910,CCHP,0,人民网,新型电力系统,202509
20250910,燃料电池,0,人民网,新型电力系统,202509
20250910,能源物联网,0,人民网,新型电力系统,202509
20250910,能源大数据,0,人民网,新型电力系统,202509
20250910,电力交易,0,人民网,新型电力系统,202509
20250910,能效,2,人民网,新型电力系统,202509
20250910,节能,2,人民网,新型电力系统,202509
20250910,区块链,0,人民网,新型电力系统,202509
20250910,虚拟电厂,0,人民网,新型电力系统,202509
20250910,能量路由器,0,人民网,新型电力系统,202509
20250910,多能流,0,人民网,新型电力系统,202509
20250910,需求侧,0,人民网,新型电力系统,202509
20250910,抽水蓄能,1,人民网,新型电力系统,202509
20250910,电化学储能,0,人民网,新型电力系统,202509
20250911,新闻数量,5,人民网,新型电力系统,202509
20250911,多能互补,0,人民网,新型电力系统,202509
20250911,碳中和,8,人民网,新型电力系统,202509
20250911,碳达峰,8,人民网,新型电力系统,202509
20250911,柔性输电,0,人民网,新型电力系统,202509
20250911,综合能源,0,人民网,新型电力系统,202509
20250911,氢能,1,人民网,新型电力系统,202509
20250911,电动汽车,1,人民网,新型电力系统,202509
20250911,分布式交易,0,人民网,新型电力系统,202509
20250911,微网,0,人民网,新型电力系统,202509
20250911,新型电力系统,5,人民网,新型电力系统,202509
20250911,储能,8,人民网,新型电力系统,202509
20250911,CCHP,0,人民网,新型电力系统,202509
20250911,燃料电池,0,人民网,新型电力系统,202509
20250911,能源物联网,0,人民网,新型电力系统,202509
20250911,能源大数据,0,人民网,新型电力系统,202509
20250911,电力交易,9,人民网,新型电力系统,202509
20250911,能效,1,人民网,新型电力系统,202509
20250911,节能,2,人民网,新型电力系统,202509
20250911,区块链,15,人民网,新型电力系统,202509
20250911,虚拟电厂,0,人民网,新型电力系统,202509
20250911,能量路由器,0,人民网,新型电力系统,202509
20250911,多能流,0,人民网,新型电力系统,202509
20250911,需求侧,1,人民网,新型电力系统,202509
20250911,抽水蓄能,0,人民网,新型电力系统,202509
20250911,电化学储能,0,人民网,新型电力系统,202509
20250912,新闻数量,7,人民网,新型电力系统,202509
20250912,多能互补,0,人民网,新型电力系统,202509
20250912,碳中和,0,人民网,新型电力系统,202509
20250912,碳达峰,0,人民网,新型电力系统,202509
20250912,柔性输电,0,人民网,新型电力系统,202509
20250912,综合能源,0,人民网,新型电力系统,202509
20250912,氢能,0,人民网,新型电力系统,202509
20250912,电动汽车,0,人民网,新型电力系统,202509
20250912,分布式交易,0,人民网,新型电力系统,202509
20250912,微网,0,人民网,新型电力系统,202509
20250912,新型电力系统,7,人民网,新型电力系统,202509
20250912,储能,12,人民网,新型电力系统,202509
20250912,CCHP,0,人民网,新型电力系统,202509
20250912,燃料电池,0,人民网,新型电力系统,202509
20250912,能源物联网,0,人民网,新型电力系统,202509
20250912,能源大数据,0,人民网,新型电力系统,202509
20250912,电力交易,0,人民网,新型电力系统,202509
20250912,能效,2,人民网,新型电力系统,202509
20250912,节能,0,人民网,新型电力系统,202509
20250912,区块链,0,人民网,新型电力系统,202509
20250912,虚拟电厂,0,人民网,新型电力系统,202509
20250912,能量路由器,0,人民网,新型电力系统,202509
20250912,多能流,0,人民网,新型电力系统,202509
20250912,需求侧,0,人民网,新型电力系统,202509
20250912,抽水蓄能,2,人民网,新型电力系统,202509
20250912,电化学储能,0,人民网,新型电力系统,202509
20250913,新闻数量,3,人民网,新型电力系统,202509
20250913,多能互补,0,人民网,新型电力系统,202509
20250913,碳中和,0,人民网,新型电力系统,202509
20250913,碳达峰,0,人民网,新型电力系统,202509
20250913,柔性输电,0,人民网,新型电力系统,202509
20250913,综合能源,0,人民网,新型电力系统,202509
20250913,氢能,0,人民网,新型电力系统,202509
20250913,电动汽车,0,人民网,新型电力系统,202509
20250913,分布式交易,0,人民网,新型电力系统,202509
20250913,微网,0,人民网,新型电力系统,202509
20250913,新型电力系统,3,人民网,新型电力系统,202509
20250913,储能,55,人民网,新型电力系统,202509
20250913,CCHP,0,人民网,新型电力系统,202509
20250913,燃料电池,0,人民网,新型电力系统,202509
20250913,能源物联网,0,人民网,新型电力系统,202509
20250913,能源大数据,0,人民网,新型电力系统,202509
20250913,电力交易,0,人民网,新型电力系统,202509
20250913,能效,3,人民网,新型电力系统,202509
20250913,节能,0,人民网,新型电力系统,202509
20250913,区块链,0,人民网,新型电力系统,202509
20250913,虚拟电厂,0,人民网,新型电力系统,202509
20250913,能量路由器,0,人民网,新型电力系统,202509
20250913,多能流,0,人民网,新型电力系统,202509
20250913,需求侧,0,人民网,新型电力系统,202509
20250913,抽水蓄能,0,人民网,新型电力系统,202509
20250913,电化学储能,0,人民网,新型电力系统,202509
20250914,新闻数量,2,人民网,新型电力系统,202509
20250914,多能互补,0,人民网,新型电力系统,202509
20250914,碳中和,0,人民网,新型电力系统,202509
20250914,碳达峰,0,人民网,新型电力系统,202509
20250914,柔性输电,0,人民网,新型电力系统,202509
20250914,综合能源,0,人民网,新型电力系统,202509
20250914,氢能,0,人民网,新型电力系统,202509
20250914,电动汽车,0,人民网,新型电力系统,202509
20250914,分布式交易,0,人民网,新型电力系统,202509
20250914,微网,0,人民网,新型电力系统,202509
20250914,新型电力系统,2,人民网,新型电力系统,202509
20250914,储能,0,人民网,新型电力系统,202509
20250914,CCHP,0,人民网,新型电力系统,202509
20250914,燃料电池,0,人民网,新型电力系统,202509
20250914,能源物联网,0,人民网,新型电力系统,202509
20250914,能源大数据,0,人民网,新型电力系统,202509
20250914,电力交易,0,人民网,新型电力系统,202509
20250914,能效,0,人民网,新型电力系统,202509
20250914,节能,0,人民网,新型电力系统,202509
20250914,区块链,0,人民网,新型电力系统,202509
20250914,虚拟电厂,0,人民网,新型电力系统,202509
20250914,能量路由器,0,人民网,新型电力系统,202509
20250914,多能流,0,人民网,新型电力系统,202509
20250914,需求侧,0,人民网,新型电力系统,202509
20250914,抽水蓄能,0,人民网,新型电力系统,202509
20250914,电化学储能,0,人民网,新型电力系统,202509
20250915,新闻数量,3,人民网,新型电力系统,202509
20250915,多能互补,0,人民网,新型电力系统,202509
20250915,碳中和,0,人民网,新型电力系统,202509
20250915,碳达峰,0,人民网,新型电力系统,202509
20250915,柔性输电,0,人民网,新型电力系统,202509
20250915,综合能源,0,人民网,新型电力系统,202509
20250915,氢能,6,人民网,新型电力系统,202509
20250915,电动汽车,0,人民网,新型电力系统,202509
20250915,分布式交易,0,人民网,新型电力系统,202509
20250915,微网,0,人民网,新型电力系统,202509
20250915,新型电力系统,3,人民网,新型电力系统,202509
20250915,储能,4,人民网,新型电力系统,202509
20250915,CCHP,0,人民网,新型电力系统,202509
20250915,燃料电池,3,人民网,新型电力系统,202509
20250915,能源物联网,0,人民网,新型电力系统,202509
20250915,能源大数据,0,人民网,新型电力系统,202509
20250915,电力交易,0,人民网,新型电力系统,202509
20250915,能效,0,人民网,新型电力系统,202509
20250915,节能,0,人民网,新型电力系统,202509
20250915,区块链,0,人民网,新型电力系统,202509
20250915,虚拟电厂,0,人民网,新型电力系统,202509
20250915,能量路由器,0,人民网,新型电力系统,202509
20250915,多能流,0,人民网,新型电力系统,202509
20250915,需求侧,0,人民网,新型电力系统,202509
20250915,抽水蓄能,0,人民网,新型电力系统,202509
20250915,电化学储能,0,人民网,新型电力系统,202509
20250916,新闻数量,5,人民网,新型电力系统,202509
20250916,多能互补,0,人民网,新型电力系统,202509
20250916,碳中和,0,人民网,新型电力系统,202509
20250916,碳达峰,0,人民网,新型电力系统,202509
20250916,柔性输电,0,人民网,新型电力系统,202509
20250916,综合能源,2,人民网,新型电力系统,202509
20250916,氢能,0,人民网,新型电力系统,202509
20250916,电动汽车,0,人民网,新型电力系统,202509
20250916,分布式交易,0,人民网,新型电力系统,202509
20250916,微网,0,人民网,新型电力系统,202509
20250916,新型电力系统,12,人民网,新型电力系统,202509
20250916,储能,11,人民网,新型电力系统,202509
20250916,CCHP,0,人民网,新型电力系统,202509
20250916,燃料电池,0,人民网,新型电力系统,202509
20250916,能源物联网,0,人民网,新型电力系统,202509
20250916,能源大数据,0,人民网,新型电力系统,202509
20250916,电力交易,2,人民网,新型电力系统,202509
20250916,能效,0,人民网,新型电力系统,202509
20250916,节能,1,人民网,新型电力系统,202509
20250916,区块链,0,人民网,新型电力系统,202509
20250916,虚拟电厂,4,人民网,新型电力系统,202509
20250916,能量路由器,0,人民网,新型电力系统,202509
20250916,多能流,0,人民网,新型电力系统,202509
20250916,需求侧,0,人民网,新型电力系统,202509
20250916,抽水蓄能,1,人民网,新型电力系统,202509
20250916,电化学储能,0,人民网,新型电力系统,202509
20250917,新闻数量,12,人民网,新型电力系统,202509
20250917,多能互补,2,人民网,新型电力系统,202509
20250917,碳中和,5,人民网,新型电力系统,202509
20250917,碳达峰,4,人民网,新型电力系统,202509
20250917,柔性输电,0,人民网,新型电力系统,202509
20250917,综合能源,14,人民网,新型电力系统,202509
20250917,氢能,16,人民网,新型电力系统,202509
20250917,电动汽车,2,人民网,新型电力系统,202509
20250917,分布式交易,0,人民网,新型电力系统,202509
20250917,微网,0,人民网,新型电力系统,202509
20250917,新型电力系统,34,人民网,新型电力系统,202509
20250917,储能,60,人民网,新型电力系统,202509
20250917,CCHP,0,人民网,新型电力系统,202509
20250917,燃料电池,1,人民网,新型电力系统,202509
20250917,能源物联网,0,人民网,新型电力系统,202509
20250917,能源大数据,0,人民网,新型电力系统,202509
20250917,电力交易,0,人民网,新型电力系统,202509
20250917,能效,1,人民网,新型电力系统,202509
20250917,节能,3,人民网,新型电力系统,202509
20250917,区块链,1,人民网,新型电力系统,202509
20250917,虚拟电厂,2,人民网,新型电力系统,202509
20250917,能量路由器,0,人民网,新型电力系统,202509
20250917,多能流,0,人民网,新型电力系统,202509
20250917,需求侧,1,人民网,新型电力系统,202509
20250917,抽水蓄能,5,人民网,新型电力系统,202509
20250917,电化学储能,0,人民网,新型电力系统,202509
20250918,新闻数量,3,人民网,新型电力系统,202509
20250918,多能互补,2,人民网,新型电力系统,202509
20250918,碳中和,0,人民网,新型电力系统,202509
20250918,碳达峰,0,人民网,新型电力系统,202509
20250918,柔性输电,0,人民网,新型电力系统,202509
20250918,综合能源,4,人民网,新型电力系统,202509
20250918,氢能,0,人民网,新型电力系统,202509
20250918,电动汽车,0,人民网,新型电力系统,202509
20250918,分布式交易,0,人民网,新型电力系统,202509
20250918,微网,0,人民网,新型电力系统,202509
20250918,新型电力系统,3,人民网,新型电力系统,202509
20250918,储能,36,人民网,新型电力系统,202509
20250918,CCHP,0,人民网,新型电力系统,202509
20250918,燃料电池,0,人民网,新型电力系统,202509
20250918,能源物联网,0,人民网,新型电力系统,202509
20250918,能源大数据,0,人民网,新型电力系统,202509
20250918,电力交易,0,人民网,新型电力系统,202509
20250918,能效,0,人民网,新型电力系统,202509
20250918,节能,1,人民网,新型电力系统,202509
20250918,区块链,0,人民网,新型电力系统,202509
20250918,虚拟电厂,0,人民网,新型电力系统,202509
20250918,能量路由器,0,人民网,新型电力系统,202509
20250918,多能流,0,人民网,新型电力系统,202509
20250918,需求侧,0,人民网,新型电力系统,202509
20250918,抽水蓄能,1,人民网,新型电力系统,202509
20250918,电化学储能,1,人民网,新型电力系统,202509
20250919,新闻数量,6,人民网,新型电力系统,202509
20250919,多能互补,1,人民网,新型电力系统,202509
20250919,碳中和,0,人民网,新型电力系统,202509
20250919,碳达峰,0,人民网,新型电力系统,202509
20250919,柔性输电,0,人民网,新型电力系统,202509
20250919,综合能源,2,人民网,新型电力系统,202509
20250919,氢能,2,人民网,新型电力系统,202509
20250919,电动汽车,0,人民网,新型电力系统,202509
20250919,分布式交易,0,人民网,新型电力系统,202509
20250919,微网,0,人民网,新型电力系统,202509
20250919,新型电力系统,9,人民网,新型电力系统,202509
20250919,储能,69,人民网,新型电力系统,202509
20250919,CCHP,0,人民网,新型电力系统,202509
20250919,燃料电池,0,人民网,新型电力系统,202509
20250919,能源物联网,0,人民网,新型电力系统,202509
20250919,能源大数据,1,人民网,新型电力系统,202509
20250919,电力交易,0,人民网,新型电力系统,202509
20250919,能效,0,人民网,新型电力系统,202509
20250919,节能,0,人民网,新型电力系统,202509
20250919,区块链,0,人民网,新型电力系统,202509
20250919,虚拟电厂,0,人民网,新型电力系统,202509
20250919,能量路由器,0,人民网,新型电力系统,202509
20250919,多能流,0,人民网,新型电力系统,202509
20250919,需求侧,0,人民网,新型电力系统,202509
20250919,抽水蓄能,0,人民网,新型电力系统,202509
20250919,电化学储能,0,人民网,新型电力系统,202509
20250920,新闻数量,4,人民网,新型电力系统,202509
20250920,多能互补,0,人民网,新型电力系统,202509
20250920,碳中和,2,人民网,新型电力系统,202509
20250920,碳达峰,1,人民网,新型电力系统,202509
20250920,柔性输电,0,人民网,新型电力系统,202509
20250920,综合能源,7,人民网,新型电力系统,202509
20250920,氢能,0,人民网,新型电力系统,202509
20250920,电动汽车,1,人民网,新型电力系统,202509
20250920,分布式交易,0,人民网,新型电力系统,202509
20250920,微网,0,人民网,新型电力系统,202509
20250920,新型电力系统,7,人民网,新型电力系统,202509
20250920,储能,70,人民网,新型电力系统,202509
20250920,CCHP,0,人民网,新型电力系统,202509
20250920,燃料电池,0,人民网,新型电力系统,202509
20250920,能源物联网,0,人民网,新型电力系统,202509
20250920,能源大数据,0,人民网,新型电力系统,202509
20250920,电力交易,0,人民网,新型电力系统,202509
20250920,能效,0,人民网,新型电力系统,202509
20250920,节能,6,人民网,新型电力系统,202509
20250920,区块链,0,人民网,新型电力系统,202509
20250920,虚拟电厂,5,人民网,新型电力系统,202509
20250920,能量路由器,0,人民网,新型电力系统,202509
20250920,多能流,0,人民网,新型电力系统,202509
20250920,需求侧,0,人民网,新型电力系统,202509
20250920,抽水蓄能,1,人民网,新型电力系统,202509
20250920,电化学储能,0,人民网,新型电力系统,202509
20250921,新闻数量,3,人民网,新型电力系统,202509
20250921,多能互补,0,人民网,新型电力系统,202509
20250921,碳中和,1,人民网,新型电力系统,202509
20250921,碳达峰,1,人民网,新型电力系统,202509
20250921,柔性输电,0,人民网,新型电力系统,202509
20250921,综合能源,0,人民网,新型电力系统,202509
20250921,氢能,0,人民网,新型电力系统,202509
20250921,电动汽车,0,人民网,新型电力系统,202509
20250921,分布式交易,0,人民网,新型电力系统,202509
20250921,微网,0,人民网,新型电力系统,202509
20250921,新型电力系统,6,人民网,新型电力系统,202509
20250921,储能,0,人民网,新型电力系统,202509
20250921,CCHP,0,人民网,新型电力系统,202509
20250921,燃料电池,0,人民网,新型电力系统,202509
20250921,能源物联网,0,人民网,新型电力系统,202509
20250921,能源大数据,0,人民网,新型电力系统,202509
20250921,电力交易,0,人民网,新型电力系统,202509
20250921,能效,0,人民网,新型电力系统,202509
20250921,节能,2,人民网,新型电力系统,202509
20250921,区块链,0,人民网,新型电力系统,202509
20250921,虚拟电厂,0,人民网,新型电力系统,202509
20250921,能量路由器,0,人民网,新型电力系统,202509
20250921,多能流,0,人民网,新型电力系统,202509
20250921,需求侧,0,人民网,新型电力系统,202509
20250921,抽水蓄能,0,人民网,新型电力系统,202509
20250921,电化学储能,0,人民网,新型电力系统,202509
20250922,新闻数量,5,人民网,新型电力系统,202509
20250922,多能互补,0,人民网,新型电力系统,202509
20250922,碳中和,0,人民网,新型电力系统,202509
20250922,碳达峰,0,人民网,新型电力系统,202509
20250922,柔性输电,0,人民网,新型电力系统,202509
20250922,综合能源,0,人民网,新型电力系统,202509
20250922,氢能,1,人民网,新型电力系统,202509
20250922,电动汽车,1,人民网,新型电力系统,202509
20250922,分布式交易,0,人民网,新型电力系统,202509
20250922,微网,0,人民网,新型电力系统,202509
20250922,新型电力系统,5,人民网,新型电力系统,202509
20250922,储能,11,人民网,新型电力系统,202509
20250922,CCHP,0,人民网,新型电力系统,202509
20250922,燃料电池,0,人民网,新型电力系统,202509
20250922,能源物联网,0,人民网,新型电力系统,202509
20250922,能源大数据,0,人民网,新型电力系统,202509
20250922,电力交易,0,人民网,新型电力系统,202509
20250922,能效,0,人民网,新型电力系统,202509
20250922,节能,1,人民网,新型电力系统,202509
20250922,区块链,0,人民网,新型电力系统,202509
20250922,虚拟电厂,2,人民网,新型电力系统,202509
20250922,能量路由器,0,人民网,新型电力系统,202509
20250922,多能流,0,人民网,新型电力系统,202509
20250922,需求侧,0,人民网,新型电力系统,202509
20250922,抽水蓄能,3,人民网,新型电力系统,202509
20250922,电化学储能,0,人民网,新型电力系统,202509
20250923,新闻数量,8,人民网,新型电力系统,202509
20250923,多能互补,0,人民网,新型电力系统,202509
20250923,碳中和,1,人民网,新型电力系统,202509
20250923,碳达峰,1,人民网,新型电力系统,202509
20250923,柔性输电,0,人民网,新型电力系统,202509
20250923,综合能源,0,人民网,新型电力系统,202509
20250923,氢能,0,人民网,新型电力系统,202509
20250923,电动汽车,0,人民网,新型电力系统,202509
20250923,分布式交易,0,人民网,新型电力系统,202509
20250923,微网,0,人民网,新型电力系统,202509
20250923,新型电力系统,8,人民网,新型电力系统,202509
20250923,储能,5,人民网,新型电力系统,202509
20250923,CCHP,0,人民网,新型电力系统,202509
20250923,燃料电池,0,人民网,新型电力系统,202509
20250923,能源物联网,0,人民网,新型电力系统,202509
20250923,能源大数据,0,人民网,新型电力系统,202509
20250923,电力交易,0,人民网,新型电力系统,202509
20250923,能效,0,人民网,新型电力系统,202509
20250923,节能,2,人民网,新型电力系统,202509
20250923,区块链,0,人民网,新型电力系统,202509
20250923,虚拟电厂,0,人民网,新型电力系统,202509
20250923,能量路由器,0,人民网,新型电力系统,202509
20250923,多能流,0,人民网,新型电力系统,202509
20250923,需求侧,0,人民网,新型电力系统,202509
20250923,抽水蓄能,0,人民网,新型电力系统,202509
20250923,电化学储能,0,人民网,新型电力系统,202509
20250924,新闻数量,1,人民网,新型电力系统,202509
20250924,多能互补,0,人民网,新型电力系统,202509
20250924,碳中和,0,人民网,新型电力系统,202509
20250924,碳达峰,0,人民网,新型电力系统,202509
20250924,柔性输电,0,人民网,新型电力系统,202509
20250924,综合能源,0,人民网,新型电力系统,202509
20250924,氢能,0,人民网,新型电力系统,202509
20250924,电动汽车,0,人民网,新型电力系统,202509
20250924,分布式交易,0,人民网,新型电力系统,202509
20250924,微网,0,人民网,新型电力系统,202509
20250924,新型电力系统,4,人民网,新型电力系统,202509
20250924,储能,0,人民网,新型电力系统,202509
20250924,CCHP,0,人民网,新型电力系统,202509
20250924,燃料电池,0,人民网,新型电力系统,202509
20250924,能源物联网,0,人民网,新型电力系统,202509
20250924,能源大数据,0,人民网,新型电力系统,202509
20250924,电力交易,0,人民网,新型电力系统,202509
20250924,能效,0,人民网,新型电力系统,202509
20250924,节能,0,人民网,新型电力系统,202509
20250924,区块链,0,人民网,新型电力系统,202509
20250924,虚拟电厂,0,人民网,新型电力系统,202509
20250924,能量路由器,0,人民网,新型电力系统,202509
20250924,多能流,0,人民网,新型电力系统,202509
20250924,需求侧,0,人民网,新型电力系统,202509
20250924,抽水蓄能,0,人民网,新型电力系统,202509
20250924,电化学储能,0,人民网,新型电力系统,202509
20250925,新闻数量,4,人民网,新型电力系统,202509
20250925,多能互补,0,人民网,新型电力系统,202509
20250925,碳中和,0,人民网,新型电力系统,202509
20250925,碳达峰,0,人民网,新型电力系统,202509
20250925,柔性输电,0,人民网,新型电力系统,202509
20250925,综合能源,0,人民网,新型电力系统,202509
20250925,氢能,0,人民网,新型电力系统,202509
20250925,电动汽车,0,人民网,新型电力系统,202509
20250925,分布式交易,0,人民网,新型电力系统,202509
20250925,微网,0,人民网,新型电力系统,202509
20250925,新型电力系统,3,人民网,新型电力系统,202509
20250925,储能,0,人民网,新型电力系统,202509
20250925,CCHP,0,人民网,新型电力系统,202509
20250925,燃料电池,0,人民网,新型电力系统,202509
20250925,能源物联网,0,人民网,新型电力系统,202509
20250925,能源大数据,0,人民网,新型电力系统,202509
20250925,电力交易,0,人民网,新型电力系统,202509
20250925,能效,0,人民网,新型电力系统,202509
20250925,节能,2,人民网,新型电力系统,202509
20250925,区块链,0,人民网,新型电力系统,202509
20250925,虚拟电厂,0,人民网,新型电力系统,202509
20250925,能量路由器,0,人民网,新型电力系统,202509
20250925,多能流,0,人民网,新型电力系统,202509
20250925,需求侧,0,人民网,新型电力系统,202509
20250925,抽水蓄能,6,人民网,新型电力系统,202509
20250925,电化学储能,0,人民网,新型电力系统,202509
20250926,新闻数量,8,人民网,新型电力系统,202509
20250926,多能互补,1,人民网,新型电力系统,202509
20250926,碳中和,0,人民网,新型电力系统,202509
20250926,碳达峰,0,人民网,新型电力系统,202509
20250926,柔性输电,0,人民网,新型电力系统,202509
20250926,综合能源,1,人民网,新型电力系统,202509
20250926,氢能,4,人民网,新型电力系统,202509
20250926,电动汽车,0,人民网,新型电力系统,202509
20250926,分布式交易,0,人民网,新型电力系统,202509
20250926,微网,0,人民网,新型电力系统,202509
20250926,新型电力系统,20,人民网,新型电力系统,202509
20250926,储能,9,人民网,新型电力系统,202509
20250926,CCHP,0,人民网,新型电力系统,202509
20250926,燃料电池,1,人民网,新型电力系统,202509
20250926,能源物联网,0,人民网,新型电力系统,202509
20250926,能源大数据,0,人民网,新型电力系统,202509
20250926,电力交易,0,人民网,新型电力系统,202509
20250926,能效,0,人民网,新型电力系统,202509
20250926,节能,0,人民网,新型电力系统,202509
20250926,区块链,0,人民网,新型电力系统,202509
20250926,虚拟电厂,5,人民网,新型电力系统,202509
20250926,能量路由器,0,人民网,新型电力系统,202509
20250926,多能流,0,人民网,新型电力系统,202509
20250926,需求侧,0,人民网,新型电力系统,202509
20250926,抽水蓄能,1,人民网,新型电力系统,202509
20250926,电化学储能,1,人民网,新型电力系统,202509
20250927,新闻数量,1,人民网,新型电力系统,202509
20250927,多能互补,0,人民网,新型电力系统,202509
20250927,碳中和,0,人民网,新型电力系统,202509
20250927,碳达峰,0,人民网,新型电力系统,202509
20250927,柔性输电,0,人民网,新型电力系统,202509
20250927,综合能源,0,人民网,新型电力系统,202509
20250927,氢能,0,人民网,新型电力系统,202509
20250927,电动汽车,0,人民网,新型电力系统,202509
20250927,分布式交易,0,人民网,新型电力系统,202509
20250927,微网,0,人民网,新型电力系统,202509
20250927,新型电力系统,1,人民网,新型电力系统,202509
20250927,储能,0,人民网,新型电力系统,202509
20250927,CCHP,0,人民网,新型电力系统,202509
20250927,燃料电池,0,人民网,新型电力系统,202509
20250927,能源物联网,0,人民网,新型电力系统,202509
20250927,能源大数据,0,人民网,新型电力系统,202509
20250927,电力交易,0,人民网,新型电力系统,202509
20250927,能效,0,人民网,新型电力系统,202509
20250927,节能,0,人民网,新型电力系统,202509
20250927,区块链,0,人民网,新型电力系统,202509
20250927,虚拟电厂,0,人民网,新型电力系统,202509
20250927,能量路由器,0,人民网,新型电力系统,202509
20250927,多能流,0,人民网,新型电力系统,202509
20250927,需求侧,0,人民网,新型电力系统,202509
20250927,抽水蓄能,0,人民网,新型电力系统,202509
20250927,电化学储能,0,人民网,新型电力系统,202509
20250928,新闻数量,5,人民网,新型电力系统,202509
20250928,多能互补,0,人民网,新型电力系统,202509
20250928,碳中和,0,人民网,新型电力系统,202509
20250928,碳达峰,0,人民网,新型电力系统,202509
20250928,柔性输电,0,人民网,新型电力系统,202509
20250928,综合能源,0,人民网,新型电力系统,202509
20250928,氢能,0,人民网,新型电力系统,202509
20250928,电动汽车,0,人民网,新型电力系统,202509
20250928,分布式交易,0,人民网,新型电力系统,202509
20250928,微网,0,人民网,新型电力系统,202509
20250928,新型电力系统,7,人民网,新型电力系统,202509
20250928,储能,5,人民网,新型电力系统,202509
20250928,CCHP,0,人民网,新型电力系统,202509
20250928,燃料电池,0,人民网,新型电力系统,202509
20250928,能源物联网,0,人民网,新型电力系统,202509
20250928,能源大数据,0,人民网,新型电力系统,202509
20250928,电力交易,2,人民网,新型电力系统,202509
20250928,能效,0,人民网,新型电力系统,202509
20250928,节能,0,人民网,新型电力系统,202509
20250928,区块链,0,人民网,新型电力系统,202509
20250928,虚拟电厂,12,人民网,新型电力系统,202509
20250928,能量路由器,0,人民网,新型电力系统,202509
20250928,多能流,0,人民网,新型电力系统,202509
20250928,需求侧,1,人民网,新型电力系统,202509
20250928,抽水蓄能,4,人民网,新型电力系统,202509
20250928,电化学储能,0,人民网,新型电力系统,202509
20250929,新闻数量,4,人民网,新型电力系统,202509
20250929,多能互补,0,人民网,新型电力系统,202509
20250929,碳中和,0,人民网,新型电力系统,202509
20250929,碳达峰,0,人民网,新型电力系统,202509
20250929,柔性输电,0,人民网,新型电力系统,202509
20250929,综合能源,0,人民网,新型电力系统,202509
20250929,氢能,0,人民网,新型电力系统,202509
20250929,电动汽车,1,人民网,新型电力系统,202509
20250929,分布式交易,0,人民网,新型电力系统,202509
20250929,微网,0,人民网,新型电力系统,202509
20250929,新型电力系统,6,人民网,新型电力系统,202509
20250929,储能,20,人民网,新型电力系统,202509
20250929,CCHP,0,人民网,新型电力系统,202509
20250929,燃料电池,0,人民网,新型电力系统,202509
20250929,能源物联网,0,人民网,新型电力系统,202509
20250929,能源大数据,0,人民网,新型电力系统,202509
20250929,电力交易,0,人民网,新型电力系统,202509
20250929,能效,0,人民网,新型电力系统,202509
20250929,节能,0,人民网,新型电力系统,202509
20250929,区块链,0,人民网,新型电力系统,202509
20250929,虚拟电厂,0,人民网,新型电力系统,202509
20250929,能量路由器,0,人民网,新型电力系统,202509
20250929,多能流,0,人民网,新型电力系统,202509
20250929,需求侧,0,人民网,新型电力系统,202509
20250929,抽水蓄能,1,人民网,新型电力系统,202509
20250929,电化学储能,0,人民网,新型电力系统,202509
20250930,新闻数量,4,人民网,新型电力系统,202509
20250930,多能互补,0,人民网,新型电力系统,202509
20250930,碳中和,1,人民网,新型电力系统,202509
20250930,碳达峰,1,人民网,新型电力系统,202509
20250930,柔性输电,0,人民网,新型电力系统,202509
20250930,综合能源,0,人民网,新型电力系统,202509
20250930,氢能,10,人民网,新型电力系统,202509
20250930,电动汽车,0,人民网,新型电力系统,202509
20250930,分布式交易,0,人民网,新型电力系统,202509
20250930,微网,0,人民网,新型电力系统,202509
20250930,新型电力系统,5,人民网,新型电力系统,202509
20250930,储能,5,人民网,新型电力系统,202509
20250930,CCHP,0,人民网,新型电力系统,202509
20250930,燃料电池,0,人民网,新型电力系统,202509
20250930,能源物联网,0,人民网,新型电力系统,202509
20250930,能源大数据,0,人民网,新型电力系统,202509
20250930,电力交易,0,人民网,新型电力系统,202509
20250930,能效,0,人民网,新型电力系统,202509
20250930,节能,0,人民网,新型电力系统,202509
20250930,区块链,0,人民网,新型电力系统,202509
20250930,虚拟电厂,0,人民网,新型电力系统,202509
20250930,能量路由器,0,人民网,新型电力系统,202509
20250930,多能流,0,人民网,新型电力系统,202509
20250930,需求侧,0,人民网,新型电力系统,202509
20250930,抽水蓄能,0,人民网,新型电力系统,202509
20250930,电化学储能,0,人民网,新型电力系统,202509
20251005,新闻数量,3,人民网,新型电力系统,202510
20251005,多能互补,0,人民网,新型电力系统,202510
20251005,碳中和,0,人民网,新型电力系统,202510
20251005,碳达峰,0,人民网,新型电力系统,202510
20251005,柔性输电,0,人民网,新型电力系统,202510
20251005,综合能源,0,人民网,新型电力系统,202510
20251005,氢能,2,人民网,新型电力系统,202510
20251005,电动汽车,0,人民网,新型电力系统,202510
20251005,分布式交易,0,人民网,新型电力系统,202510
20251005,微网,0,人民网,新型电力系统,202510
20251005,新型电力系统,3,人民网,新型电力系统,202510
20251005,储能,4,人民网,新型电力系统,202510
20251005,CCHP,0,人民网,新型电力系统,202510
20251005,燃料电池,0,人民网,新型电力系统,202510
20251005,能源物联网,0,人民网,新型电力系统,202510
20251005,能源大数据,0,人民网,新型电力系统,202510
20251005,电力交易,0,人民网,新型电力系统,202510
20251005,能效,2,人民网,新型电力系统,202510
20251005,节能,0,人民网,新型电力系统,202510
20251005,区块链,0,人民网,新型电力系统,202510
20251005,虚拟电厂,0,人民网,新型电力系统,202510
20251005,能量路由器,0,人民网,新型电力系统,202510
20251005,多能流,0,人民网,新型电力系统,202510
20251005,需求侧,0,人民网,新型电力系统,202510
20251005,抽水蓄能,0,人民网,新型电力系统,202510
20251005,电化学储能,0,人民网,新型电力系统,202510
20251006,新闻数量,3,人民网,新型电力系统,202510
20251006,多能互补,0,人民网,新型电力系统,202510
20251006,碳中和,0,人民网,新型电力系统,202510
20251006,碳达峰,0,人民网,新型电力系统,202510
20251006,柔性输电,0,人民网,新型电力系统,202510
20251006,综合能源,0,人民网,新型电力系统,202510
20251006,氢能,1,人民网,新型电力系统,202510
20251006,电动汽车,3,人民网,新型电力系统,202510
20251006,分布式交易,0,人民网,新型电力系统,202510
20251006,微网,0,人民网,新型电力系统,202510
20251006,新型电力系统,4,人民网,新型电力系统,202510
20251006,储能,2,人民网,新型电力系统,202510
20251006,CCHP,0,人民网,新型电力系统,202510
20251006,燃料电池,0,人民网,新型电力系统,202510
20251006,能源物联网,0,人民网,新型电力系统,202510
20251006,能源大数据,0,人民网,新型电力系统,202510
20251006,电力交易,1,人民网,新型电力系统,202510
20251006,能效,0,人民网,新型电力系统,202510
20251006,节能,0,人民网,新型电力系统,202510
20251006,区块链,0,人民网,新型电力系统,202510
20251006,虚拟电厂,0,人民网,新型电力系统,202510
20251006,能量路由器,0,人民网,新型电力系统,202510
20251006,多能流,0,人民网,新型电力系统,202510
20251006,需求侧,0,人民网,新型电力系统,202510
20251006,抽水蓄能,2,人民网,新型电力系统,202510
20251006,电化学储能,0,人民网,新型电力系统,202510
20251007,新闻数量,1,人民网,新型电力系统,202510
20251007,多能互补,2,人民网,新型电力系统,202510
20251007,碳中和,0,人民网,新型电力系统,202510
20251007,碳达峰,0,人民网,新型电力系统,202510
20251007,柔性输电,0,人民网,新型电力系统,202510
20251007,综合能源,0,人民网,新型电力系统,202510
20251007,氢能,0,人民网,新型电力系统,202510
20251007,电动汽车,0,人民网,新型电力系统,202510
20251007,分布式交易,0,人民网,新型电力系统,202510
20251007,微网,0,人民网,新型电力系统,202510
20251007,新型电力系统,2,人民网,新型电力系统,202510
20251007,储能,2,人民网,新型电力系统,202510
20251007,CCHP,0,人民网,新型电力系统,202510
20251007,燃料电池,0,人民网,新型电力系统,202510
20251007,能源物联网,0,人民网,新型电力系统,202510
20251007,能源大数据,0,人民网,新型电力系统,202510
20251007,电力交易,1,人民网,新型电力系统,202510
20251007,能效,0,人民网,新型电力系统,202510
20251007,节能,2,人民网,新型电力系统,202510
20251007,区块链,0,人民网,新型电力系统,202510
20251007,虚拟电厂,1,人民网,新型电力系统,202510
20251007,能量路由器,0,人民网,新型电力系统,202510
20251007,多能流,0,人民网,新型电力系统,202510
20251007,需求侧,0,人民网,新型电力系统,202510
20251007,抽水蓄能,2,人民网,新型电力系统,202510
20251007,电化学储能,0,人民网,新型电力系统,202510
20251008,新闻数量,1,人民网,新型电力系统,202510
20251008,多能互补,0,人民网,新型电力系统,202510
20251008,碳中和,0,人民网,新型电力系统,202510
20251008,碳达峰,0,人民网,新型电力系统,202510
20251008,柔性输电,0,人民网,新型电力系统,202510
20251008,综合能源,0,人民网,新型电力系统,202510
20251008,氢能,0,人民网,新型电力系统,202510
20251008,电动汽车,0,人民网,新型电力系统,202510
20251008,分布式交易,0,人民网,新型电力系统,202510
20251008,微网,0,人民网,新型电力系统,202510
20251008,新型电力系统,0,人民网,新型电力系统,202510
20251008,储能,0,人民网,新型电力系统,202510
20251008,CCHP,0,人民网,新型电力系统,202510
20251008,燃料电池,0,人民网,新型电力系统,202510
20251008,能源物联网,0,人民网,新型电力系统,202510
20251008,能源大数据,0,人民网,新型电力系统,202510
20251008,电力交易,0,人民网,新型电力系统,202510
20251008,能效,0,人民网,新型电力系统,202510
20251008,节能,0,人民网,新型电力系统,202510
20251008,区块链,0,人民网,新型电力系统,202510
20251008,虚拟电厂,0,人民网,新型电力系统,202510
20251008,能量路由器,0,人民网,新型电力系统,202510
20251008,多能流,0,人民网,新型电力系统,202510
20251008,需求侧,0,人民网,新型电力系统,202510
20251008,抽水蓄能,0,人民网,新型电力系统,202510
20251008,电化学储能,0,人民网,新型电力系统,202510
20251009,新闻数量,9,人民网,新型电力系统,202510
20251009,多能互补,0,人民网,新型电力系统,202510
20251009,碳中和,0,人民网,新型电力系统,202510
20251009,碳达峰,0,人民网,新型电力系统,202510
20251009,柔性输电,0,人民网,新型电力系统,202510
20251009,综合能源,0,人民网,新型电力系统,202510
20251009,氢能,0,人民网,新型电力系统,202510
20251009,电动汽车,3,人民网,新型电力系统,202510
20251009,分布式交易,0,人民网,新型电力系统,202510
20251009,微网,0,人民网,新型电力系统,202510
20251009,新型电力系统,9,人民网,新型电力系统,202510
20251009,储能,0,人民网,新型电力系统,202510
20251009,CCHP,0,人民网,新型电力系统,202510
20251009,燃料电池,0,人民网,新型电力系统,202510
20251009,能源物联网,0,人民网,新型电力系统,202510
20251009,能源大数据,0,人民网,新型电力系统,202510
20251009,电力交易,0,人民网,新型电力系统,202510
20251009,能效,1,人民网,新型电力系统,202510
20251009,节能,6,人民网,新型电力系统,202510
20251009,区块链,0,人民网,新型电力系统,202510
20251009,虚拟电厂,0,人民网,新型电力系统,202510
20251009,能量路由器,0,人民网,新型电力系统,202510
20251009,多能流,0,人民网,新型电力系统,202510
20251009,需求侧,0,人民网,新型电力系统,202510
20251009,抽水蓄能,32,人民网,新型电力系统,202510
20251009,电化学储能,0,人民网,新型电力系统,202510
20251010,新闻数量,2,人民网,新型电力系统,202510
20251010,多能互补,0,人民网,新型电力系统,202510
20251010,碳中和,0,人民网,新型电力系统,202510
20251010,碳达峰,0,人民网,新型电力系统,202510
20251010,柔性输电,0,人民网,新型电力系统,202510
20251010,综合能源,0,人民网,新型电力系统,202510
20251010,氢能,0,人民网,新型电力系统,202510
20251010,电动汽车,0,人民网,新型电力系统,202510
20251010,分布式交易,0,人民网,新型电力系统,202510
20251010,微网,0,人民网,新型电力系统,202510
20251010,新型电力系统,2,人民网,新型电力系统,202510
20251010,储能,0,人民网,新型电力系统,202510
20251010,CCHP,0,人民网,新型电力系统,202510
20251010,燃料电池,0,人民网,新型电力系统,202510
20251010,能源物联网,0,人民网,新型电力系统,202510
20251010,能源大数据,0,人民网,新型电力系统,202510
20251010,电力交易,0,人民网,新型电力系统,202510
20251010,能效,0,人民网,新型电力系统,202510
20251010,节能,0,人民网,新型电力系统,202510
20251010,区块链,0,人民网,新型电力系统,202510
20251010,虚拟电厂,0,人民网,新型电力系统,202510
20251010,能量路由器,0,人民网,新型电力系统,202510
20251010,多能流,0,人民网,新型电力系统,202510
20251010,需求侧,0,人民网,新型电力系统,202510
20251010,抽水蓄能,0,人民网,新型电力系统,202510
20251010,电化学储能,0,人民网,新型电力系统,202510
20251013,新闻数量,1,人民网,新型电力系统,202510
20251013,多能互补,0,人民网,新型电力系统,202510
20251013,碳中和,0,人民网,新型电力系统,202510
20251013,碳达峰,0,人民网,新型电力系统,202510
20251013,柔性输电,0,人民网,新型电力系统,202510
20251013,综合能源,0,人民网,新型电力系统,202510
20251013,氢能,1,人民网,新型电力系统,202510
20251013,电动汽车,0,人民网,新型电力系统,202510
20251013,分布式交易,0,人民网,新型电力系统,202510
20251013,微网,0,人民网,新型电力系统,202510
20251013,新型电力系统,1,人民网,新型电力系统,202510
20251013,储能,1,人民网,新型电力系统,202510
20251013,CCHP,0,人民网,新型电力系统,202510
20251013,燃料电池,0,人民网,新型电力系统,202510
20251013,能源物联网,0,人民网,新型电力系统,202510
20251013,能源大数据,0,人民网,新型电力系统,202510
20251013,电力交易,0,人民网,新型电力系统,202510
20251013,能效,0,人民网,新型电力系统,202510
20251013,节能,0,人民网,新型电力系统,202510
20251013,区块链,0,人民网,新型电力系统,202510
20251013,虚拟电厂,0,人民网,新型电力系统,202510
20251013,能量路由器,0,人民网,新型电力系统,202510
20251013,多能流,0,人民网,新型电力系统,202510
20251013,需求侧,0,人民网,新型电力系统,202510
20251013,抽水蓄能,0,人民网,新型电力系统,202510
20251013,电化学储能,0,人民网,新型电力系统,202510
20251014,新闻数量,7,人民网,新型电力系统,202510
20251014,多能互补,0,人民网,新型电力系统,202510
20251014,碳中和,0,人民网,新型电力系统,202510
20251014,碳达峰,1,人民网,新型电力系统,202510
20251014,柔性输电,0,人民网,新型电力系统,202510
20251014,综合能源,0,人民网,新型电力系统,202510
20251014,氢能,0,人民网,新型电力系统,202510
20251014,电动汽车,6,人民网,新型电力系统,202510
20251014,分布式交易,0,人民网,新型电力系统,202510
20251014,微网,0,人民网,新型电力系统,202510
20251014,新型电力系统,6,人民网,新型电力系统,202510
20251014,储能,25,人民网,新型电力系统,202510
20251014,CCHP,0,人民网,新型电力系统,202510
20251014,燃料电池,1,人民网,新型电力系统,202510
20251014,能源物联网,0,人民网,新型电力系统,202510
20251014,能源大数据,0,人民网,新型电力系统,202510
20251014,电力交易,1,人民网,新型电力系统,202510
20251014,能效,1,人民网,新型电力系统,202510
20251014,节能,0,人民网,新型电力系统,202510
20251014,区块链,1,人民网,新型电力系统,202510
20251014,虚拟电厂,1,人民网,新型电力系统,202510
20251014,能量路由器,0,人民网,新型电力系统,202510
20251014,多能流,0,人民网,新型电力系统,202510
20251014,需求侧,0,人民网,新型电力系统,202510
20251014,抽水蓄能,1,人民网,新型电力系统,202510
20251014,电化学储能,1,人民网,新型电力系统,202510
20251015,新闻数量,4,人民网,新型电力系统,202510
20251015,多能互补,2,人民网,新型电力系统,202510
20251015,碳中和,1,人民网,新型电力系统,202510
20251015,碳达峰,1,人民网,新型电力系统,202510
20251015,柔性输电,0,人民网,新型电力系统,202510
20251015,综合能源,0,人民网,新型电力系统,202510
20251015,氢能,0,人民网,新型电力系统,202510
20251015,电动汽车,2,人民网,新型电力系统,202510
20251015,分布式交易,0,人民网,新型电力系统,202510
20251015,微网,0,人民网,新型电力系统,202510
20251015,新型电力系统,4,人民网,新型电力系统,202510
20251015,储能,31,人民网,新型电力系统,202510
20251015,CCHP,0,人民网,新型电力系统,202510
20251015,燃料电池,0,人民网,新型电力系统,202510
20251015,能源物联网,0,人民网,新型电力系统,202510
20251015,能源大数据,0,人民网,新型电力系统,202510
20251015,电力交易,0,人民网,新型电力系统,202510
20251015,能效,1,人民网,新型电力系统,202510
20251015,节能,2,人民网,新型电力系统,202510
20251015,区块链,0,人民网,新型电力系统,202510
20251015,虚拟电厂,2,人民网,新型电力系统,202510
20251015,能量路由器,0,人民网,新型电力系统,202510
20251015,多能流,0,人民网,新型电力系统,202510
20251015,需求侧,5,人民网,新型电力系统,202510
20251015,抽水蓄能,0,人民网,新型电力系统,202510
20251015,电化学储能,0,人民网,新型电力系统,202510
20251016,新闻数量,5,人民网,新型电力系统,202510
20251016,多能互补,1,人民网,新型电力系统,202510
20251016,碳中和,1,人民网,新型电力系统,202510
20251016,碳达峰,1,人民网,新型电力系统,202510
20251016,柔性输电,0,人民网,新型电力系统,202510
20251016,综合能源,0,人民网,新型电力系统,202510
20251016,氢能,0,人民网,新型电力系统,202510
20251016,电动汽车,0,人民网,新型电力系统,202510
20251016,分布式交易,0,人民网,新型电力系统,202510
20251016,微网,0,人民网,新型电力系统,202510
20251016,新型电力系统,18,人民网,新型电力系统,202510
20251016,储能,46,人民网,新型电力系统,202510
20251016,CCHP,0,人民网,新型电力系统,202510
20251016,燃料电池,0,人民网,新型电力系统,202510
20251016,能源物联网,0,人民网,新型电力系统,202510
20251016,能源大数据,0,人民网,新型电力系统,202510
20251016,电力交易,0,人民网,新型电力系统,202510
20251016,能效,0,人民网,新型电力系统,202510
20251016,节能,2,人民网,新型电力系统,202510
20251016,区块链,0,人民网,新型电力系统,202510
20251016,虚拟电厂,0,人民网,新型电力系统,202510
20251016,能量路由器,0,人民网,新型电力系统,202510
20251016,多能流,0,人民网,新型电力系统,202510
20251016,需求侧,0,人民网,新型电力系统,202510
20251016,抽水蓄能,1,人民网,新型电力系统,202510
20251016,电化学储能,1,人民网,新型电力系统,202510
20251017,新闻数量,3,人民网,新型电力系统,202510
20251017,多能互补,0,人民网,新型电力系统,202510
20251017,碳中和,0,人民网,新型电力系统,202510
20251017,碳达峰,0,人民网,新型电力系统,202510
20251017,柔性输电,0,人民网,新型电力系统,202510
20251017,综合能源,0,人民网,新型电力系统,202510
20251017,氢能,0,人民网,新型电力系统,202510
20251017,电动汽车,4,人民网,新型电力系统,202510
20251017,分布式交易,0,人民网,新型电力系统,202510
20251017,微网,0,人民网,新型电力系统,202510
20251017,新型电力系统,4,人民网,新型电力系统,202510
20251017,储能,4,人民网,新型电力系统,202510
20251017,CCHP,0,人民网,新型电力系统,202510
20251017,燃料电池,0,人民网,新型电力系统,202510
20251017,能源物联网,0,人民网,新型电力系统,202510
20251017,能源大数据,0,人民网,新型电力系统,202510
20251017,电力交易,0,人民网,新型电力系统,202510
20251017,能效,0,人民网,新型电力系统,202510
20251017,节能,0,人民网,新型电力系统,202510
20251017,区块链,0,人民网,新型电力系统,202510
20251017,虚拟电厂,0,人民网,新型电力系统,202510
20251017,能量路由器,0,人民网,新型电力系统,202510
20251017,多能流,0,人民网,新型电力系统,202510
20251017,需求侧,0,人民网,新型电力系统,202510
20251017,抽水蓄能,0,人民网,新型电力系统,202510
20251017,电化学储能,0,人民网,新型电力系统,202510
20251018,新闻数量,1,人民网,新型电力系统,202510
20251018,多能互补,0,人民网,新型电力系统,202510
20251018,碳中和,0,人民网,新型电力系统,202510
20251018,碳达峰,0,人民网,新型电力系统,202510
20251018,柔性输电,0,人民网,新型电力系统,202510
20251018,综合能源,0,人民网,新型电力系统,202510
20251018,氢能,0,人民网,新型电力系统,202510
20251018,电动汽车,0,人民网,新型电力系统,202510
20251018,分布式交易,0,人民网,新型电力系统,202510
20251018,微网,0,人民网,新型电力系统,202510
20251018,新型电力系统,1,人民网,新型电力系统,202510
20251018,储能,0,人民网,新型电力系统,202510
20251018,CCHP,0,人民网,新型电力系统,202510
20251018,燃料电池,0,人民网,新型电力系统,202510
20251018,能源物联网,0,人民网,新型电力系统,202510
20251018,能源大数据,0,人民网,新型电力系统,202510
20251018,电力交易,0,人民网,新型电力系统,202510
20251018,能效,0,人民网,新型电力系统,202510
20251018,节能,0,人民网,新型电力系统,202510
20251018,区块链,0,人民网,新型电力系统,202510
20251018,虚拟电厂,0,人民网,新型电力系统,202510
20251018,能量路由器,0,人民网,新型电力系统,202510
20251018,多能流,0,人民网,新型电力系统,202510
20251018,需求侧,0,人民网,新型电力系统,202510
20251018,抽水蓄能,0,人民网,新型电力系统,202510
20251018,电化学储能,0,人民网,新型电力系统,202510
20251019,新闻数量,2,人民网,新型电力系统,202510
20251019,多能互补,0,人民网,新型电力系统,202510
20251019,碳中和,0,人民网,新型电力系统,202510
20251019,碳达峰,0,人民网,新型电力系统,202510
20251019,柔性输电,0,人民网,新型电力系统,202510
20251019,综合能源,0,人民网,新型电力系统,202510
20251019,氢能,0,人民网,新型电力系统,202510
20251019,电动汽车,0,人民网,新型电力系统,202510
20251019,分布式交易,0,人民网,新型电力系统,202510
20251019,微网,0,人民网,新型电力系统,202510
20251019,新型电力系统,2,人民网,新型电力系统,202510
20251019,储能,0,人民网,新型电力系统,202510
20251019,CCHP,0,人民网,新型电力系统,202510
20251019,燃料电池,0,人民网,新型电力系统,202510
20251019,能源物联网,0,人民网,新型电力系统,202510
20251019,能源大数据,0,人民网,新型电力系统,202510
20251019,电力交易,0,人民网,新型电力系统,202510
20251019,能效,0,人民网,新型电力系统,202510
20251019,节能,0,人民网,新型电力系统,202510
20251019,区块链,0,人民网,新型电力系统,202510
20251019,虚拟电厂,0,人民网,新型电力系统,202510
20251019,能量路由器,0,人民网,新型电力系统,202510
20251019,多能流,0,人民网,新型电力系统,202510
20251019,需求侧,0,人民网,新型电力系统,202510
20251019,抽水蓄能,0,人民网,新型电力系统,202510
20251019,电化学储能,0,人民网,新型电力系统,202510
20251020,新闻数量,2,人民网,新型电力系统,202510
20251020,多能互补,0,人民网,新型电力系统,202510
20251020,碳中和,0,人民网,新型电力系统,202510
20251020,碳达峰,0,人民网,新型电力系统,202510
20251020,柔性输电,0,人民网,新型电力系统,202510
20251020,综合能源,0,人民网,新型电力系统,202510
20251020,氢能,0,人民网,新型电力系统,202510
20251020,电动汽车,0,人民网,新型电力系统,202510
20251020,分布式交易,0,人民网,新型电力系统,202510
20251020,微网,0,人民网,新型电力系统,202510
20251020,新型电力系统,4,人民网,新型电力系统,202510
20251020,储能,24,人民网,新型电力系统,202510
20251020,CCHP,0,人民网,新型电力系统,202510
20251020,燃料电池,0,人民网,新型电力系统,202510
20251020,能源物联网,0,人民网,新型电力系统,202510
20251020,能源大数据,0,人民网,新型电力系统,202510
20251020,电力交易,0,人民网,新型电力系统,202510
20251020,能效,1,人民网,新型电力系统,202510
20251020,节能,2,人民网,新型电力系统,202510
20251020,区块链,0,人民网,新型电力系统,202510
20251020,虚拟电厂,4,人民网,新型电力系统,202510
20251020,能量路由器,0,人民网,新型电力系统,202510
20251020,多能流,0,人民网,新型电力系统,202510
20251020,需求侧,0,人民网,新型电力系统,202510
20251020,抽水蓄能,0,人民网,新型电力系统,202510
20251020,电化学储能,1,人民网,新型电力系统,202510
20251021,新闻数量,7,人民网,新型电力系统,202510
20251021,多能互补,0,人民网,新型电力系统,202510
20251021,碳中和,0,人民网,新型电力系统,202510
20251021,碳达峰,0,人民网,新型电力系统,202510
20251021,柔性输电,0,人民网,新型电力系统,202510
20251021,综合能源,0,人民网,新型电力系统,202510
20251021,氢能,2,人民网,新型电力系统,202510
20251021,电动汽车,0,人民网,新型电力系统,202510
20251021,分布式交易,0,人民网,新型电力系统,202510
20251021,微网,0,人民网,新型电力系统,202510
20251021,新型电力系统,7,人民网,新型电力系统,202510
20251021,储能,20,人民网,新型电力系统,202510
20251021,CCHP,0,人民网,新型电力系统,202510
20251021,燃料电池,0,人民网,新型电力系统,202510
20251021,能源物联网,0,人民网,新型电力系统,202510
20251021,能源大数据,0,人民网,新型电力系统,202510
20251021,电力交易,0,人民网,新型电力系统,202510
20251021,能效,0,人民网,新型电力系统,202510
20251021,节能,0,人民网,新型电力系统,202510
20251021,区块链,0,人民网,新型电力系统,202510
20251021,虚拟电厂,0,人民网,新型电力系统,202510
20251021,能量路由器,0,人民网,新型电力系统,202510
20251021,多能流,0,人民网,新型电力系统,202510
20251021,需求侧,0,人民网,新型电力系统,202510
20251021,抽水蓄能,0,人民网,新型电力系统,202510
20251021,电化学储能,0,人民网,新型电力系统,202510
20251022,新闻数量,8,人民网,新型电力系统,202510
20251022,多能互补,1,人民网,新型电力系统,202510
20251022,碳中和,0,人民网,新型电力系统,202510
20251022,碳达峰,0,人民网,新型电力系统,202510
20251022,柔性输电,0,人民网,新型电力系统,202510
20251022,综合能源,0,人民网,新型电力系统,202510
20251022,氢能,5,人民网,新型电力系统,202510
20251022,电动汽车,4,人民网,新型电力系统,202510
20251022,分布式交易,0,人民网,新型电力系统,202510
20251022,微网,1,人民网,新型电力系统,202510
20251022,新型电力系统,11,人民网,新型电力系统,202510
20251022,储能,15,人民网,新型电力系统,202510
20251022,CCHP,0,人民网,新型电力系统,202510
20251022,燃料电池,0,人民网,新型电力系统,202510
20251022,能源物联网,0,人民网,新型电力系统,202510
20251022,能源大数据,0,人民网,新型电力系统,202510
20251022,电力交易,0,人民网,新型电力系统,202510
20251022,能效,0,人民网,新型电力系统,202510
20251022,节能,1,人民网,新型电力系统,202510
20251022,区块链,0,人民网,新型电力系统,202510
20251022,虚拟电厂,0,人民网,新型电力系统,202510
20251022,能量路由器,0,人民网,新型电力系统,202510
20251022,多能流,0,人民网,新型电力系统,202510
20251022,需求侧,0,人民网,新型电力系统,202510
20251022,抽水蓄能,0,人民网,新型电力系统,202510
20251022,电化学储能,0,人民网,新型电力系统,202510
20251023,新闻数量,3,人民网,新型电力系统,202510
20251023,多能互补,0,人民网,新型电力系统,202510
20251023,碳中和,0,人民网,新型电力系统,202510
20251023,碳达峰,0,人民网,新型电力系统,202510
20251023,柔性输电,0,人民网,新型电力系统,202510
20251023,综合能源,1,人民网,新型电力系统,202510
20251023,氢能,0,人民网,新型电力系统,202510
20251023,电动汽车,0,人民网,新型电力系统,202510
20251023,分布式交易,0,人民网,新型电力系统,202510
20251023,微网,0,人民网,新型电力系统,202510
20251023,新型电力系统,8,人民网,新型电力系统,202510
20251023,储能,8,人民网,新型电力系统,202510
20251023,CCHP,0,人民网,新型电力系统,202510
20251023,燃料电池,0,人民网,新型电力系统,202510
20251023,能源物联网,0,人民网,新型电力系统,202510
20251023,能源大数据,0,人民网,新型电力系统,202510
20251023,电力交易,0,人民网,新型电力系统,202510
20251023,能效,0,人民网,新型电力系统,202510
20251023,节能,0,人民网,新型电力系统,202510
20251023,区块链,0,人民网,新型电力系统,202510
20251023,虚拟电厂,0,人民网,新型电力系统,202510
20251023,能量路由器,0,人民网,新型电力系统,202510
20251023,多能流,0,人民网,新型电力系统,202510
20251023,需求侧,0,人民网,新型电力系统,202510
20251023,抽水蓄能,0,人民网,新型电力系统,202510
20251023,电化学储能,0,人民网,新型电力系统,202510
20251024,新闻数量,2,人民网,新型电力系统,202510
20251024,多能互补,0,人民网,新型电力系统,202510
20251024,碳中和,0,人民网,新型电力系统,202510
20251024,碳达峰,0,人民网,新型电力系统,202510
20251024,柔性输电,0,人民网,新型电力系统,202510
20251024,综合能源,0,人民网,新型电力系统,202510
20251024,氢能,0,人民网,新型电力系统,202510
20251024,电动汽车,0,人民网,新型电力系统,202510
20251024,分布式交易,0,人民网,新型电力系统,202510
20251024,微网,0,人民网,新型电力系统,202510
20251024,新型电力系统,2,人民网,新型电力系统,202510
20251024,储能,2,人民网,新型电力系统,202510
20251024,CCHP,0,人民网,新型电力系统,202510
20251024,燃料电池,0,人民网,新型电力系统,202510
20251024,能源物联网,0,人民网,新型电力系统,202510
20251024,能源大数据,0,人民网,新型电力系统,202510
20251024,电力交易,0,人民网,新型电力系统,202510
20251024,能效,0,人民网,新型电力系统,202510
20251024,节能,0,人民网,新型电力系统,202510
20251024,区块链,0,人民网,新型电力系统,202510
20251024,虚拟电厂,0,人民网,新型电力系统,202510
20251024,能量路由器,0,人民网,新型电力系统,202510
20251024,多能流,0,人民网,新型电力系统,202510
20251024,需求侧,0,人民网,新型电力系统,202510
20251024,抽水蓄能,7,人民网,新型电力系统,202510
20251024,电化学储能,0,人民网,新型电力系统,202510
20251025,新闻数量,2,人民网,新型电力系统,202510
20251025,多能互补,0,人民网,新型电力系统,202510
20251025,碳中和,0,人民网,新型电力系统,202510
20251025,碳达峰,0,人民网,新型电力系统,202510
20251025,柔性输电,0,人民网,新型电力系统,202510
20251025,综合能源,0,人民网,新型电力系统,202510
20251025,氢能,0,人民网,新型电力系统,202510
20251025,电动汽车,0,人民网,新型电力系统,202510
20251025,分布式交易,0,人民网,新型电力系统,202510
20251025,微网,1,人民网,新型电力系统,202510
20251025,新型电力系统,2,人民网,新型电力系统,202510
20251025,储能,0,人民网,新型电力系统,202510
20251025,CCHP,0,人民网,新型电力系统,202510
20251025,燃料电池,0,人民网,新型电力系统,202510
20251025,能源物联网,0,人民网,新型电力系统,202510
20251025,能源大数据,0,人民网,新型电力系统,202510
20251025,电力交易,0,人民网,新型电力系统,202510
20251025,能效,0,人民网,新型电力系统,202510
20251025,节能,0,人民网,新型电力系统,202510
20251025,区块链,0,人民网,新型电力系统,202510
20251025,虚拟电厂,0,人民网,新型电力系统,202510
20251025,能量路由器,0,人民网,新型电力系统,202510
20251025,多能流,0,人民网,新型电力系统,202510
20251025,需求侧,0,人民网,新型电力系统,202510
20251025,抽水蓄能,0,人民网,新型电力系统,202510
20251025,电化学储能,0,人民网,新型电力系统,202510
20251027,新闻数量,2,人民网,新型电力系统,202510
20251027,多能互补,0,人民网,新型电力系统,202510
20251027,碳中和,0,人民网,新型电力系统,202510
20251027,碳达峰,0,人民网,新型电力系统,202510
20251027,柔性输电,0,人民网,新型电力系统,202510
20251027,综合能源,0,人民网,新型电力系统,202510
20251027,氢能,0,人民网,新型电力系统,202510
20251027,电动汽车,0,人民网,新型电力系统,202510
20251027,分布式交易,0,人民网,新型电力系统,202510
20251027,微网,0,人民网,新型电力系统,202510
20251027,新型电力系统,2,人民网,新型电力系统,202510
20251027,储能,4,人民网,新型电力系统,202510
20251027,CCHP,0,人民网,新型电力系统,202510
20251027,燃料电池,0,人民网,新型电力系统,202510
20251027,能源物联网,0,人民网,新型电力系统,202510
20251027,能源大数据,0,人民网,新型电力系统,202510
20251027,电力交易,0,人民网,新型电力系统,202510
20251027,能效,0,人民网,新型电力系统,202510
20251027,节能,1,人民网,新型电力系统,202510
20251027,区块链,0,人民网,新型电力系统,202510
20251027,虚拟电厂,0,人民网,新型电力系统,202510
20251027,能量路由器,0,人民网,新型电力系统,202510
20251027,多能流,0,人民网,新型电力系统,202510
20251027,需求侧,0,人民网,新型电力系统,202510
20251027,抽水蓄能,0,人民网,新型电力系统,202510
20251027,电化学储能,0,人民网,新型电力系统,202510
20251028,新闻数量,4,人民网,新型电力系统,202510
20251028,多能互补,0,人民网,新型电力系统,202510
20251028,碳中和,1,人民网,新型电力系统,202510
20251028,碳达峰,3,人民网,新型电力系统,202510
20251028,柔性输电,0,人民网,新型电力系统,202510
20251028,综合能源,0,人民网,新型电力系统,202510
20251028,氢能,1,人民网,新型电力系统,202510
20251028,电动汽车,0,人民网,新型电力系统,202510
20251028,分布式交易,0,人民网,新型电力系统,202510
20251028,微网,0,人民网,新型电力系统,202510
20251028,新型电力系统,4,人民网,新型电力系统,202510
20251028,储能,7,人民网,新型电力系统,202510
20251028,CCHP,0,人民网,新型电力系统,202510
20251028,燃料电池,0,人民网,新型电力系统,202510
20251028,能源物联网,0,人民网,新型电力系统,202510
20251028,能源大数据,0,人民网,新型电力系统,202510
20251028,电力交易,0,人民网,新型电力系统,202510
20251028,能效,0,人民网,新型电力系统,202510
20251028,节能,1,人民网,新型电力系统,202510
20251028,区块链,0,人民网,新型电力系统,202510
20251028,虚拟电厂,0,人民网,新型电力系统,202510
20251028,能量路由器,0,人民网,新型电力系统,202510
20251028,多能流,0,人民网,新型电力系统,202510
20251028,需求侧,0,人民网,新型电力系统,202510
20251028,抽水蓄能,1,人民网,新型电力系统,202510
20251028,电化学储能,0,人民网,新型电力系统,202510
20251029,新闻数量,9,人民网,新型电力系统,202510
20251029,多能互补,1,人民网,新型电力系统,202510
20251029,碳中和,6,人民网,新型电力系统,202510
20251029,碳达峰,18,人民网,新型电力系统,202510
20251029,柔性输电,0,人民网,新型电力系统,202510
20251029,综合能源,1,人民网,新型电力系统,202510
20251029,氢能,6,人民网,新型电力系统,202510
20251029,电动汽车,0,人民网,新型电力系统,202510
20251029,分布式交易,0,人民网,新型电力系统,202510
20251029,微网,0,人民网,新型电力系统,202510
20251029,新型电力系统,8,人民网,新型电力系统,202510
20251029,储能,24,人民网,新型电力系统,202510
20251029,CCHP,0,人民网,新型电力系统,202510
20251029,燃料电池,0,人民网,新型电力系统,202510
20251029,能源物联网,0,人民网,新型电力系统,202510
20251029,能源大数据,0,人民网,新型电力系统,202510
20251029,电力交易,0,人民网,新型电力系统,202510
20251029,能效,0,人民网,新型电力系统,202510
20251029,节能,7,人民网,新型电力系统,202510
20251029,区块链,0,人民网,新型电力系统,202510
20251029,虚拟电厂,0,人民网,新型电力系统,202510
20251029,能量路由器,0,人民网,新型电力系统,202510
20251029,多能流,0,人民网,新型电力系统,202510
20251029,需求侧,0,人民网,新型电力系统,202510
20251029,抽水蓄能,6,人民网,新型电力系统,202510
20251029,电化学储能,0,人民网,新型电力系统,202510
20251030,新闻数量,10,人民网,新型电力系统,202510
20251030,多能互补,0,人民网,新型电力系统,202510
20251030,碳中和,2,人民网,新型电力系统,202510
20251030,碳达峰,2,人民网,新型电力系统,202510
20251030,柔性输电,0,人民网,新型电力系统,202510
20251030,综合能源,1,人民网,新型电力系统,202510
20251030,氢能,7,人民网,新型电力系统,202510
20251030,电动汽车,2,人民网,新型电力系统,202510
20251030,分布式交易,0,人民网,新型电力系统,202510
20251030,微网,0,人民网,新型电力系统,202510
20251030,新型电力系统,18,人民网,新型电力系统,202510
20251030,储能,8,人民网,新型电力系统,202510
20251030,CCHP,0,人民网,新型电力系统,202510
20251030,燃料电池,0,人民网,新型电力系统,202510
20251030,能源物联网,0,人民网,新型电力系统,202510
20251030,能源大数据,1,人民网,新型电力系统,202510
20251030,电力交易,0,人民网,新型电力系统,202510
20251030,能效,0,人民网,新型电力系统,202510
20251030,节能,1,人民网,新型电力系统,202510
20251030,区块链,0,人民网,新型电力系统,202510
20251030,虚拟电厂,1,人民网,新型电力系统,202510
20251030,能量路由器,0,人民网,新型电力系统,202510
20251030,多能流,0,人民网,新型电力系统,202510
20251030,需求侧,1,人民网,新型电力系统,202510
20251030,抽水蓄能,0,人民网,新型电力系统,202510
20251030,电化学储能,0,人民网,新型电力系统,202510
20251031,新闻数量,11,人民网,新型电力系统,202510
20251031,多能互补,0,人民网,新型电力系统,202510
20251031,碳中和,3,人民网,新型电力系统,202510
20251031,碳达峰,5,人民网,新型电力系统,202510
20251031,柔性输电,0,人民网,新型电力系统,202510
20251031,综合能源,0,人民网,新型电力系统,202510
20251031,氢能,0,人民网,新型电力系统,202510
20251031,电动汽车,1,人民网,新型电力系统,202510
20251031,分布式交易,0,人民网,新型电力系统,202510
20251031,微网,0,人民网,新型电力系统,202510
20251031,新型电力系统,32,人民网,新型电力系统,202510
20251031,储能,7,人民网,新型电力系统,202510
20251031,CCHP,0,人民网,新型电力系统,202510
20251031,燃料电池,0,人民网,新型电力系统,202510
20251031,能源物联网,0,人民网,新型电力系统,202510
20251031,能源大数据,0,人民网,新型电力系统,202510
20251031,电力交易,1,人民网,新型电力系统,202510
20251031,能效,0,人民网,新型电力系统,202510
20251031,节能,4,人民网,新型电力系统,202510
20251031,区块链,2,人民网,新型电力系统,202510
20251031,虚拟电厂,0,人民网,新型电力系统,202510
20251031,能量路由器,0,人民网,新型电力系统,202510
20251031,多能流,0,人民网,新型电力系统,202510
20251031,需求侧,1,人民网,新型电力系统,202510
20251031,抽水蓄能,1,人民网,新型电力系统,202510
20251031,电化学储能,0,人民网,新型电力系统,202510
20251101,新闻数量,1,人民网,新型电力系统,202511
20251101,多能互补,0,人民网,新型电力系统,202511
20251101,碳中和,0,人民网,新型电力系统,202511
20251101,碳达峰,0,人民网,新型电力系统,202511
20251101,柔性输电,0,人民网,新型电力系统,202511
20251101,综合能源,0,人民网,新型电力系统,202511
20251101,氢能,0,人民网,新型电力系统,202511
20251101,电动汽车,0,人民网,新型电力系统,202511
20251101,分布式交易,0,人民网,新型电力系统,202511
20251101,微网,0,人民网,新型电力系统,202511
20251101,新型电力系统,1,人民网,新型电力系统,202511
20251101,储能,0,人民网,新型电力系统,202511
20251101,CCHP,0,人民网,新型电力系统,202511
20251101,燃料电池,0,人民网,新型电力系统,202511
20251101,能源物联网,0,人民网,新型电力系统,202511
20251101,能源大数据,0,人民网,新型电力系统,202511
20251101,电力交易,0,人民网,新型电力系统,202511
20251101,能效,0,人民网,新型电力系统,202511
20251101,节能,0,人民网,新型电力系统,202511
20251101,区块链,0,人民网,新型电力系统,202511
20251101,虚拟电厂,0,人民网,新型电力系统,202511
20251101,能量路由器,0,人民网,新型电力系统,202511
20251101,多能流,0,人民网,新型电力系统,202511
20251101,需求侧,0,人民网,新型电力系统,202511
20251101,抽水蓄能,0,人民网,新型电力系统,202511
20251101,电化学储能,0,人民网,新型电力系统,202511
20251102,新闻数量,3,人民网,新型电力系统,202511
20251102,多能互补,0,人民网,新型电力系统,202511
20251102,碳中和,0,人民网,新型电力系统,202511
20251102,碳达峰,0,人民网,新型电力系统,202511
20251102,柔性输电,0,人民网,新型电力系统,202511
20251102,综合能源,0,人民网,新型电力系统,202511
20251102,氢能,0,人民网,新型电力系统,202511
20251102,电动汽车,0,人民网,新型电力系统,202511
20251102,分布式交易,0,人民网,新型电力系统,202511
20251102,微网,0,人民网,新型电力系统,202511
20251102,新型电力系统,5,人民网,新型电力系统,202511
20251102,储能,1,人民网,新型电力系统,202511
20251102,CCHP,0,人民网,新型电力系统,202511
20251102,燃料电池,0,人民网,新型电力系统,202511
20251102,能源物联网,0,人民网,新型电力系统,202511
20251102,能源大数据,0,人民网,新型电力系统,202511
20251102,电力交易,0,人民网,新型电力系统,202511
20251102,能效,0,人民网,新型电力系统,202511
20251102,节能,0,人民网,新型电力系统,202511
20251102,区块链,0,人民网,新型电力系统,202511
20251102,虚拟电厂,0,人民网,新型电力系统,202511
20251102,能量路由器,0,人民网,新型电力系统,202511
20251102,多能流,0,人民网,新型电力系统,202511
20251102,需求侧,0,人民网,新型电力系统,202511
20251102,抽水蓄能,9,人民网,新型电力系统,202511
20251102,电化学储能,0,人民网,新型电力系统,202511
20251103,新闻数量,7,人民网,新型电力系统,202511
20251103,多能互补,2,人民网,新型电力系统,202511
20251103,碳中和,0,人民网,新型电力系统,202511
20251103,碳达峰,0,人民网,新型电力系统,202511
20251103,柔性输电,0,人民网,新型电力系统,202511
20251103,综合能源,4,人民网,新型电力系统,202511
20251103,氢能,0,人民网,新型电力系统,202511
20251103,电动汽车,0,人民网,新型电力系统,202511
20251103,分布式交易,0,人民网,新型电力系统,202511
20251103,微网,0,人民网,新型电力系统,202511
20251103,新型电力系统,7,人民网,新型电力系统,202511
20251103,储能,6,人民网,新型电力系统,202511
20251103,CCHP,0,人民网,新型电力系统,202511
20251103,燃料电池,0,人民网,新型电力系统,202511
20251103,能源物联网,0,人民网,新型电力系统,202511
20251103,能源大数据,0,人民网,新型电力系统,202511
20251103,电力交易,0,人民网,新型电力系统,202511
20251103,能效,0,人民网,新型电力系统,202511
20251103,节能,3,人民网,新型电力系统,202511
20251103,区块链,0,人民网,新型电力系统,202511
20251103,虚拟电厂,0,人民网,新型电力系统,202511
20251103,能量路由器,0,人民网,新型电力系统,202511
20251103,多能流,0,人民网,新型电力系统,202511
20251103,需求侧,0,人民网,新型电力系统,202511
20251103,抽水蓄能,0,人民网,新型电力系统,202511
20251103,电化学储能,0,人民网,新型电力系统,202511
20251104,新闻数量,3,人民网,新型电力系统,202511
20251104,多能互补,0,人民网,新型电力系统,202511
20251104,碳中和,0,人民网,新型电力系统,202511
20251104,碳达峰,0,人民网,新型电力系统,202511
20251104,柔性输电,0,人民网,新型电力系统,202511
20251104,综合能源,0,人民网,新型电力系统,202511
20251104,氢能,0,人民网,新型电力系统,202511
20251104,电动汽车,0,人民网,新型电力系统,202511
20251104,分布式交易,0,人民网,新型电力系统,202511
20251104,微网,0,人民网,新型电力系统,202511
20251104,新型电力系统,11,人民网,新型电力系统,202511
20251104,储能,3,人民网,新型电力系统,202511
20251104,CCHP,0,人民网,新型电力系统,202511
20251104,燃料电池,0,人民网,新型电力系统,202511
20251104,能源物联网,0,人民网,新型电力系统,202511
20251104,能源大数据,0,人民网,新型电力系统,202511
20251104,电力交易,0,人民网,新型电力系统,202511
20251104,能效,0,人民网,新型电力系统,202511
20251104,节能,4,人民网,新型电力系统,202511
20251104,区块链,0,人民网,新型电力系统,202511
20251104,虚拟电厂,3,人民网,新型电力系统,202511
20251104,能量路由器,0,人民网,新型电力系统,202511
20251104,多能流,0,人民网,新型电力系统,202511
20251104,需求侧,0,人民网,新型电力系统,202511
20251104,抽水蓄能,1,人民网,新型电力系统,202511
20251104,电化学储能,0,人民网,新型电力系统,202511
20251105,新闻数量,5,人民网,新型电力系统,202511
20251105,多能互补,0,人民网,新型电力系统,202511
20251105,碳中和,0,人民网,新型电力系统,202511
20251105,碳达峰,0,人民网,新型电力系统,202511
20251105,柔性输电,0,人民网,新型电力系统,202511
20251105,综合能源,1,人民网,新型电力系统,202511
20251105,氢能,0,人民网,新型电力系统,202511
20251105,电动汽车,0,人民网,新型电力系统,202511
20251105,分布式交易,0,人民网,新型电力系统,202511
20251105,微网,0,人民网,新型电力系统,202511
20251105,新型电力系统,6,人民网,新型电力系统,202511
20251105,储能,10,人民网,新型电力系统,202511
20251105,CCHP,0,人民网,新型电力系统,202511
20251105,燃料电池,0,人民网,新型电力系统,202511
20251105,能源物联网,0,人民网,新型电力系统,202511
20251105,能源大数据,0,人民网,新型电力系统,202511
20251105,电力交易,0,人民网,新型电力系统,202511
20251105,能效,0,人民网,新型电力系统,202511
20251105,节能,0,人民网,新型电力系统,202511
20251105,区块链,0,人民网,新型电力系统,202511
20251105,虚拟电厂,0,人民网,新型电力系统,202511
20251105,能量路由器,0,人民网,新型电力系统,202511
20251105,多能流,0,人民网,新型电力系统,202511
20251105,需求侧,0,人民网,新型电力系统,202511
20251105,抽水蓄能,0,人民网,新型电力系统,202511
20251105,电化学储能,0,人民网,新型电力系统,202511
20251106,新闻数量,4,人民网,新型电力系统,202511
20251106,多能互补,1,人民网,新型电力系统,202511
20251106,碳中和,0,人民网,新型电力系统,202511
20251106,碳达峰,0,人民网,新型电力系统,202511
20251106,柔性输电,0,人民网,新型电力系统,202511
20251106,综合能源,0,人民网,新型电力系统,202511
20251106,氢能,2,人民网,新型电力系统,202511
20251106,电动汽车,0,人民网,新型电力系统,202511
20251106,分布式交易,0,人民网,新型电力系统,202511
20251106,微网,0,人民网,新型电力系统,202511
20251106,新型电力系统,5,人民网,新型电力系统,202511
20251106,储能,19,人民网,新型电力系统,202511
20251106,CCHP,0,人民网,新型电力系统,202511
20251106,燃料电池,0,人民网,新型电力系统,202511
20251106,能源物联网,0,人民网,新型电力系统,202511
20251106,能源大数据,0,人民网,新型电力系统,202511
20251106,电力交易,0,人民网,新型电力系统,202511
20251106,能效,0,人民网,新型电力系统,202511
20251106,节能,1,人民网,新型电力系统,202511
20251106,区块链,0,人民网,新型电力系统,202511
20251106,虚拟电厂,0,人民网,新型电力系统,202511
20251106,能量路由器,0,人民网,新型电力系统,202511
20251106,多能流,0,人民网,新型电力系统,202511
20251106,需求侧,0,人民网,新型电力系统,202511
20251106,抽水蓄能,0,人民网,新型电力系统,202511
20251106,电化学储能,0,人民网,新型电力系统,202511
20251107,新闻数量,2,人民网,新型电力系统,202511
20251107,多能互补,0,人民网,新型电力系统,202511
20251107,碳中和,0,人民网,新型电力系统,202511
20251107,碳达峰,0,人民网,新型电力系统,202511
20251107,柔性输电,0,人民网,新型电力系统,202511
20251107,综合能源,0,人民网,新型电力系统,202511
20251107,氢能,0,人民网,新型电力系统,202511
20251107,电动汽车,0,人民网,新型电力系统,202511
20251107,分布式交易,0,人民网,新型电力系统,202511
20251107,微网,0,人民网,新型电力系统,202511
20251107,新型电力系统,3,人民网,新型电力系统,202511
20251107,储能,10,人民网,新型电力系统,202511
20251107,CCHP,0,人民网,新型电力系统,202511
20251107,燃料电池,0,人民网,新型电力系统,202511
20251107,能源物联网,0,人民网,新型电力系统,202511
20251107,能源大数据,0,人民网,新型电力系统,202511
20251107,电力交易,0,人民网,新型电力系统,202511
20251107,能效,0,人民网,新型电力系统,202511
20251107,节能,0,人民网,新型电力系统,202511
20251107,区块链,0,人民网,新型电力系统,202511
20251107,虚拟电厂,0,人民网,新型电力系统,202511
20251107,能量路由器,0,人民网,新型电力系统,202511
20251107,多能流,0,人民网,新型电力系统,202511
20251107,需求侧,0,人民网,新型电力系统,202511
20251107,抽水蓄能,1,人民网,新型电力系统,202511
20251107,电化学储能,0,人民网,新型电力系统,202511
20251108,新闻数量,7,人民网,新型电力系统,202511
20251108,多能互补,2,人民网,新型电力系统,202511
20251108,碳中和,53,人民网,新型电力系统,202511
20251108,碳达峰,61,人民网,新型电力系统,202511
20251108,柔性输电,0,人民网,新型电力系统,202511
20251108,综合能源,0,人民网,新型电力系统,202511
20251108,氢能,8,人民网,新型电力系统,202511
20251108,电动汽车,2,人民网,新型电力系统,202511
20251108,分布式交易,0,人民网,新型电力系统,202511
20251108,微网,0,人民网,新型电力系统,202511
20251108,新型电力系统,20,人民网,新型电力系统,202511
20251108,储能,36,人民网,新型电力系统,202511
20251108,CCHP,0,人民网,新型电力系统,202511
20251108,燃料电池,0,人民网,新型电力系统,202511
20251108,能源物联网,0,人民网,新型电力系统,202511
20251108,能源大数据,0,人民网,新型电力系统,202511
20251108,电力交易,2,人民网,新型电力系统,202511
20251108,能效,8,人民网,新型电力系统,202511
20251108,节能,44,人民网,新型电力系统,202511
20251108,区块链,0,人民网,新型电力系统,202511
20251108,虚拟电厂,0,人民网,新型电力系统,202511
20251108,能量路由器,0,人民网,新型电力系统,202511
20251108,多能流,0,人民网,新型电力系统,202511
20251108,需求侧,3,人民网,新型电力系统,202511
20251108,抽水蓄能,3,人民网,新型电力系统,202511
20251108,电化学储能,0,人民网,新型电力系统,202511
20251109,新闻数量,9,人民网,新型电力系统,202511
20251109,多能互补,4,人民网,新型电力系统,202511
20251109,碳中和,119,人民网,新型电力系统,202511
20251109,碳达峰,133,人民网,新型电力系统,202511
20251109,柔性输电,0,人民网,新型电力系统,202511
20251109,综合能源,0,人民网,新型电力系统,202511
20251109,氢能,6,人民网,新型电力系统,202511
20251109,电动汽车,4,人民网,新型电力系统,202511
20251109,分布式交易,0,人民网,新型电力系统,202511
20251109,微网,0,人民网,新型电力系统,202511
20251109,新型电力系统,13,人民网,新型电力系统,202511
20251109,储能,27,人民网,新型电力系统,202511
20251109,CCHP,0,人民网,新型电力系统,202511
20251109,燃料电池,0,人民网,新型电力系统,202511
20251109,能源物联网,0,人民网,新型电力系统,202511
20251109,能源大数据,0,人民网,新型电力系统,202511
20251109,电力交易,4,人民网,新型电力系统,202511
20251109,能效,16,人民网,新型电力系统,202511
20251109,节能,88,人民网,新型电力系统,202511
20251109,区块链,0,人民网,新型电力系统,202511
20251109,虚拟电厂,0,人民网,新型电力系统,202511
20251109,能量路由器,0,人民网,新型电力系统,202511
20251109,多能流,0,人民网,新型电力系统,202511
20251109,需求侧,6,人民网,新型电力系统,202511
20251109,抽水蓄能,6,人民网,新型电力系统,202511
20251109,电化学储能,0,人民网,新型电力系统,202511
20251110,新闻数量,5,人民网,新型电力系统,202511
20251110,多能互补,0,人民网,新型电力系统,202511
20251110,碳中和,0,人民网,新型电力系统,202511
20251110,碳达峰,0,人民网,新型电力系统,202511
20251110,柔性输电,0,人民网,新型电力系统,202511
20251110,综合能源,0,人民网,新型电力系统,202511
20251110,氢能,0,人民网,新型电力系统,202511
20251110,电动汽车,0,人民网,新型电力系统,202511
20251110,分布式交易,0,人民网,新型电力系统,202511
20251110,微网,0,人民网,新型电力系统,202511
20251110,新型电力系统,5,人民网,新型电力系统,202511
20251110,储能,0,人民网,新型电力系统,202511
20251110,CCHP,0,人民网,新型电力系统,202511
20251110,燃料电池,0,人民网,新型电力系统,202511
20251110,能源物联网,0,人民网,新型电力系统,202511
20251110,能源大数据,0,人民网,新型电力系统,202511
20251110,电力交易,0,人民网,新型电力系统,202511
20251110,能效,0,人民网,新型电力系统,202511
20251110,节能,0,人民网,新型电力系统,202511
20251110,区块链,0,人民网,新型电力系统,202511
20251110,虚拟电厂,0,人民网,新型电力系统,202511
20251110,能量路由器,0,人民网,新型电力系统,202511
20251110,多能流,0,人民网,新型电力系统,202511
20251110,需求侧,0,人民网,新型电力系统,202511
20251110,抽水蓄能,0,人民网,新型电力系统,202511
20251110,电化学储能,0,人民网,新型电力系统,202511
20251111,新闻数量,17,人民网,新型电力系统,202511
20251111,多能互补,1,人民网,新型电力系统,202511
20251111,碳中和,0,人民网,新型电力系统,202511
20251111,碳达峰,4,人民网,新型电力系统,202511
20251111,柔性输电,0,人民网,新型电力系统,202511
20251111,综合能源,0,人民网,新型电力系统,202511
20251111,氢能,1,人民网,新型电力系统,202511
20251111,电动汽车,1,人民网,新型电力系统,202511
20251111,分布式交易,0,人民网,新型电力系统,202511
20251111,微网,0,人民网,新型电力系统,202511
20251111,新型电力系统,35,人民网,新型电力系统,202511
20251111,储能,16,人民网,新型电力系统,202511
20251111,CCHP,0,人民网,新型电力系统,202511
20251111,燃料电池,1,人民网,新型电力系统,202511
20251111,能源物联网,0,人民网,新型电力系统,202511
20251111,能源大数据,0,人民网,新型电力系统,202511
20251111,电力交易,0,人民网,新型电力系统,202511
20251111,能效,0,人民网,新型电力系统,202511
20251111,节能,4,人民网,新型电力系统,202511
20251111,区块链,0,人民网,新型电力系统,202511
20251111,虚拟电厂,9,人民网,新型电力系统,202511
20251111,能量路由器,0,人民网,新型电力系统,202511
20251111,多能流,0,人民网,新型电力系统,202511
20251111,需求侧,0,人民网,新型电力系统,202511
20251111,抽水蓄能,4,人民网,新型电力系统,202511
20251111,电化学储能,0,人民网,新型电力系统,202511
20251112,新闻数量,8,人民网,新型电力系统,202511
20251112,多能互补,2,人民网,新型电力系统,202511
20251112,碳中和,5,人民网,新型电力系统,202511
20251112,碳达峰,5,人民网,新型电力系统,202511
20251112,柔性输电,0,人民网,新型电力系统,202511
20251112,综合能源,1,人民网,新型电力系统,202511
20251112,氢能,6,人民网,新型电力系统,202511
20251112,电动汽车,0,人民网,新型电力系统,202511
20251112,分布式交易,0,人民网,新型电力系统,202511
20251112,微网,0,人民网,新型电力系统,202511
20251112,新型电力系统,10,人民网,新型电力系统,202511
20251112,储能,27,人民网,新型电力系统,202511
20251112,CCHP,0,人民网,新型电力系统,202511
20251112,燃料电池,0,人民网,新型电力系统,202511
20251112,能源物联网,0,人民网,新型电力系统,202511
20251112,能源大数据,0,人民网,新型电力系统,202511
20251112,电力交易,0,人民网,新型电力系统,202511
20251112,能效,1,人民网,新型电力系统,202511
20251112,节能,9,人民网,新型电力系统,202511
20251112,区块链,0,人民网,新型电力系统,202511
20251112,虚拟电厂,2,人民网,新型电力系统,202511
20251112,能量路由器,0,人民网,新型电力系统,202511
20251112,多能流,0,人民网,新型电力系统,202511
20251112,需求侧,0,人民网,新型电力系统,202511
20251112,抽水蓄能,4,人民网,新型电力系统,202511
20251112,电化学储能,0,人民网,新型电力系统,202511
20251113,新闻数量,5,人民网,新型电力系统,202511
20251113,多能互补,0,人民网,新型电力系统,202511
20251113,碳中和,0,人民网,新型电力系统,202511
20251113,碳达峰,0,人民网,新型电力系统,202511
20251113,柔性输电,0,人民网,新型电力系统,202511
20251113,综合能源,0,人民网,新型电力系统,202511
20251113,氢能,1,人民网,新型电力系统,202511
20251113,电动汽车,0,人民网,新型电力系统,202511
20251113,分布式交易,0,人民网,新型电力系统,202511
20251113,微网,0,人民网,新型电力系统,202511
20251113,新型电力系统,5,人民网,新型电力系统,202511
20251113,储能,14,人民网,新型电力系统,202511
20251113,CCHP,0,人民网,新型电力系统,202511
20251113,燃料电池,0,人民网,新型电力系统,202511
20251113,能源物联网,0,人民网,新型电力系统,202511
20251113,能源大数据,0,人民网,新型电力系统,202511
20251113,电力交易,0,人民网,新型电力系统,202511
20251113,能效,0,人民网,新型电力系统,202511
20251113,节能,0,人民网,新型电力系统,202511
20251113,区块链,0,人民网,新型电力系统,202511
20251113,虚拟电厂,0,人民网,新型电力系统,202511
20251113,能量路由器,0,人民网,新型电力系统,202511
20251113,多能流,0,人民网,新型电力系统,202511
20251113,需求侧,0,人民网,新型电力系统,202511
20251113,抽水蓄能,0,人民网,新型电力系统,202511
20251113,电化学储能,0,人民网,新型电力系统,202511
20251114,新闻数量,8,人民网,新型电力系统,202511
20251114,多能互补,0,人民网,新型电力系统,202511
20251114,碳中和,2,人民网,新型电力系统,202511
20251114,碳达峰,2,人民网,新型电力系统,202511
20251114,柔性输电,0,人民网,新型电力系统,202511
20251114,综合能源,2,人民网,新型电力系统,202511
20251114,氢能,1,人民网,新型电力系统,202511
20251114,电动汽车,0,人民网,新型电力系统,202511
20251114,分布式交易,0,人民网,新型电力系统,202511
20251114,微网,0,人民网,新型电力系统,202511
20251114,新型电力系统,11,人民网,新型电力系统,202511
20251114,储能,6,人民网,新型电力系统,202511
20251114,CCHP,0,人民网,新型电力系统,202511
20251114,燃料电池,0,人民网,新型电力系统,202511
20251114,能源物联网,0,人民网,新型电力系统,202511
20251114,能源大数据,0,人民网,新型电力系统,202511
20251114,电力交易,0,人民网,新型电力系统,202511
20251114,能效,2,人民网,新型电力系统,202511
20251114,节能,1,人民网,新型电力系统,202511
20251114,区块链,0,人民网,新型电力系统,202511
20251114,虚拟电厂,1,人民网,新型电力系统,202511
20251114,能量路由器,0,人民网,新型电力系统,202511
20251114,多能流,0,人民网,新型电力系统,202511
20251114,需求侧,0,人民网,新型电力系统,202511
20251114,抽水蓄能,0,人民网,新型电力系统,202511
20251114,电化学储能,0,人民网,新型电力系统,202511
20251115,新闻数量,1,人民网,新型电力系统,202511
20251115,多能互补,0,人民网,新型电力系统,202511
20251115,碳中和,0,人民网,新型电力系统,202511
20251115,碳达峰,0,人民网,新型电力系统,202511
20251115,柔性输电,0,人民网,新型电力系统,202511
20251115,综合能源,0,人民网,新型电力系统,202511
20251115,氢能,0,人民网,新型电力系统,202511
20251115,电动汽车,0,人民网,新型电力系统,202511
20251115,分布式交易,0,人民网,新型电力系统,202511
20251115,微网,0,人民网,新型电力系统,202511
20251115,新型电力系统,2,人民网,新型电力系统,202511
20251115,储能,0,人民网,新型电力系统,202511
20251115,CCHP,0,人民网,新型电力系统,202511
20251115,燃料电池,0,人民网,新型电力系统,202511
20251115,能源物联网,0,人民网,新型电力系统,202511
20251115,能源大数据,0,人民网,新型电力系统,202511
20251115,电力交易,0,人民网,新型电力系统,202511
20251115,能效,1,人民网,新型电力系统,202511
20251115,节能,0,人民网,新型电力系统,202511
20251115,区块链,0,人民网,新型电力系统,202511
20251115,虚拟电厂,0,人民网,新型电力系统,202511
20251115,能量路由器,0,人民网,新型电力系统,202511
20251115,多能流,0,人民网,新型电力系统,202511
20251115,需求侧,0,人民网,新型电力系统,202511
20251115,抽水蓄能,0,人民网,新型电力系统,202511
20251115,电化学储能,0,人民网,新型电力系统,202511
20251116,新闻数量,1,人民网,新型电力系统,202511
20251116,多能互补,1,人民网,新型电力系统,202511
20251116,碳中和,0,人民网,新型电力系统,202511
20251116,碳达峰,0,人民网,新型电力系统,202511
20251116,柔性输电,0,人民网,新型电力系统,202511
20251116,综合能源,1,人民网,新型电力系统,202511
20251116,氢能,2,人民网,新型电力系统,202511
20251116,电动汽车,0,人民网,新型电力系统,202511
20251116,分布式交易,0,人民网,新型电力系统,202511
20251116,微网,0,人民网,新型电力系统,202511
20251116,新型电力系统,5,人民网,新型电力系统,202511
20251116,储能,4,人民网,新型电力系统,202511
20251116,CCHP,0,人民网,新型电力系统,202511
20251116,燃料电池,0,人民网,新型电力系统,202511
20251116,能源物联网,0,人民网,新型电力系统,202511
20251116,能源大数据,0,人民网,新型电力系统,202511
20251116,电力交易,0,人民网,新型电力系统,202511
20251116,能效,0,人民网,新型电力系统,202511
20251116,节能,1,人民网,新型电力系统,202511
20251116,区块链,0,人民网,新型电力系统,202511
20251116,虚拟电厂,0,人民网,新型电力系统,202511
20251116,能量路由器,0,人民网,新型电力系统,202511
20251116,多能流,0,人民网,新型电力系统,202511
20251116,需求侧,0,人民网,新型电力系统,202511
20251116,抽水蓄能,1,人民网,新型电力系统,202511
20251116,电化学储能,0,人民网,新型电力系统,202511
20251117,新闻数量,3,人民网,新型电力系统,202511
20251117,多能互补,0,人民网,新型电力系统,202511
20251117,碳中和,0,人民网,新型电力系统,202511
20251117,碳达峰,0,人民网,新型电力系统,202511
20251117,柔性输电,0,人民网,新型电力系统,202511
20251117,综合能源,0,人民网,新型电力系统,202511
20251117,氢能,0,人民网,新型电力系统,202511
20251117,电动汽车,0,人民网,新型电力系统,202511
20251117,分布式交易,0,人民网,新型电力系统,202511
20251117,微网,0,人民网,新型电力系统,202511
20251117,新型电力系统,6,人民网,新型电力系统,202511
20251117,储能,8,人民网,新型电力系统,202511
20251117,CCHP,0,人民网,新型电力系统,202511
20251117,燃料电池,0,人民网,新型电力系统,202511
20251117,能源物联网,0,人民网,新型电力系统,202511
20251117,能源大数据,0,人民网,新型电力系统,202511
20251117,电力交易,0,人民网,新型电力系统,202511
20251117,能效,1,人民网,新型电力系统,202511
20251117,节能,0,人民网,新型电力系统,202511
20251117,区块链,0,人民网,新型电力系统,202511
20251117,虚拟电厂,0,人民网,新型电力系统,202511
20251117,能量路由器,0,人民网,新型电力系统,202511
20251117,多能流,0,人民网,新型电力系统,202511
20251117,需求侧,0,人民网,新型电力系统,202511
20251117,抽水蓄能,0,人民网,新型电力系统,202511
20251117,电化学储能,0,人民网,新型电力系统,202511
20251118,新闻数量,12,人民网,新型电力系统,202511
20251118,多能互补,0,人民网,新型电力系统,202511
20251118,碳中和,0,人民网,新型电力系统,202511
20251118,碳达峰,0,人民网,新型电力系统,202511
20251118,柔性输电,0,人民网,新型电力系统,202511
20251118,综合能源,0,人民网,新型电力系统,202511
20251118,氢能,2,人民网,新型电力系统,202511
20251118,电动汽车,39,人民网,新型电力系统,202511
20251118,分布式交易,0,人民网,新型电力系统,202511
20251118,微网,0,人民网,新型电力系统,202511
20251118,新型电力系统,14,人民网,新型电力系统,202511
20251118,储能,17,人民网,新型电力系统,202511
20251118,CCHP,0,人民网,新型电力系统,202511
20251118,燃料电池,1,人民网,新型电力系统,202511
20251118,能源物联网,0,人民网,新型电力系统,202511
20251118,能源大数据,0,人民网,新型电力系统,202511
20251118,电力交易,0,人民网,新型电力系统,202511
20251118,能效,0,人民网,新型电力系统,202511
20251118,节能,2,人民网,新型电力系统,202511
20251118,区块链,0,人民网,新型电力系统,202511
20251118,虚拟电厂,1,人民网,新型电力系统,202511
20251118,能量路由器,0,人民网,新型电力系统,202511
20251118,多能流,0,人民网,新型电力系统,202511
20251118,需求侧,0,人民网,新型电力系统,202511
20251118,抽水蓄能,3,人民网,新型电力系统,202511
20251118,电化学储能,0,人民网,新型电力系统,202511
20251119,新闻数量,9,人民网,新型电力系统,202511
20251119,多能互补,0,人民网,新型电力系统,202511
20251119,碳中和,6,人民网,新型电力系统,202511
20251119,碳达峰,9,人民网,新型电力系统,202511
20251119,柔性输电,0,人民网,新型电力系统,202511
20251119,综合能源,1,人民网,新型电力系统,202511
20251119,氢能,1,人民网,新型电力系统,202511
20251119,电动汽车,0,人民网,新型电力系统,202511
20251119,分布式交易,0,人民网,新型电力系统,202511
20251119,微网,0,人民网,新型电力系统,202511
20251119,新型电力系统,9,人民网,新型电力系统,202511
20251119,储能,12,人民网,新型电力系统,202511
20251119,CCHP,0,人民网,新型电力系统,202511
20251119,燃料电池,0,人民网,新型电力系统,202511
20251119,能源物联网,0,人民网,新型电力系统,202511
20251119,能源大数据,0,人民网,新型电力系统,202511
20251119,电力交易,0,人民网,新型电力系统,202511
20251119,能效,5,人民网,新型电力系统,202511
20251119,节能,5,人民网,新型电力系统,202511
20251119,区块链,0,人民网,新型电力系统,202511
20251119,虚拟电厂,0,人民网,新型电力系统,202511
20251119,能量路由器,0,人民网,新型电力系统,202511
20251119,多能流,0,人民网,新型电力系统,202511
20251119,需求侧,0,人民网,新型电力系统,202511
20251119,抽水蓄能,0,人民网,新型电力系统,202511
20251119,电化学储能,0,人民网,新型电力系统,202511
20251120,新闻数量,17,人民网,新型电力系统,202511
20251120,多能互补,4,人民网,新型电力系统,202511
20251120,碳中和,0,人民网,新型电力系统,202511
20251120,碳达峰,0,人民网,新型电力系统,202511
20251120,柔性输电,0,人民网,新型电力系统,202511
20251120,综合能源,3,人民网,新型电力系统,202511
20251120,氢能,4,人民网,新型电力系统,202511
20251120,电动汽车,0,人民网,新型电力系统,202511
20251120,分布式交易,0,人民网,新型电力系统,202511
20251120,微网,0,人民网,新型电力系统,202511
20251120,新型电力系统,19,人民网,新型电力系统,202511
20251120,储能,99,人民网,新型电力系统,202511
20251120,CCHP,0,人民网,新型电力系统,202511
20251120,燃料电池,0,人民网,新型电力系统,202511
20251120,能源物联网,0,人民网,新型电力系统,202511
20251120,能源大数据,0,人民网,新型电力系统,202511
20251120,电力交易,2,人民网,新型电力系统,202511
20251120,能效,0,人民网,新型电力系统,202511
20251120,节能,0,人民网,新型电力系统,202511
20251120,区块链,0,人民网,新型电力系统,202511
20251120,虚拟电厂,3,人民网,新型电力系统,202511
20251120,能量路由器,0,人民网,新型电力系统,202511
20251120,多能流,0,人民网,新型电力系统,202511
20251120,需求侧,0,人民网,新型电力系统,202511
20251120,抽水蓄能,12,人民网,新型电力系统,202511
20251120,电化学储能,0,人民网,新型电力系统,202511
20251121,新闻数量,8,人民网,新型电力系统,202511
20251121,多能互补,0,人民网,新型电力系统,202511
20251121,碳中和,3,人民网,新型电力系统,202511
20251121,碳达峰,2,人民网,新型电力系统,202511
20251121,柔性输电,0,人民网,新型电力系统,202511
20251121,综合能源,1,人民网,新型电力系统,202511
20251121,氢能,0,人民网,新型电力系统,202511
20251121,电动汽车,1,人民网,新型电力系统,202511
20251121,分布式交易,0,人民网,新型电力系统,202511
20251121,微网,0,人民网,新型电力系统,202511
20251121,新型电力系统,20,人民网,新型电力系统,202511
20251121,储能,48,人民网,新型电力系统,202511
20251121,CCHP,0,人民网,新型电力系统,202511
20251121,燃料电池,0,人民网,新型电力系统,202511
20251121,能源物联网,0,人民网,新型电力系统,202511
20251121,能源大数据,2,人民网,新型电力系统,202511
20251121,电力交易,1,人民网,新型电力系统,202511
20251121,能效,1,人民网,新型电力系统,202511
20251121,节能,4,人民网,新型电力系统,202511
20251121,区块链,0,人民网,新型电力系统,202511
20251121,虚拟电厂,2,人民网,新型电力系统,202511
20251121,能量路由器,0,人民网,新型电力系统,202511
20251121,多能流,0,人民网,新型电力系统,202511
20251121,需求侧,0,人民网,新型电力系统,202511
20251121,抽水蓄能,0,人民网,新型电力系统,202511
20251121,电化学储能,0,人民网,新型电力系统,202511
20251122,新闻数量,3,人民网,新型电力系统,202511
20251122,多能互补,1,人民网,新型电力系统,202511
20251122,碳中和,0,人民网,新型电力系统,202511
20251122,碳达峰,0,人民网,新型电力系统,202511
20251122,柔性输电,0,人民网,新型电力系统,202511
20251122,综合能源,0,人民网,新型电力系统,202511
20251122,氢能,0,人民网,新型电力系统,202511
20251122,电动汽车,0,人民网,新型电力系统,202511
20251122,分布式交易,0,人民网,新型电力系统,202511
20251122,微网,0,人民网,新型电力系统,202511
20251122,新型电力系统,4,人民网,新型电力系统,202511
20251122,储能,9,人民网,新型电力系统,202511
20251122,CCHP,0,人民网,新型电力系统,202511
20251122,燃料电池,0,人民网,新型电力系统,202511
20251122,能源物联网,0,人民网,新型电力系统,202511
20251122,能源大数据,0,人民网,新型电力系统,202511
20251122,电力交易,0,人民网,新型电力系统,202511
20251122,能效,0,人民网,新型电力系统,202511
20251122,节能,0,人民网,新型电力系统,202511
20251122,区块链,0,人民网,新型电力系统,202511
20251122,虚拟电厂,0,人民网,新型电力系统,202511
20251122,能量路由器,0,人民网,新型电力系统,202511
20251122,多能流,0,人民网,新型电力系统,202511
20251122,需求侧,0,人民网,新型电力系统,202511
20251122,抽水蓄能,0,人民网,新型电力系统,202511
20251122,电化学储能,0,人民网,新型电力系统,202511
20251123,新闻数量,1,人民网,新型电力系统,202511
20251123,多能互补,0,人民网,新型电力系统,202511
20251123,碳中和,0,人民网,新型电力系统,202511
20251123,碳达峰,0,人民网,新型电力系统,202511
20251123,柔性输电,0,人民网,新型电力系统,202511
20251123,综合能源,0,人民网,新型电力系统,202511
20251123,氢能,0,人民网,新型电力系统,202511
20251123,电动汽车,0,人民网,新型电力系统,202511
20251123,分布式交易,0,人民网,新型电力系统,202511
20251123,微网,0,人民网,新型电力系统,202511
20251123,新型电力系统,1,人民网,新型电力系统,202511
20251123,储能,0,人民网,新型电力系统,202511
20251123,CCHP,0,人民网,新型电力系统,202511
20251123,燃料电池,0,人民网,新型电力系统,202511
20251123,能源物联网,0,人民网,新型电力系统,202511
20251123,能源大数据,0,人民网,新型电力系统,202511
20251123,电力交易,0,人民网,新型电力系统,202511
20251123,能效,0,人民网,新型电力系统,202511
20251123,节能,0,人民网,新型电力系统,202511
20251123,区块链,0,人民网,新型电力系统,202511
20251123,虚拟电厂,0,人民网,新型电力系统,202511
20251123,能量路由器,0,人民网,新型电力系统,202511
20251123,多能流,0,人民网,新型电力系统,202511
20251123,需求侧,0,人民网,新型电力系统,202511
20251123,抽水蓄能,0,人民网,新型电力系统,202511
20251123,电化学储能,0,人民网,新型电力系统,202511
20251124,新闻数量,2,人民网,新型电力系统,202511
20251124,多能互补,0,人民网,新型电力系统,202511
20251124,碳中和,1,人民网,新型电力系统,202511
20251124,碳达峰,2,人民网,新型电力系统,202511
20251124,柔性输电,0,人民网,新型电力系统,202511
20251124,综合能源,1,人民网,新型电力系统,202511
20251124,氢能,0,人民网,新型电力系统,202511
20251124,电动汽车,0,人民网,新型电力系统,202511
20251124,分布式交易,0,人民网,新型电力系统,202511
20251124,微网,0,人民网,新型电力系统,202511
20251124,新型电力系统,2,人民网,新型电力系统,202511
20251124,储能,2,人民网,新型电力系统,202511
20251124,CCHP,0,人民网,新型电力系统,202511
20251124,燃料电池,0,人民网,新型电力系统,202511
20251124,能源物联网,0,人民网,新型电力系统,202511
20251124,能源大数据,0,人民网,新型电力系统,202511
20251124,电力交易,0,人民网,新型电力系统,202511
20251124,能效,0,人民网,新型电力系统,202511
20251124,节能,3,人民网,新型电力系统,202511
20251124,区块链,1,人民网,新型电力系统,202511
20251124,虚拟电厂,0,人民网,新型电力系统,202511
20251124,能量路由器,0,人民网,新型电力系统,202511
20251124,多能流,0,人民网,新型电力系统,202511
20251124,需求侧,0,人民网,新型电力系统,202511
20251124,抽水蓄能,0,人民网,新型电力系统,202511
20251124,电化学储能,0,人民网,新型电力系统,202511
20251125,新闻数量,5,人民网,新型电力系统,202511
20251125,多能互补,1,人民网,新型电力系统,202511
20251125,碳中和,0,人民网,新型电力系统,202511
20251125,碳达峰,0,人民网,新型电力系统,202511
20251125,柔性输电,0,人民网,新型电力系统,202511
20251125,综合能源,0,人民网,新型电力系统,202511
20251125,氢能,1,人民网,新型电力系统,202511
20251125,电动汽车,0,人民网,新型电力系统,202511
20251125,分布式交易,0,人民网,新型电力系统,202511
20251125,微网,0,人民网,新型电力系统,202511
20251125,新型电力系统,8,人民网,新型电力系统,202511
20251125,储能,11,人民网,新型电力系统,202511
20251125,CCHP,0,人民网,新型电力系统,202511
20251125,燃料电池,0,人民网,新型电力系统,202511
20251125,能源物联网,0,人民网,新型电力系统,202511
20251125,能源大数据,0,人民网,新型电力系统,202511
20251125,电力交易,0,人民网,新型电力系统,202511
20251125,能效,3,人民网,新型电力系统,202511
20251125,节能,4,人民网,新型电力系统,202511
20251125,区块链,0,人民网,新型电力系统,202511
20251125,虚拟电厂,0,人民网,新型电力系统,202511
20251125,能量路由器,0,人民网,新型电力系统,202511
20251125,多能流,0,人民网,新型电力系统,202511
20251125,需求侧,0,人民网,新型电力系统,202511
20251125,抽水蓄能,0,人民网,新型电力系统,202511
20251125,电化学储能,0,人民网,新型电力系统,202511
20251126,新闻数量,3,人民网,新型电力系统,202511
20251126,多能互补,0,人民网,新型电力系统,202511
20251126,碳中和,2,人民网,新型电力系统,202511
20251126,碳达峰,2,人民网,新型电力系统,202511
20251126,柔性输电,0,人民网,新型电力系统,202511
20251126,综合能源,0,人民网,新型电力系统,202511
20251126,氢能,4,人民网,新型电力系统,202511
20251126,电动汽车,1,人民网,新型电力系统,202511
20251126,分布式交易,0,人民网,新型电力系统,202511
20251126,微网,0,人民网,新型电力系统,202511
20251126,新型电力系统,4,人民网,新型电力系统,202511
20251126,储能,6,人民网,新型电力系统,202511
20251126,CCHP,0,人民网,新型电力系统,202511
20251126,燃料电池,0,人民网,新型电力系统,202511
20251126,能源物联网,0,人民网,新型电力系统,202511
20251126,能源大数据,0,人民网,新型电力系统,202511
20251126,电力交易,0,人民网,新型电力系统,202511
20251126,能效,0,人民网,新型电力系统,202511
20251126,节能,0,人民网,新型电力系统,202511
20251126,区块链,0,人民网,新型电力系统,202511
20251126,虚拟电厂,2,人民网,新型电力系统,202511
20251126,能量路由器,0,人民网,新型电力系统,202511
20251126,多能流,0,人民网,新型电力系统,202511
20251126,需求侧,1,人民网,新型电力系统,202511
20251126,抽水蓄能,0,人民网,新型电力系统,202511
20251126,电化学储能,0,人民网,新型电力系统,202511
20251127,新闻数量,3,人民网,新型电力系统,202511
20251127,多能互补,0,人民网,新型电力系统,202511
20251127,碳中和,0,人民网,新型电力系统,202511
20251127,碳达峰,0,人民网,新型电力系统,202511
20251127,柔性输电,0,人民网,新型电力系统,202511
20251127,综合能源,0,人民网,新型电力系统,202511
20251127,氢能,0,人民网,新型电力系统,202511
20251127,电动汽车,2,人民网,新型电力系统,202511
20251127,分布式交易,0,人民网,新型电力系统,202511
20251127,微网,0,人民网,新型电力系统,202511
20251127,新型电力系统,7,人民网,新型电力系统,202511
20251127,储能,2,人民网,新型电力系统,202511
20251127,CCHP,0,人民网,新型电力系统,202511
20251127,燃料电池,0,人民网,新型电力系统,202511
20251127,能源物联网,0,人民网,新型电力系统,202511
20251127,能源大数据,0,人民网,新型电力系统,202511
20251127,电力交易,1,人民网,新型电力系统,202511
20251127,能效,0,人民网,新型电力系统,202511
20251127,节能,0,人民网,新型电力系统,202511
20251127,区块链,0,人民网,新型电力系统,202511
20251127,虚拟电厂,0,人民网,新型电力系统,202511
20251127,能量路由器,0,人民网,新型电力系统,202511
20251127,多能流,0,人民网,新型电力系统,202511
20251127,需求侧,0,人民网,新型电力系统,202511
20251127,抽水蓄能,0,人民网,新型电力系统,202511
20251127,电化学储能,0,人民网,新型电力系统,202511
20251128,新闻数量,6,人民网,新型电力系统,202511
20251128,多能互补,0,人民网,新型电力系统,202511
20251128,碳中和,1,人民网,新型电力系统,202511
20251128,碳达峰,0,人民网,新型电力系统,202511
20251128,柔性输电,0,人民网,新型电力系统,202511
20251128,综合能源,1,人民网,新型电力系统,202511
20251128,氢能,1,人民网,新型电力系统,202511
20251128,电动汽车,0,人民网,新型电力系统,202511
20251128,分布式交易,0,人民网,新型电力系统,202511
20251128,微网,0,人民网,新型电力系统,202511
20251128,新型电力系统,9,人民网,新型电力系统,202511
20251128,储能,5,人民网,新型电力系统,202511
20251128,CCHP,0,人民网,新型电力系统,202511
20251128,燃料电池,0,人民网,新型电力系统,202511
20251128,能源物联网,0,人民网,新型电力系统,202511
20251128,能源大数据,0,人民网,新型电力系统,202511
20251128,电力交易,0,人民网,新型电力系统,202511
20251128,能效,0,人民网,新型电力系统,202511
20251128,节能,1,人民网,新型电力系统,202511
20251128,区块链,0,人民网,新型电力系统,202511
20251128,虚拟电厂,7,人民网,新型电力系统,202511
20251128,能量路由器,0,人民网,新型电力系统,202511
20251128,多能流,0,人民网,新型电力系统,202511
20251128,需求侧,1,人民网,新型电力系统,202511
20251128,抽水蓄能,0,人民网,新型电力系统,202511
20251128,电化学储能,0,人民网,新型电力系统,202511
20251129,新闻数量,7,人民网,新型电力系统,202511
20251129,多能互补,1,人民网,新型电力系统,202511
20251129,碳中和,0,人民网,新型电力系统,202511
20251129,碳达峰,0,人民网,新型电力系统,202511
20251129,柔性输电,1,人民网,新型电力系统,202511
20251129,综合能源,1,人民网,新型电力系统,202511
20251129,氢能,7,人民网,新型电力系统,202511
20251129,电动汽车,0,人民网,新型电力系统,202511
20251129,分布式交易,0,人民网,新型电力系统,202511
20251129,微网,0,人民网,新型电力系统,202511
20251129,新型电力系统,25,人民网,新型电力系统,202511
20251129,储能,34,人民网,新型电力系统,202511
20251129,CCHP,0,人民网,新型电力系统,202511
20251129,燃料电池,0,人民网,新型电力系统,202511
20251129,能源物联网,0,人民网,新型电力系统,202511
20251129,能源大数据,1,人民网,新型电力系统,202511
20251129,电力交易,0,人民网,新型电力系统,202511
20251129,能效,0,人民网,新型电力系统,202511
20251129,节能,6,人民网,新型电力系统,202511
20251129,区块链,0,人民网,新型电力系统,202511
20251129,虚拟电厂,4,人民网,新型电力系统,202511
20251129,能量路由器,1,人民网,新型电力系统,202511
20251129,多能流,0,人民网,新型电力系统,202511
20251129,需求侧,0,人民网,新型电力系统,202511
20251129,抽水蓄能,2,人民网,新型电力系统,202511
20251129,电化学储能,0,人民网,新型电力系统,202511
20251130,新闻数量,4,人民网,新型电力系统,202511
20251130,多能互补,0,人民网,新型电力系统,202511
20251130,碳中和,0,人民网,新型电力系统,202511
20251130,碳达峰,0,人民网,新型电力系统,202511
20251130,柔性输电,0,人民网,新型电力系统,202511
20251130,综合能源,1,人民网,新型电力系统,202511
20251130,氢能,0,人民网,新型电力系统,202511
20251130,电动汽车,0,人民网,新型电力系统,202511
20251130,分布式交易,0,人民网,新型电力系统,202511
20251130,微网,0,人民网,新型电力系统,202511
20251130,新型电力系统,12,人民网,新型电力系统,202511
20251130,储能,6,人民网,新型电力系统,202511
20251130,CCHP,0,人民网,新型电力系统,202511
20251130,燃料电池,0,人民网,新型电力系统,202511
20251130,能源物联网,0,人民网,新型电力系统,202511
20251130,能源大数据,0,人民网,新型电力系统,202511
20251130,电力交易,1,人民网,新型电力系统,202511
20251130,能效,0,人民网,新型电力系统,202511
20251130,节能,1,人民网,新型电力系统,202511
20251130,区块链,0,人民网,新型电力系统,202511
20251130,虚拟电厂,0,人民网,新型电力系统,202511
20251130,能量路由器,0,人民网,新型电力系统,202511
20251130,多能流,0,人民网,新型电力系统,202511
20251130,需求侧,0,人民网,新型电力系统,202511
20251130,抽水蓄能,11,人民网,新型电力系统,202511
20251130,电化学储能,0,人民网,新型电力系统,202511
20251201,新闻数量,5,人民网,新型电力系统,202512
20251201,多能互补,0,人民网,新型电力系统,202512
20251201,碳中和,1,人民网,新型电力系统,202512
20251201,碳达峰,4,人民网,新型电力系统,202512
20251201,柔性输电,0,人民网,新型电力系统,202512
20251201,综合能源,4,人民网,新型电力系统,202512
20251201,氢能,2,人民网,新型电力系统,202512
20251201,电动汽车,1,人民网,新型电力系统,202512
20251201,分布式交易,0,人民网,新型电力系统,202512
20251201,微网,1,人民网,新型电力系统,202512
20251201,新型电力系统,7,人民网,新型电力系统,202512
20251201,储能,7,人民网,新型电力系统,202512
20251201,CCHP,0,人民网,新型电力系统,202512
20251201,燃料电池,0,人民网,新型电力系统,202512
20251201,能源物联网,0,人民网,新型电力系统,202512
20251201,能源大数据,0,人民网,新型电力系统,202512
20251201,电力交易,0,人民网,新型电力系统,202512
20251201,能效,0,人民网,新型电力系统,202512
20251201,节能,2,人民网,新型电力系统,202512
20251201,区块链,0,人民网,新型电力系统,202512
20251201,虚拟电厂,0,人民网,新型电力系统,202512
20251201,能量路由器,0,人民网,新型电力系统,202512
20251201,多能流,0,人民网,新型电力系统,202512
20251201,需求侧,0,人民网,新型电力系统,202512
20251201,抽水蓄能,1,人民网,新型电力系统,202512
20251201,电化学储能,0,人民网,新型电力系统,202512
20251203,新闻数量,6,人民网,新型电力系统,202512
20251203,多能互补,1,人民网,新型电力系统,202512
20251203,碳中和,0,人民网,新型电力系统,202512
20251203,碳达峰,0,人民网,新型电力系统,202512
20251203,柔性输电,0,人民网,新型电力系统,202512
20251203,综合能源,0,人民网,新型电力系统,202512
20251203,氢能,0,人民网,新型电力系统,202512
20251203,电动汽车,0,人民网,新型电力系统,202512
20251203,分布式交易,0,人民网,新型电力系统,202512
20251203,微网,0,人民网,新型电力系统,202512
20251203,新型电力系统,7,人民网,新型电力系统,202512
20251203,储能,48,人民网,新型电力系统,202512
20251203,CCHP,0,人民网,新型电力系统,202512
20251203,燃料电池,0,人民网,新型电力系统,202512
20251203,能源物联网,0,人民网,新型电力系统,202512
20251203,能源大数据,0,人民网,新型电力系统,202512
20251203,电力交易,0,人民网,新型电力系统,202512
20251203,能效,0,人民网,新型电力系统,202512
20251203,节能,0,人民网,新型电力系统,202512
20251203,区块链,0,人民网,新型电力系统,202512
20251203,虚拟电厂,0,人民网,新型电力系统,202512
20251203,能量路由器,0,人民网,新型电力系统,202512
20251203,多能流,0,人民网,新型电力系统,202512
20251203,需求侧,0,人民网,新型电力系统,202512
20251203,抽水蓄能,0,人民网,新型电力系统,202512
20251203,电化学储能,0,人民网,新型电力系统,202512
20251204,新闻数量,5,人民网,新型电力系统,202512
20251204,多能互补,0,人民网,新型电力系统,202512
20251204,碳中和,0,人民网,新型电力系统,202512
20251204,碳达峰,0,人民网,新型电力系统,202512
20251204,柔性输电,0,人民网,新型电力系统,202512
20251204,综合能源,0,人民网,新型电力系统,202512
20251204,氢能,4,人民网,新型电力系统,202512
20251204,电动汽车,0,人民网,新型电力系统,202512
20251204,分布式交易,0,人民网,新型电力系统,202512
20251204,微网,0,人民网,新型电力系统,202512
20251204,新型电力系统,6,人民网,新型电力系统,202512
20251204,储能,11,人民网,新型电力系统,202512
20251204,CCHP,0,人民网,新型电力系统,202512
20251204,燃料电池,0,人民网,新型电力系统,202512
20251204,能源物联网,0,人民网,新型电力系统,202512
20251204,能源大数据,0,人民网,新型电力系统,202512
20251204,电力交易,2,人民网,新型电力系统,202512
20251204,能效,1,人民网,新型电力系统,202512
20251204,节能,9,人民网,新型电力系统,202512
20251204,区块链,0,人民网,新型电力系统,202512
20251204,虚拟电厂,0,人民网,新型电力系统,202512
20251204,能量路由器,0,人民网,新型电力系统,202512
20251204,多能流,0,人民网,新型电力系统,202512
20251204,需求侧,6,人民网,新型电力系统,202512
20251204,抽水蓄能,4,人民网,新型电力系统,202512
20251204,电化学储能,0,人民网,新型电力系统,202512
20251205,新闻数量,8,人民网,新型电力系统,202512
20251205,多能互补,0,人民网,新型电力系统,202512
20251205,碳中和,0,人民网,新型电力系统,202512
20251205,碳达峰,0,人民网,新型电力系统,202512
20251205,柔性输电,0,人民网,新型电力系统,202512
20251205,综合能源,0,人民网,新型电力系统,202512
20251205,氢能,0,人民网,新型电力系统,202512
20251205,电动汽车,1,人民网,新型电力系统,202512
20251205,分布式交易,0,人民网,新型电力系统,202512
20251205,微网,0,人民网,新型电力系统,202512
20251205,新型电力系统,25,人民网,新型电力系统,202512
20251205,储能,12,人民网,新型电力系统,202512
20251205,CCHP,0,人民网,新型电力系统,202512
20251205,燃料电池,0,人民网,新型电力系统,202512
20251205,能源物联网,0,人民网,新型电力系统,202512
20251205,能源大数据,0,人民网,新型电力系统,202512
20251205,电力交易,0,人民网,新型电力系统,202512
20251205,能效,1,人民网,新型电力系统,202512
20251205,节能,1,人民网,新型电力系统,202512
20251205,区块链,0,人民网,新型电力系统,202512
20251205,虚拟电厂,0,人民网,新型电力系统,202512
20251205,能量路由器,0,人民网,新型电力系统,202512
20251205,多能流,0,人民网,新型电力系统,202512
20251205,需求侧,0,人民网,新型电力系统,202512
20251205,抽水蓄能,1,人民网,新型电力系统,202512
20251205,电化学储能,1,人民网,新型电力系统,202512
20251206,新闻数量,2,人民网,新型电力系统,202512
20251206,多能互补,0,人民网,新型电力系统,202512
20251206,碳中和,0,人民网,新型电力系统,202512
20251206,碳达峰,0,人民网,新型电力系统,202512
20251206,柔性输电,0,人民网,新型电力系统,202512
20251206,综合能源,0,人民网,新型电力系统,202512
20251206,氢能,0,人民网,新型电力系统,202512
20251206,电动汽车,0,人民网,新型电力系统,202512
20251206,分布式交易,0,人民网,新型电力系统,202512
20251206,微网,0,人民网,新型电力系统,202512
20251206,新型电力系统,4,人民网,新型电力系统,202512
20251206,储能,0,人民网,新型电力系统,202512
20251206,CCHP,0,人民网,新型电力系统,202512
20251206,燃料电池,0,人民网,新型电力系统,202512
20251206,能源物联网,0,人民网,新型电力系统,202512
20251206,能源大数据,0,人民网,新型电力系统,202512
20251206,电力交易,0,人民网,新型电力系统,202512
20251206,能效,0,人民网,新型电力系统,202512
20251206,节能,0,人民网,新型电力系统,202512
20251206,区块链,0,人民网,新型电力系统,202512
20251206,虚拟电厂,0,人民网,新型电力系统,202512
20251206,能量路由器,0,人民网,新型电力系统,202512
20251206,多能流,0,人民网,新型电力系统,202512
20251206,需求侧,0,人民网,新型电力系统,202512
20251206,抽水蓄能,1,人民网,新型电力系统,202512
20251206,电化学储能,0,人民网,新型电力系统,202512
20251207,新闻数量,2,人民网,新型电力系统,202512
20251207,多能互补,0,人民网,新型电力系统,202512
20251207,碳中和,0,人民网,新型电力系统,202512
20251207,碳达峰,0,人民网,新型电力系统,202512
20251207,柔性输电,0,人民网,新型电力系统,202512
20251207,综合能源,0,人民网,新型电力系统,202512
20251207,氢能,1,人民网,新型电力系统,202512
20251207,电动汽车,0,人民网,新型电力系统,202512
20251207,分布式交易,0,人民网,新型电力系统,202512
20251207,微网,0,人民网,新型电力系统,202512
20251207,新型电力系统,2,人民网,新型电力系统,202512
20251207,储能,3,人民网,新型电力系统,202512
20251207,CCHP,0,人民网,新型电力系统,202512
20251207,燃料电池,0,人民网,新型电力系统,202512
20251207,能源物联网,0,人民网,新型电力系统,202512
20251207,能源大数据,0,人民网,新型电力系统,202512
20251207,电力交易,0,人民网,新型电力系统,202512
20251207,能效,0,人民网,新型电力系统,202512
20251207,节能,0,人民网,新型电力系统,202512
20251207,区块链,0,人民网,新型电力系统,202512
20251207,虚拟电厂,3,人民网,新型电力系统,202512
20251207,能量路由器,0,人民网,新型电力系统,202512
20251207,多能流,0,人民网,新型电力系统,202512
20251207,需求侧,0,人民网,新型电力系统,202512
20251207,抽水蓄能,0,人民网,新型电力系统,202512
20251207,电化学储能,0,人民网,新型电力系统,202512
20251208,新闻数量,7,人民网,新型电力系统,202512
20251208,多能互补,2,人民网,新型电力系统,202512
20251208,碳中和,5,人民网,新型电力系统,202512
20251208,碳达峰,14,人民网,新型电力系统,202512
20251208,柔性输电,0,人民网,新型电力系统,202512
20251208,综合能源,1,人民网,新型电力系统,202512
20251208,氢能,4,人民网,新型电力系统,202512
20251208,电动汽车,0,人民网,新型电力系统,202512
20251208,分布式交易,0,人民网,新型电力系统,202512
20251208,微网,0,人民网,新型电力系统,202512
20251208,新型电力系统,7,人民网,新型电力系统,202512
20251208,储能,5,人民网,新型电力系统,202512
20251208,CCHP,0,人民网,新型电力系统,202512
20251208,燃料电池,0,人民网,新型电力系统,202512
20251208,能源物联网,0,人民网,新型电力系统,202512
20251208,能源大数据,0,人民网,新型电力系统,202512
20251208,电力交易,0,人民网,新型电力系统,202512
20251208,能效,2,人民网,新型电力系统,202512
20251208,节能,5,人民网,新型电力系统,202512
20251208,区块链,1,人民网,新型电力系统,202512
20251208,虚拟电厂,2,人民网,新型电力系统,202512
20251208,能量路由器,0,人民网,新型电力系统,202512
20251208,多能流,0,人民网,新型电力系统,202512
20251208,需求侧,1,人民网,新型电力系统,202512
20251208,抽水蓄能,3,人民网,新型电力系统,202512
20251208,电化学储能,0,人民网,新型电力系统,202512
20251209,新闻数量,7,人民网,新型电力系统,202512
20251209,多能互补,0,人民网,新型电力系统,202512
20251209,碳中和,0,人民网,新型电力系统,202512
20251209,碳达峰,0,人民网,新型电力系统,202512
20251209,柔性输电,0,人民网,新型电力系统,202512
20251209,综合能源,0,人民网,新型电力系统,202512
20251209,氢能,0,人民网,新型电力系统,202512
20251209,电动汽车,0,人民网,新型电力系统,202512
20251209,分布式交易,0,人民网,新型电力系统,202512
20251209,微网,0,人民网,新型电力系统,202512
20251209,新型电力系统,8,人民网,新型电力系统,202512
20251209,储能,2,人民网,新型电力系统,202512
20251209,CCHP,0,人民网,新型电力系统,202512
20251209,燃料电池,0,人民网,新型电力系统,202512
20251209,能源物联网,0,人民网,新型电力系统,202512
20251209,能源大数据,0,人民网,新型电力系统,202512
20251209,电力交易,4,人民网,新型电力系统,202512
20251209,能效,0,人民网,新型电力系统,202512
20251209,节能,3,人民网,新型电力系统,202512
20251209,区块链,0,人民网,新型电力系统,202512
20251209,虚拟电厂,0,人民网,新型电力系统,202512
20251209,能量路由器,0,人民网,新型电力系统,202512
20251209,多能流,0,人民网,新型电力系统,202512
20251209,需求侧,0,人民网,新型电力系统,202512
20251209,抽水蓄能,0,人民网,新型电力系统,202512
20251209,电化学储能,0,人民网,新型电力系统,202512
20251210,新闻数量,4,人民网,新型电力系统,202512
20251210,多能互补,1,人民网,新型电力系统,202512
20251210,碳中和,1,人民网,新型电力系统,202512
20251210,碳达峰,2,人民网,新型电力系统,202512
20251210,柔性输电,0,人民网,新型电力系统,202512
20251210,综合能源,0,人民网,新型电力系统,202512
20251210,氢能,2,人民网,新型电力系统,202512
20251210,电动汽车,0,人民网,新型电力系统,202512
20251210,分布式交易,0,人民网,新型电力系统,202512
20251210,微网,0,人民网,新型电力系统,202512
20251210,新型电力系统,4,人民网,新型电力系统,202512
20251210,储能,2,人民网,新型电力系统,202512
20251210,CCHP,0,人民网,新型电力系统,202512
20251210,燃料电池,0,人民网,新型电力系统,202512
20251210,能源物联网,0,人民网,新型电力系统,202512
20251210,能源大数据,0,人民网,新型电力系统,202512
20251210,电力交易,0,人民网,新型电力系统,202512
20251210,能效,0,人民网,新型电力系统,202512
20251210,节能,1,人民网,新型电力系统,202512
20251210,区块链,0,人民网,新型电力系统,202512
20251210,虚拟电厂,0,人民网,新型电力系统,202512
20251210,能量路由器,0,人民网,新型电力系统,202512
20251210,多能流,0,人民网,新型电力系统,202512
20251210,需求侧,0,人民网,新型电力系统,202512
20251210,抽水蓄能,1,人民网,新型电力系统,202512
20251210,电化学储能,0,人民网,新型电力系统,202512
20251211,新闻数量,7,人民网,新型电力系统,202512
20251211,多能互补,1,人民网,新型电力系统,202512
20251211,碳中和,0,人民网,新型电力系统,202512
20251211,碳达峰,0,人民网,新型电力系统,202512
20251211,柔性输电,0,人民网,新型电力系统,202512
20251211,综合能源,1,人民网,新型电力系统,202512
20251211,氢能,0,人民网,新型电力系统,202512
20251211,电动汽车,2,人民网,新型电力系统,202512
20251211,分布式交易,0,人民网,新型电力系统,202512
20251211,微网,0,人民网,新型电力系统,202512
20251211,新型电力系统,7,人民网,新型电力系统,202512
20251211,储能,3,人民网,新型电力系统,202512
20251211,CCHP,0,人民网,新型电力系统,202512
20251211,燃料电池,0,人民网,新型电力系统,202512
20251211,能源物联网,0,人民网,新型电力系统,202512
20251211,能源大数据,0,人民网,新型电力系统,202512
20251211,电力交易,0,人民网,新型电力系统,202512
20251211,能效,0,人民网,新型电力系统,202512
20251211,节能,1,人民网,新型电力系统,202512
20251211,区块链,0,人民网,新型电力系统,202512
20251211,虚拟电厂,0,人民网,新型电力系统,202512
20251211,能量路由器,0,人民网,新型电力系统,202512
20251211,多能流,0,人民网,新型电力系统,202512
20251211,需求侧,0,人民网,新型电力系统,202512
20251211,抽水蓄能,0,人民网,新型电力系统,202512
20251211,电化学储能,0,人民网,新型电力系统,202512
20251212,新闻数量,15,人民网,新型电力系统,202512
20251212,多能互补,0,人民网,新型电力系统,202512
20251212,碳中和,24,人民网,新型电力系统,202512
20251212,碳达峰,49,人民网,新型电力系统,202512
20251212,柔性输电,0,人民网,新型电力系统,202512
20251212,综合能源,0,人民网,新型电力系统,202512
20251212,氢能,14,人民网,新型电力系统,202512
20251212,电动汽车,7,人民网,新型电力系统,202512
20251212,分布式交易,0,人民网,新型电力系统,202512
20251212,微网,7,人民网,新型电力系统,202512
20251212,新型电力系统,16,人民网,新型电力系统,202512
20251212,储能,6,人民网,新型电力系统,202512
20251212,CCHP,0,人民网,新型电力系统,202512
20251212,燃料电池,0,人民网,新型电力系统,202512
20251212,能源物联网,0,人民网,新型电力系统,202512
20251212,能源大数据,0,人民网,新型电力系统,202512
20251212,电力交易,0,人民网,新型电力系统,202512
20251212,能效,7,人民网,新型电力系统,202512
20251212,节能,33,人民网,新型电力系统,202512
20251212,区块链,0,人民网,新型电力系统,202512
20251212,虚拟电厂,1,人民网,新型电力系统,202512
20251212,能量路由器,0,人民网,新型电力系统,202512
20251212,多能流,0,人民网,新型电力系统,202512
20251212,需求侧,3,人民网,新型电力系统,202512
20251212,抽水蓄能,0,人民网,新型电力系统,202512
20251212,电化学储能,0,人民网,新型电力系统,202512
20251213,新闻数量,1,人民网,新型电力系统,202512
20251213,多能互补,0,人民网,新型电力系统,202512
20251213,碳中和,0,人民网,新型电力系统,202512
20251213,碳达峰,0,人民网,新型电力系统,202512
20251213,柔性输电,0,人民网,新型电力系统,202512
20251213,综合能源,0,人民网,新型电力系统,202512
20251213,氢能,0,人民网,新型电力系统,202512
20251213,电动汽车,0,人民网,新型电力系统,202512
20251213,分布式交易,0,人民网,新型电力系统,202512
20251213,微网,0,人民网,新型电力系统,202512
20251213,新型电力系统,1,人民网,新型电力系统,202512
20251213,储能,0,人民网,新型电力系统,202512
20251213,CCHP,0,人民网,新型电力系统,202512
20251213,燃料电池,0,人民网,新型电力系统,202512
20251213,能源物联网,0,人民网,新型电力系统,202512
20251213,能源大数据,0,人民网,新型电力系统,202512
20251213,电力交易,0,人民网,新型电力系统,202512
20251213,能效,0,人民网,新型电力系统,202512
20251213,节能,0,人民网,新型电力系统,202512
20251213,区块链,0,人民网,新型电力系统,202512
20251213,虚拟电厂,0,人民网,新型电力系统,202512
20251213,能量路由器,0,人民网,新型电力系统,202512
20251213,多能流,0,人民网,新型电力系统,202512
20251213,需求侧,0,人民网,新型电力系统,202512
20251213,抽水蓄能,0,人民网,新型电力系统,202512
20251213,电化学储能,0,人民网,新型电力系统,202512
20251214,新闻数量,2,人民网,新型电力系统,202512
20251214,多能互补,0,人民网,新型电力系统,202512
20251214,碳中和,0,人民网,新型电力系统,202512
20251214,碳达峰,0,人民网,新型电力系统,202512
20251214,柔性输电,0,人民网,新型电力系统,202512
20251214,综合能源,0,人民网,新型电力系统,202512
20251214,氢能,0,人民网,新型电力系统,202512
20251214,电动汽车,0,人民网,新型电力系统,202512
20251214,分布式交易,0,人民网,新型电力系统,202512
20251214,微网,0,人民网,新型电力系统,202512
20251214,新型电力系统,2,人民网,新型电力系统,202512
20251214,储能,8,人民网,新型电力系统,202512
20251214,CCHP,0,人民网,新型电力系统,202512
20251214,燃料电池,0,人民网,新型电力系统,202512
20251214,能源物联网,0,人民网,新型电力系统,202512
20251214,能源大数据,0,人民网,新型电力系统,202512
20251214,电力交易,0,人民网,新型电力系统,202512
20251214,能效,0,人民网,新型电力系统,202512
20251214,节能,0,人民网,新型电力系统,202512
20251214,区块链,0,人民网,新型电力系统,202512
20251214,虚拟电厂,0,人民网,新型电力系统,202512
20251214,能量路由器,0,人民网,新型电力系统,202512
20251214,多能流,0,人民网,新型电力系统,202512
20251214,需求侧,0,人民网,新型电力系统,202512
20251214,抽水蓄能,0,人民网,新型电力系统,202512
20251214,电化学储能,0,人民网,新型电力系统,202512
20251215,新闻数量,17,人民网,新型电力系统,202512
20251215,多能互补,1,人民网,新型电力系统,202512
20251215,碳中和,3,人民网,新型电力系统,202512
20251215,碳达峰,8,人民网,新型电力系统,202512
20251215,柔性输电,0,人民网,新型电力系统,202512
20251215,综合能源,1,人民网,新型电力系统,202512
20251215,氢能,6,人民网,新型电力系统,202512
20251215,电动汽车,0,人民网,新型电力系统,202512
20251215,分布式交易,0,人民网,新型电力系统,202512
20251215,微网,0,人民网,新型电力系统,202512
20251215,新型电力系统,24,人民网,新型电力系统,202512
20251215,储能,9,人民网,新型电力系统,202512
20251215,CCHP,0,人民网,新型电力系统,202512
20251215,燃料电池,0,人民网,新型电力系统,202512
20251215,能源物联网,0,人民网,新型电力系统,202512
20251215,能源大数据,0,人民网,新型电力系统,202512
20251215,电力交易,1,人民网,新型电力系统,202512
20251215,能效,1,人民网,新型电力系统,202512
20251215,节能,12,人民网,新型电力系统,202512
20251215,区块链,2,人民网,新型电力系统,202512
20251215,虚拟电厂,7,人民网,新型电力系统,202512
20251215,能量路由器,0,人民网,新型电力系统,202512
20251215,多能流,0,人民网,新型电力系统,202512
20251215,需求侧,3,人民网,新型电力系统,202512
20251215,抽水蓄能,2,人民网,新型电力系统,202512
20251215,电化学储能,0,人民网,新型电力系统,202512
20251216,新闻数量,10,人民网,新型电力系统,202512
20251216,多能互补,0,人民网,新型电力系统,202512
20251216,碳中和,4,人民网,新型电力系统,202512
20251216,碳达峰,4,人民网,新型电力系统,202512
20251216,柔性输电,0,人民网,新型电力系统,202512
20251216,综合能源,0,人民网,新型电力系统,202512
20251216,氢能,1,人民网,新型电力系统,202512
20251216,电动汽车,8,人民网,新型电力系统,202512
20251216,分布式交易,0,人民网,新型电力系统,202512
20251216,微网,0,人民网,新型电力系统,202512
20251216,新型电力系统,11,人民网,新型电力系统,202512
20251216,储能,36,人民网,新型电力系统,202512
20251216,CCHP,0,人民网,新型电力系统,202512
20251216,燃料电池,0,人民网,新型电力系统,202512
20251216,能源物联网,0,人民网,新型电力系统,202512
20251216,能源大数据,0,人民网,新型电力系统,202512
20251216,电力交易,4,人民网,新型电力系统,202512
20251216,能效,2,人民网,新型电力系统,202512
20251216,节能,4,人民网,新型电力系统,202512
20251216,区块链,2,人民网,新型电力系统,202512
20251216,虚拟电厂,0,人民网,新型电力系统,202512
20251216,能量路由器,0,人民网,新型电力系统,202512
20251216,多能流,0,人民网,新型电力系统,202512
20251216,需求侧,2,人民网,新型电力系统,202512
20251216,抽水蓄能,0,人民网,新型电力系统,202512
20251216,电化学储能,0,人民网,新型电力系统,202512
20251217,新闻数量,3,人民网,新型电力系统,202512
20251217,多能互补,0,人民网,新型电力系统,202512
20251217,碳中和,0,人民网,新型电力系统,202512
20251217,碳达峰,0,人民网,新型电力系统,202512
20251217,柔性输电,0,人民网,新型电力系统,202512
20251217,综合能源,0,人民网,新型电力系统,202512
20251217,氢能,0,人民网,新型电力系统,202512
20251217,电动汽车,0,人民网,新型电力系统,202512
20251217,分布式交易,0,人民网,新型电力系统,202512
20251217,微网,0,人民网,新型电力系统,202512
20251217,新型电力系统,3,人民网,新型电力系统,202512
20251217,储能,0,人民网,新型电力系统,202512
20251217,CCHP,0,人民网,新型电力系统,202512
20251217,燃料电池,0,人民网,新型电力系统,202512
20251217,能源物联网,0,人民网,新型电力系统,202512
20251217,能源大数据,0,人民网,新型电力系统,202512
20251217,电力交易,0,人民网,新型电力系统,202512
20251217,能效,0,人民网,新型电力系统,202512
20251217,节能,0,人民网,新型电力系统,202512
20251217,区块链,0,人民网,新型电力系统,202512
20251217,虚拟电厂,0,人民网,新型电力系统,202512
20251217,能量路由器,0,人民网,新型电力系统,202512
20251217,多能流,0,人民网,新型电力系统,202512
20251217,需求侧,0,人民网,新型电力系统,202512
20251217,抽水蓄能,0,人民网,新型电力系统,202512
20251217,电化学储能,0,人民网,新型电力系统,202512
20251218,新闻数量,6,人民网,新型电力系统,202512
20251218,多能互补,0,人民网,新型电力系统,202512
20251218,碳中和,0,人民网,新型电力系统,202512
20251218,碳达峰,0,人民网,新型电力系统,202512
20251218,柔性输电,0,人民网,新型电力系统,202512
20251218,综合能源,1,人民网,新型电力系统,202512
20251218,氢能,1,人民网,新型电力系统,202512
20251218,电动汽车,0,人民网,新型电力系统,202512
20251218,分布式交易,0,人民网,新型电力系统,202512
20251218,微网,0,人民网,新型电力系统,202512
20251218,新型电力系统,7,人民网,新型电力系统,202512
20251218,储能,3,人民网,新型电力系统,202512
20251218,CCHP,0,人民网,新型电力系统,202512
20251218,燃料电池,0,人民网,新型电力系统,202512
20251218,能源物联网,0,人民网,新型电力系统,202512
20251218,能源大数据,0,人民网,新型电力系统,202512
20251218,电力交易,0,人民网,新型电力系统,202512
20251218,能效,3,人民网,新型电力系统,202512
20251218,节能,17,人民网,新型电力系统,202512
20251218,区块链,0,人民网,新型电力系统,202512
20251218,虚拟电厂,0,人民网,新型电力系统,202512
20251218,能量路由器,0,人民网,新型电力系统,202512
20251218,多能流,0,人民网,新型电力系统,202512
20251218,需求侧,0,人民网,新型电力系统,202512
20251218,抽水蓄能,3,人民网,新型电力系统,202512
20251218,电化学储能,0,人民网,新型电力系统,202512
20251219,新闻数量,12,人民网,新型电力系统,202512
20251219,多能互补,6,人民网,新型电力系统,202512
20251219,碳中和,12,人民网,新型电力系统,202512
20251219,碳达峰,28,人民网,新型电力系统,202512
20251219,柔性输电,0,人民网,新型电力系统,202512
20251219,综合能源,1,人民网,新型电力系统,202512
20251219,氢能,3,人民网,新型电力系统,202512
20251219,电动汽车,0,人民网,新型电力系统,202512
20251219,分布式交易,0,人民网,新型电力系统,202512
20251219,微网,0,人民网,新型电力系统,202512
20251219,新型电力系统,20,人民网,新型电力系统,202512
20251219,储能,36,人民网,新型电力系统,202512
20251219,CCHP,0,人民网,新型电力系统,202512
20251219,燃料电池,1,人民网,新型电力系统,202512
20251219,能源物联网,0,人民网,新型电力系统,202512
20251219,能源大数据,1,人民网,新型电力系统,202512
20251219,电力交易,0,人民网,新型电力系统,202512
20251219,能效,0,人民网,新型电力系统,202512
20251219,节能,8,人民网,新型电力系统,202512
20251219,区块链,0,人民网,新型电力系统,202512
20251219,虚拟电厂,2,人民网,新型电力系统,202512
20251219,能量路由器,0,人民网,新型电力系统,202512
20251219,多能流,0,人民网,新型电力系统,202512
20251219,需求侧,0,人民网,新型电力系统,202512
20251219,抽水蓄能,12,人民网,新型电力系统,202512
20251219,电化学储能,5,人民网,新型电力系统,202512
20251222,新闻数量,8,人民网,新型电力系统,202512
20251222,多能互补,0,人民网,新型电力系统,202512
20251222,碳中和,0,人民网,新型电力系统,202512
20251222,碳达峰,0,人民网,新型电力系统,202512
20251222,柔性输电,0,人民网,新型电力系统,202512
20251222,综合能源,2,人民网,新型电力系统,202512
20251222,氢能,0,人民网,新型电力系统,202512
20251222,电动汽车,0,人民网,新型电力系统,202512
20251222,分布式交易,0,人民网,新型电力系统,202512
20251222,微网,0,人民网,新型电力系统,202512
20251222,新型电力系统,19,人民网,新型电力系统,202512
20251222,储能,5,人民网,新型电力系统,202512
20251222,CCHP,0,人民网,新型电力系统,202512
20251222,燃料电池,0,人民网,新型电力系统,202512
20251222,能源物联网,0,人民网,新型电力系统,202512
20251222,能源大数据,0,人民网,新型电力系统,202512
20251222,电力交易,5,人民网,新型电力系统,202512
20251222,能效,0,人民网,新型电力系统,202512
20251222,节能,1,人民网,新型电力系统,202512
20251222,区块链,0,人民网,新型电力系统,202512
20251222,虚拟电厂,0,人民网,新型电力系统,202512
20251222,能量路由器,0,人民网,新型电力系统,202512
20251222,多能流,0,人民网,新型电力系统,202512
20251222,需求侧,0,人民网,新型电力系统,202512
20251222,抽水蓄能,0,人民网,新型电力系统,202512
20251222,电化学储能,0,人民网,新型电力系统,202512
20251223,新闻数量,6,人民网,新型电力系统,202512
20251223,多能互补,2,人民网,新型电力系统,202512
20251223,碳中和,0,人民网,新型电力系统,202512
20251223,碳达峰,0,人民网,新型电力系统,202512
20251223,柔性输电,0,人民网,新型电力系统,202512
20251223,综合能源,1,人民网,新型电力系统,202512
20251223,氢能,1,人民网,新型电力系统,202512
20251223,电动汽车,0,人民网,新型电力系统,202512
20251223,分布式交易,0,人民网,新型电力系统,202512
20251223,微网,0,人民网,新型电力系统,202512
20251223,新型电力系统,6,人民网,新型电力系统,202512
20251223,储能,5,人民网,新型电力系统,202512
20251223,CCHP,0,人民网,新型电力系统,202512
20251223,燃料电池,0,人民网,新型电力系统,202512
20251223,能源物联网,0,人民网,新型电力系统,202512
20251223,能源大数据,0,人民网,新型电力系统,202512
20251223,电力交易,3,人民网,新型电力系统,202512
20251223,能效,0,人民网,新型电力系统,202512
20251223,节能,2,人民网,新型电力系统,202512
20251223,区块链,0,人民网,新型电力系统,202512
20251223,虚拟电厂,1,人民网,新型电力系统,202512
20251223,能量路由器,0,人民网,新型电力系统,202512
20251223,多能流,0,人民网,新型电力系统,202512
20251223,需求侧,0,人民网,新型电力系统,202512
20251223,抽水蓄能,0,人民网,新型电力系统,202512
20251223,电化学储能,0,人民网,新型电力系统,202512
20251224,新闻数量,8,人民网,新型电力系统,202512
20251224,多能互补,0,人民网,新型电力系统,202512
20251224,碳中和,0,人民网,新型电力系统,202512
20251224,碳达峰,1,人民网,新型电力系统,202512
20251224,柔性输电,0,人民网,新型电力系统,202512
20251224,综合能源,0,人民网,新型电力系统,202512
20251224,氢能,0,人民网,新型电力系统,202512
20251224,电动汽车,0,人民网,新型电力系统,202512
20251224,分布式交易,0,人民网,新型电力系统,202512
20251224,微网,0,人民网,新型电力系统,202512
20251224,新型电力系统,15,人民网,新型电力系统,202512
20251224,储能,6,人民网,新型电力系统,202512
20251224,CCHP,0,人民网,新型电力系统,202512
20251224,燃料电池,0,人民网,新型电力系统,202512
20251224,能源物联网,0,人民网,新型电力系统,202512
20251224,能源大数据,0,人民网,新型电力系统,202512
20251224,电力交易,0,人民网,新型电力系统,202512
20251224,能效,0,人民网,新型电力系统,202512
20251224,节能,1,人民网,新型电力系统,202512
20251224,区块链,0,人民网,新型电力系统,202512
20251224,虚拟电厂,0,人民网,新型电力系统,202512
20251224,能量路由器,0,人民网,新型电力系统,202512
20251224,多能流,0,人民网,新型电力系统,202512
20251224,需求侧,0,人民网,新型电力系统,202512
20251224,抽水蓄能,1,人民网,新型电力系统,202512
20251224,电化学储能,0,人民网,新型电力系统,202512
20251225,新闻数量,10,人民网,新型电力系统,202512
20251225,多能互补,0,人民网,新型电力系统,202512
20251225,碳中和,0,人民网,新型电力系统,202512
20251225,碳达峰,1,人民网,新型电力系统,202512
20251225,柔性输电,0,人民网,新型电力系统,202512
20251225,综合能源,0,人民网,新型电力系统,202512
20251225,氢能,0,人民网,新型电力系统,202512
20251225,电动汽车,1,人民网,新型电力系统,202512
20251225,分布式交易,0,人民网,新型电力系统,202512
20251225,微网,0,人民网,新型电力系统,202512
20251225,新型电力系统,15,人民网,新型电力系统,202512
20251225,储能,13,人民网,新型电力系统,202512
20251225,CCHP,0,人民网,新型电力系统,202512
20251225,燃料电池,0,人民网,新型电力系统,202512
20251225,能源物联网,0,人民网,新型电力系统,202512
20251225,能源大数据,2,人民网,新型电力系统,202512
20251225,电力交易,0,人民网,新型电力系统,202512
20251225,能效,0,人民网,新型电力系统,202512
20251225,节能,0,人民网,新型电力系统,202512
20251225,区块链,0,人民网,新型电力系统,202512
20251225,虚拟电厂,3,人民网,新型电力系统,202512
20251225,能量路由器,1,人民网,新型电力系统,202512
20251225,多能流,0,人民网,新型电力系统,202512
20251225,需求侧,0,人民网,新型电力系统,202512
20251225,抽水蓄能,20,人民网,新型电力系统,202512
20251225,电化学储能,0,人民网,新型电力系统,202512
20251226,新闻数量,7,人民网,新型电力系统,202512
20251226,多能互补,0,人民网,新型电力系统,202512
20251226,碳中和,0,人民网,新型电力系统,202512
20251226,碳达峰,1,人民网,新型电力系统,202512
20251226,柔性输电,0,人民网,新型电力系统,202512
20251226,综合能源,0,人民网,新型电力系统,202512
20251226,氢能,0,人民网,新型电力系统,202512
20251226,电动汽车,0,人民网,新型电力系统,202512
20251226,分布式交易,0,人民网,新型电力系统,202512
20251226,微网,0,人民网,新型电力系统,202512
20251226,新型电力系统,12,人民网,新型电力系统,202512
20251226,储能,17,人民网,新型电力系统,202512
20251226,CCHP,0,人民网,新型电力系统,202512
20251226,燃料电池,0,人民网,新型电力系统,202512
20251226,能源物联网,0,人民网,新型电力系统,202512
20251226,能源大数据,0,人民网,新型电力系统,202512
20251226,电力交易,0,人民网,新型电力系统,202512
20251226,能效,1,人民网,新型电力系统,202512
20251226,节能,4,人民网,新型电力系统,202512
20251226,区块链,0,人民网,新型电力系统,202512
20251226,虚拟电厂,0,人民网,新型电力系统,202512
20251226,能量路由器,0,人民网,新型电力系统,202512
20251226,多能流,0,人民网,新型电力系统,202512
20251226,需求侧,0,人民网,新型电力系统,202512
20251226,抽水蓄能,0,人民网,新型电力系统,202512
20251226,电化学储能,0,人民网,新型电力系统,202512
20251227,新闻数量,5,人民网,新型电力系统,202512
20251227,多能互补,0,人民网,新型电力系统,202512
20251227,碳中和,1,人民网,新型电力系统,202512
20251227,碳达峰,1,人民网,新型电力系统,202512
20251227,柔性输电,0,人民网,新型电力系统,202512
20251227,综合能源,0,人民网,新型电力系统,202512
20251227,氢能,0,人民网,新型电力系统,202512
20251227,电动汽车,0,人民网,新型电力系统,202512
20251227,分布式交易,0,人民网,新型电力系统,202512
20251227,微网,0,人民网,新型电力系统,202512
20251227,新型电力系统,5,人民网,新型电力系统,202512
20251227,储能,2,人民网,新型电力系统,202512
20251227,CCHP,0,人民网,新型电力系统,202512
20251227,燃料电池,0,人民网,新型电力系统,202512
20251227,能源物联网,0,人民网,新型电力系统,202512
20251227,能源大数据,0,人民网,新型电力系统,202512
20251227,电力交易,0,人民网,新型电力系统,202512
20251227,能效,1,人民网,新型电力系统,202512
20251227,节能,3,人民网,新型电力系统,202512
20251227,区块链,0,人民网,新型电力系统,202512
20251227,虚拟电厂,0,人民网,新型电力系统,202512
20251227,能量路由器,0,人民网,新型电力系统,202512
20251227,多能流,0,人民网,新型电力系统,202512
20251227,需求侧,0,人民网,新型电力系统,202512
20251227,抽水蓄能,3,人民网,新型电力系统,202512
20251227,电化学储能,0,人民网,新型电力系统,202512
20251228,新闻数量,2,人民网,新型电力系统,202512
20251228,多能互补,0,人民网,新型电力系统,202512
20251228,碳中和,0,人民网,新型电力系统,202512
20251228,碳达峰,0,人民网,新型电力系统,202512
20251228,柔性输电,0,人民网,新型电力系统,202512
20251228,综合能源,0,人民网,新型电力系统,202512
20251228,氢能,4,人民网,新型电力系统,202512
20251228,电动汽车,0,人民网,新型电力系统,202512
20251228,分布式交易,0,人民网,新型电力系统,202512
20251228,微网,0,人民网,新型电力系统,202512
20251228,新型电力系统,2,人民网,新型电力系统,202512
20251228,储能,9,人民网,新型电力系统,202512
20251228,CCHP,0,人民网,新型电力系统,202512
20251228,燃料电池,0,人民网,新型电力系统,202512
20251228,能源物联网,0,人民网,新型电力系统,202512
20251228,能源大数据,0,人民网,新型电力系统,202512
20251228,电力交易,2,人民网,新型电力系统,202512
20251228,能效,0,人民网,新型电力系统,202512
20251228,节能,1,人民网,新型电力系统,202512
20251228,区块链,0,人民网,新型电力系统,202512
20251228,虚拟电厂,1,人民网,新型电力系统,202512
20251228,能量路由器,0,人民网,新型电力系统,202512
20251228,多能流,0,人民网,新型电力系统,202512
20251228,需求侧,0,人民网,新型电力系统,202512
20251228,抽水蓄能,8,人民网,新型电力系统,202512
20251228,电化学储能,0,人民网,新型电力系统,202512
20251229,新闻数量,5,人民网,新型电力系统,202512
20251229,多能互补,1,人民网,新型电力系统,202512
20251229,碳中和,0,人民网,新型电力系统,202512
20251229,碳达峰,1,人民网,新型电力系统,202512
20251229,柔性输电,0,人民网,新型电力系统,202512
20251229,综合能源,0,人民网,新型电力系统,202512
20251229,氢能,13,人民网,新型电力系统,202512
20251229,电动汽车,0,人民网,新型电力系统,202512
20251229,分布式交易,0,人民网,新型电力系统,202512
20251229,微网,0,人民网,新型电力系统,202512
20251229,新型电力系统,5,人民网,新型电力系统,202512
20251229,储能,16,人民网,新型电力系统,202512
20251229,CCHP,0,人民网,新型电力系统,202512
20251229,燃料电池,1,人民网,新型电力系统,202512
20251229,能源物联网,0,人民网,新型电力系统,202512
20251229,能源大数据,0,人民网,新型电力系统,202512
20251229,电力交易,0,人民网,新型电力系统,202512
20251229,能效,0,人民网,新型电力系统,202512
20251229,节能,2,人民网,新型电力系统,202512
20251229,区块链,0,人民网,新型电力系统,202512
20251229,虚拟电厂,1,人民网,新型电力系统,202512
20251229,能量路由器,0,人民网,新型电力系统,202512
20251229,多能流,0,人民网,新型电力系统,202512
20251229,需求侧,0,人民网,新型电力系统,202512
20251229,抽水蓄能,0,人民网,新型电力系统,202512
20251229,电化学储能,0,人民网,新型电力系统,202512
20251230,新闻数量,10,人民网,新型电力系统,202512
20251230,多能互补,1,人民网,新型电力系统,202512
20251230,碳中和,6,人民网,新型电力系统,202512
20251230,碳达峰,2,人民网,新型电力系统,202512
20251230,柔性输电,0,人民网,新型电力系统,202512
20251230,综合能源,2,人民网,新型电力系统,202512
20251230,氢能,66,人民网,新型电力系统,202512
20251230,电动汽车,0,人民网,新型电力系统,202512
20251230,分布式交易,0,人民网,新型电力系统,202512
20251230,微网,0,人民网,新型电力系统,202512
20251230,新型电力系统,12,人民网,新型电力系统,202512
20251230,储能,11,人民网,新型电力系统,202512
20251230,CCHP,0,人民网,新型电力系统,202512
20251230,燃料电池,0,人民网,新型电力系统,202512
20251230,能源物联网,0,人民网,新型电力系统,202512
20251230,能源大数据,0,人民网,新型电力系统,202512
20251230,电力交易,0,人民网,新型电力系统,202512
20251230,能效,0,人民网,新型电力系统,202512
20251230,节能,4,人民网,新型电力系统,202512
20251230,区块链,0,人民网,新型电力系统,202512
20251230,虚拟电厂,0,人民网,新型电力系统,202512
20251230,能量路由器,0,人民网,新型电力系统,202512
20251230,多能流,0,人民网,新型电力系统,202512
20251230,需求侧,0,人民网,新型电力系统,202512
20251230,抽水蓄能,0,人民网,新型电力系统,202512
20251230,电化学储能,0,人民网,新型电力系统,202512
20251231,新闻数量,9,人民网,新型电力系统,202512
20251231,多能互补,0,人民网,新型电力系统,202512
20251231,碳中和,0,人民网,新型电力系统,202512
20251231,碳达峰,1,人民网,新型电力系统,202512
20251231,柔性输电,0,人民网,新型电力系统,202512
20251231,综合能源,0,人民网,新型电力系统,202512
20251231,氢能,1,人民网,新型电力系统,202512
20251231,电动汽车,0,人民网,新型电力系统,202512
20251231,分布式交易,0,人民网,新型电力系统,202512
20251231,微网,2,人民网,新型电力系统,202512
20251231,新型电力系统,13,人民网,新型电力系统,202512
20251231,储能,12,人民网,新型电力系统,202512
20251231,CCHP,0,人民网,新型电力系统,202512
20251231,燃料电池,0,人民网,新型电力系统,202512
20251231,能源物联网,0,人民网,新型电力系统,202512
20251231,能源大数据,0,人民网,新型电力系统,202512
20251231,电力交易,0,人民网,新型电力系统,202512
20251231,能效,0,人民网,新型电力系统,202512
20251231,节能,6,人民网,新型电力系统,202512
20251231,区块链,0,人民网,新型电力系统,202512
20251231,虚拟电厂,9,人民网,新型电力系统,202512
20251231,能量路由器,0,人民网,新型电力系统,202512
20251231,多能流,0,人民网,新型电力系统,202512
20251231,需求侧,0,人民网,新型电力系统,202512
20251231,抽水蓄能,0,人民网,新型电力系统,202512
20251231,电化学储能,0,人民网,新型电力系统,202512
